seller_id,order_count,late_rate,avg_delay_days,bad_review_rate,cx_exposure,risk_segment,cx_risk_score
0015a82c2db000af6aaaf3ae2ecb0532,3,0.0,-16.333333333333332,0.3333333333333333,0.0,High rate monitoring,0.08226048224997312
001cca7ae9ae17fb1caed9dfb1094831,195,0.0615384615384615,-12.882051282051282,0.1384615384615384,1.6615384615384616,High volume high risk,0.4620420440846928
002100f778ceb8431b7a1020ff7ab48f,50,0.18,-8.18,0.14,1.2600000000000002,High volume high risk,0.5262931066867017
003554e2dce176b5555353e4f3555ac8,1,0.0,-27.0,0.0,0.0,High rate monitoring,0.005604665660905671
004c9cd9d87a3c30c522c48c4fc07416,156,0.0641025641025641,-11.724358974358974,0.1282051282051282,1.282051282051282,High volume high risk,0.449158149017296
00720abe85ba0859807595bbf045a33b,13,0.1538461538461538,-7.769230769230769,0.2307692307692307,0.4615384615384615,High volume high risk,0.4811947245556953
00ab3eff1b5192e5f1a63bcecfee11c8,1,0.0,-10.0,0.0,0.0,High rate monitoring,0.005604665660905671
00d8b143d12632bad99c0ad66ad52825,1,0.0,-22.0,0.0,0.0,High rate monitoring,0.005604665660905671
00ee68308b45bc5e2660cd833c3f81cc,135,0.074074074074074,-10.792592592592593,0.1111111111111111,1.1111111111111112,High volume high risk,0.4292767372623169
00fc707aaaad2d31347cf883cd2dfe10,103,0.0388349514563106,-15.533980582524272,0.1553398058252427,0.6213592233009707,High volume high risk,0.42806021648996856
010543a62bd80aa422851e79a3bc7540,2,0.0,-8.5,0.0,0.0,High rate monitoring,0.014382177431523306
010da0602d7774602cd1b3f5fb7b709e,1,0.0,-10.0,1.0,0.0,High rate monitoring,0.02548405387010717
011b0eaba87386a2ae96a7d32bb531d1,1,0.0,-30.0,0.0,0.0,High rate monitoring,0.005604665660905671
01266d4c46afa519678d16a8b683d325,3,0.0,-9.333333333333334,0.0,0.0,High rate monitoring,0.01976766622300808
013900e863eace745d3ec7614cab5b1a,23,0.0,-15.478260869565217,0.0434782608695652,0.0,High volume high risk,0.09773788007709575
014c0679dd340a0e338872e7ec85666a,14,0.1428571428571428,-11.071428571428571,0.1428571428571428,0.2857142857142857,High volume high risk,0.4019038580289856
014d9a685fd57276679edd00e07089e5,11,0.0,-12.909090909090908,0.1818181818181818,0.0,High volume high risk,0.13595678291872842
0176f73cc1195f367f7b32db1e5b3aa8,37,0.1081081081081081,-8.945945945945946,0.1621621621621621,0.6486486486486487,High volume high risk,0.4895244345929565
01bcc9d254a0143f0ce9791b960b2a47,10,0.0,-18.3,0.0,0.0,High volume high risk,0.036821714062709884
01c97ebb5cdac52891c0ed1c37ba0012,9,0.0,-8.222222222222221,0.1111111111111111,0.0,High volume high risk,0.09926878221157719
01cf7e3d21494c41fb86034f2e714fa1,59,0.0508474576271186,-15.152542372881356,0.1186440677966101,0.3559322033898305,High volume high risk,0.3736061040634553
01ed254b9ff8407dfb9d99ba1e17d923,5,0.0,-17.0,0.0,0.0,High rate monitoring,0.026583023162619634
01fd077212124329bac32490e8ef80d9,31,0.032258064516129,-11.258064516129032,0.1612903225806451,0.1612903225806451,High volume high risk,0.3564634551651948
01fdefa7697d26ad920e9e0346d4bd1b,128,0.0546875,-13.7421875,0.0546875,0.3828125,High volume high risk,0.3029478780366785
0241d4d5d36f10f80c644447315af0bd,238,0.0462184873949579,-12.995798319327733,0.1050420168067226,1.1554621848739497,High volume high risk,0.3798654023141321
0249d282d911d23cb8b869ab49c99f53,11,0.1818181818181818,-8.363636363636363,0.1818181818181818,0.3636363636363636,High volume high risk,0.42966188968364194
024b564ae893ce8e9bfa02c10a401ece,2,0.0,-37.0,0.0,0.0,High rate monitoring,0.014382177431523306
028872bfa080090a9d0abd4f1af168f8,1,0.0,-15.0,0.0,0.0,High rate monitoring,0.005604665660905671
02b72cdeb9cfcc429f1af6f4e3f3b737,4,0.0,-9.0,0.0,0.0,High rate monitoring,0.023556294965854933
02c988090b766852e088c69d7fb3b551,12,0.0,-11.083333333333334,0.0833333333333333,0.0,High volume high risk,0.09648199961119279
02d35243ea2e497335cd0f076b45675d,14,0.2857142857142857,-6.142857142857143,0.4285714285714285,1.7142857142857142,High volume high risk,0.5877420032381772
02dcd3e8e25bee036e32512bcf175493,13,0.3076923076923077,-6.3076923076923075,0.2307692307692307,0.9230769230769232,High volume high risk,0.5179123943009091
02ecc2a19303f05e59ce133fd923fff7,21,0.0,-14.952380952380953,0.0476190476190476,0.0,High volume high risk,0.09673165347409332
02f5837340d7eb4f653d676c7256523a,30,0.0333333333333333,-17.333333333333332,0.0333333333333333,0.0333333333333333,High volume high risk,0.21625861164960494
02f623a8eb246f3c5f7c2f96462654e6,44,0.0681818181818181,-10.704545454545457,0.0454545454545454,0.1363636363636363,High volume high risk,0.27773356460225146
0307f7565ff85b299b6e5ef162b1b1a9,6,0.0,-16.666666666666668,0.3333333333333333,0.0,High rate monitoring,0.1215665732933869
0336182e1b3e92f029d5354832045fdf,1,0.0,-42.0,1.0,0.0,High rate monitoring,0.02548405387010717
034b9387752bfa309f350a70cd45ffa3,8,0.0,-15.375,0.0,0.0,High volume high risk,0.03345056507114092
038b75b729c8a9a04b0d07cba7eabe86,2,0.5,-1.5,0.0,0.0,High rate monitoring,0.048994323943215214
039b29ff3b3473435d0cd59040575de9,9,0.0,-10.77777777777778,0.0,0.0,High volume high risk,0.03530834996432753
039e6ad9dae79614493083e241147386,5,0.2,-12.2,0.2,0.2,High rate monitoring,0.31422044751154027
03a2a6dcbe45d639c4dc2a0d24769c40,9,0.1111111111111111,-12.555555555555555,0.1111111111111111,0.1111111111111111,High volume high risk,0.28546355756776465
03bd479e1d9484cdb14104d3023f7321,3,0.0,-5.666666666666667,0.0,0.0,High rate monitoring,0.01976766622300808
0417b067eeab773d2f7061a726dc477f,13,0.2307692307692307,-3.923076923076923,0.2307692307692307,0.6923076923076923,High volume high risk,0.5056731710525044
042573af89b6d931f672efaf789d8358,3,0.3333333333333333,-1.0,0.3333333333333333,0.3333333333333333,High rate monitoring,0.2754296170561858
04308b1ee57b6625f47df1d56f00eedf,92,0.0760869565217391,-11.576086956521738,0.1956521739130435,1.3695652173913044,High volume high risk,0.5425158226332143
0432ead42b6c8a0bdf68154add917fdf,82,0.024390243902439,-13.182926829268292,0.073170731707317,0.1463414634146341,High volume high risk,0.2736757309402108
044668ccd5316b12a7cf0d54a156e3e9,3,0.0,-30.666666666666668,0.0,0.0,High rate monitoring,0.01976766622300808
04843805947f0fc584fc1969b6e50fe7,1,0.0,0.0,0.0,0.0,High rate monitoring,0.005604665660905671
048c2757535328e0d7dac690ad3c0aae,50,0.12,-10.0,0.14,0.8400000000000001,High volume high risk,0.4889045517155021
04aa0a1c5ce6b222003403a3e11c3cc0,11,0.1818181818181818,-11.636363636363637,0.1818181818181818,0.3636363636363636,High volume high risk,0.42966188968364194
04aba03279157f6d4e0fe8ccaf21963c,15,0.0666666666666666,-13.933333333333334,0.0666666666666666,0.0666666666666666,High volume high risk,0.239648386257264
04e38a233f726ef161074ab1c9b0399a,19,0.0526315789473684,-5.578947368421052,0.1052631578947368,0.1052631578947368,High volume high risk,0.2914020712515764
04ee0ec01589969663ba5967c0e0bdc0,1,0.0,-13.0,0.0,0.0,High rate monitoring,0.005604665660905671
04fdea0c111866e6cf812f1570d6b5bd,8,0.125,-10.25,0.25,0.25,High volume high risk,0.3894419844829809
0509040ea3fe50071181bbc359eb7738,87,0.0459770114942528,-10.655172413793103,0.0114942528735632,0.0459770114942528,High volume high risk,0.2617347724868925
052577151711aec5c744fe12e66db3e1,1,0.0,-12.0,0.0,0.0,High rate monitoring,0.005604665660905671
054694fa03fe82cec4b7551487331d74,20,0.3,-0.9,0.3,1.7999999999999998,High volume high risk,0.6118353318581866
056b4ada5bbc2c50cc7842547dda6b51,64,0.109375,-12.453125,0.125,0.875,High volume high risk,0.46942801709118065
0570350b23eda5444f8d1d9544932058,6,0.0,-14.666666666666666,0.0,0.0,High rate monitoring,0.02921314559567034
05730013efda596306417c3b09302475,4,0.0,-11.5,0.0,0.0,High rate monitoring,0.023556294965854933
058cb5aeb36d7c0fcae20fc85d5e0a59,11,0.0909090909090909,-11.090909090909092,0.1818181818181818,0.1818181818181818,High volume high risk,0.3720585149526074
058fd0aa2bfdb2274e05e1ae971dabb6,60,0.0666666666666666,-11.933333333333334,0.1,0.4,High volume high risk,0.36619816681746026
05a48cc8859962767935ab9087417fbb,1,0.0,-18.0,0.0,0.0,High rate monitoring,0.005604665660905671
05a940b4ecae36cadfd8e93bd9c43257,9,0.0,-14.88888888888889,0.1111111111111111,0.0,High volume high risk,0.09926878221157719
05aebce0b5c8f0d41b29b686f2d05fd3,2,0.0,-2.5,0.0,0.0,High rate monitoring,0.014382177431523306
05ca864204d09595ae591b93ea9cf93d,1,0.0,0.0,0.0,0.0,High rate monitoring,0.005604665660905671
05d2173d43ea568aa0540eba70d2ca76,62,0.0483870967741935,-11.64516129032258,0.1129032258064516,0.3387096774193548,High volume high risk,0.3638496005698587
05e107217c7266362fd44b75b2cd4cc4,5,0.2,-5.8,0.0,0.0,High rate monitoring,0.08496541993756564
05f51e13da97139648b8125c31e5f51b,57,0.1578947368421052,-9.842105263157896,0.1403508771929824,1.263157894736842,High volume high risk,0.5257678417798133
05feb94f19d094d4b0f9281f0b1d4c99,6,0.0,-13.333333333333334,0.0,0.0,High rate monitoring,0.02921314559567034
05ff92fedb5be47920fea08e501238b9,57,0.0350877192982456,-17.736842105263158,0.0526315789473684,0.1052631578947368,High volume high risk,0.25251860967026085
062c325cd6a2b87845fab56b4ec2eeae,2,0.0,-9.5,0.0,0.0,High rate monitoring,0.014382177431523306
062ce95fa2ad4dfaedfc79260130565f,54,0.037037037037037,-13.166666666666666,0.0925925925925925,0.1851851851851851,High volume high risk,0.30577869509715466
06532f10282704ef4c69168b914b77be,7,0.0,-12.714285714285714,0.0,0.0,High volume high risk,0.03143622527122511
06579cb253ecd5a3a12a9e6eb6bf8f47,61,0.0655737704918032,-9.901639344262296,0.1475409836065573,0.5901639344262295,High volume high risk,0.4466210074162706
066a6914e1ebf3ea95a216c73a986b91,66,0.0303030303030303,-17.136363636363637,0.1212121212121212,0.2424242424242424,High volume high risk,0.34405204993512306
0691148aee60ca47977c187804f935ae,47,0.0212765957446808,-13.808510638297872,0.1489361702127659,0.1489361702127659,High volume high risk,0.3572117570632008
0692610d8abe24f287e9fae90ea0bbee,4,0.25,-6.25,0.0,0.0,High rate monitoring,0.07698480370102029
06a2c3af7b3aee5d69171b0e14f0ee87,389,0.1902313624678663,-11.367609254498715,0.1593830334190231,11.794344473007712,High volume high risk,0.650968238312795
06bb3a2fe5e7b7a845b13e8fb91bd944,17,0.0,-13.823529411764708,0.0,0.0,High volume high risk,0.043616197014757545
06df0c10d34e459d9672bc77388742eb,26,0.0384615384615384,-13.461538461538462,0.0769230769230769,0.0769230769230769,High volume high risk,0.2511208678974213
06e5eefc71ec47ae763c5c6f8db7064f,90,0.0,-16.733333333333334,0.1333333333333333,0.0,High volume high risk,0.17555948215160713
07017df32dc5f2f1d2801e579548d620,8,0.0,-24.5,0.25,0.0,High volume high risk,0.1314666894107059
070d165398b553f3b4b851c216b8a358,31,0.1290322580645161,-8.419354838709678,0.3225806451612903,1.2903225806451613,High volume high risk,0.6041258381866482
0725b8c0f3f906e58f70cbe76b7c748c,16,0.25,-10.75,0.3125,1.25,High volume high risk,0.5716371203618679
0743a0239d764b9a0f959a57d07e36ab,4,0.0,-7.0,0.0,0.0,High rate monitoring,0.023556294965854933
0747d5bb69f0586cc869d8af4c50f93e,12,0.0833333333333333,-15.583333333333334,0.25,0.25,High volume high risk,0.4143383958049129
0761743cbffb25d7148189e9f1a5f03a,3,0.0,-9.666666666666666,0.0,0.0,High rate monitoring,0.01976766622300808
077c5fae4bea9500e3737b16f71b9d3a,4,0.0,-7.75,0.0,0.0,High rate monitoring,0.023556294965854933
0791d9fc1e30678ecf03d3e55fa108d3,5,0.0,-16.4,0.2,0.0,High rate monitoring,0.09830975284422638
079d295dcbf06ee8bb1b65ba964eb2b6,5,0.0,-11.2,0.0,0.0,High rate monitoring,0.026583023162619634
07a9bc7f61396b658ddf3ac534efe44c,1,0.0,-5.0,0.0,0.0,High rate monitoring,0.005604665660905671
07bf9669d84d1f11be443a9dd938f698,18,0.0,-18.166666666666668,0.2777777777777778,0.0,High volume high risk,0.17809457045275812
07d75e33f2750d97d467fb57e4dfdd8a,2,0.0,-11.5,0.5,0.0,High rate monitoring,0.0629624726501831
07de60b03d150fb3ea09eab5da5e4c8b,9,0.1111111111111111,-12.666666666666666,0.1111111111111111,0.1111111111111111,High volume high risk,0.28546355756776465
07e8e8fc5222bb358e6f259da3197074,2,0.0,-6.5,0.0,0.0,High rate monitoring,0.014382177431523306
080102cd0a76b09e0dcf55fcacc60e05,122,0.040983606557377,-11.86065573770492,0.040983606557377,0.2049180327868852,High volume high risk,0.27197965879017133
080199a181c46c657dc5aa235411be3b,79,0.0126582278481012,-9.632911392405065,0.0126582278481012,0.0126582278481012,High volume high risk,0.22686614011648873
08061dc0fc165ed41288cc7acde738ee,4,0.25,-1.0,0.0,0.0,High rate monitoring,0.07698480370102029
08084d990eb3f53af056ccbc1730c8a7,12,0.0,-15.75,0.0,0.0,High volume high risk,0.03949358447088838
081acf3de680d554796c9cf041be7bc2,4,0.25,-14.0,0.25,0.25,High rate monitoring,0.3025640151663063
082e0bf4cb865a6533b1e8e498cc0255,11,0.1818181818181818,-14.636363636363637,0.3636363636363636,0.7272727272727273,High volume high risk,0.5116848494686994
085f6f7e049c996695fb2074fe38d45e,6,0.0,-13.833333333333334,0.1666666666666666,0.0,High rate monitoring,0.10037627761305193
08633c14ef2db992c11f840f04fad4cd,74,0.054054054054054,-10.891891891891891,0.0675675675675675,0.2702702702702703,High volume high risk,0.3038519672801888
0873d9f8f36123f8d910f4760e788cfb,6,0.3333333333333333,-7.833333333333333,0.3333333333333333,0.6666666666666666,High rate monitoring,0.40703669384385643
0885aaf116795758dfeb5f1032487bcd,27,0.0,-12.0,0.1111111111111111,0.0,High volume high risk,0.13527315577752608
0887a9f087bcd5d9f6642b52f897fc6c,12,0.0833333333333333,-12.416666666666666,0.0,0.0,High volume high risk,0.10542483067361481
08ad4ac1388e4420ca531c3edfc46198,6,0.0,-10.666666666666666,0.5,0.0,High rate monitoring,0.12788966687072748
08cdbae123ff67ca4e36d9d641ce0119,4,0.5,1.25,0.5,1.0,High rate monitoring,0.35130573836003126
08d0949a9a17c027262db1f3c450c26c,12,0.0,-11.75,0.25,0.0,High volume high risk,0.1552168339251517
08d1c9478fb0d7d7fcac9c0da4e82fc7,1,0.0,-13.0,0.0,0.0,High rate monitoring,0.005604665660905671
08d2d642cf72b622b14dde1d2f5eb2f5,16,0.125,-11.5,0.0,0.0,High volume high risk,0.1268539469916356
08f5819815f3d06545011850bd70f0a8,3,0.0,-15.333333333333334,0.0,0.0,High rate monitoring,0.01976766622300808
091065b789659bc3cd9af9cb3a6253ff,2,0.0,-11.0,0.5,0.0,High rate monitoring,0.0629624726501831
0936e1837d0c79253456bbb2ffaaef10,1,0.0,-12.0,0.0,0.0,High rate monitoring,0.005604665660905671
093805f8f2aeb63881444571e1f48f30,22,0.0454545454545454,-10.227272727272728,0.1363636363636363,0.1363636363636363,High volume high risk,0.329902384728831
094ced053e257ae8cae57205592d6712,19,0.0,-15.68421052631579,0.1578947368421052,0.0,High volume high risk,0.1499219097383613
0951a6e282947e09cd47969f4ed0b47f,7,0.0,-7.571428571428571,0.0,0.0,High volume high risk,0.03143622527122511
09883d9ab71c8fe8a9bfc7fc3075b07e,4,0.25,-5.25,0.25,0.25,High rate monitoring,0.3025640151663063
099095b050cfe8eb1ddff5317587e96e,16,0.1875,-9.75,0.375,1.125,High volume high risk,0.5773803137686883
09bad886111255c5b5030314fc7f1a4a,5,0.0,-4.4,0.0,0.0,High rate monitoring,0.026583023162619634
09f952a5f58d2285b0372551ae8f9b01,50,0.06,-11.8,0.18,0.54,High volume high risk,0.46255068244427755
0a198e95d32b1be2da9424c962a6ebfa,1,0.0,-4.0,0.0,0.0,High rate monitoring,0.005604665660905671
0a82f5fb06a4fe4ac2cf7cb412ec71b8,2,0.0,-10.0,0.0,0.0,High rate monitoring,0.014382177431523306
0a85ebe4e328db81ac9109781205e2f7,12,0.0833333333333333,-8.416666666666666,0.0,0.0,High volume high risk,0.10542483067361481
0aa2205ca24f113f4658a5c536667426,4,0.0,-11.25,0.25,0.0,High rate monitoring,0.09258044243368588
0ac4201fda2c68ebc0e47cb9423cf3c9,13,0.0769230769230769,-12.307692307692308,0.1538461538461538,0.1538461538461538,High volume high risk,0.35198019287525456
0ad80de75c811326389cfb1daba7d45e,6,0.0,-12.5,0.0,0.0,High rate monitoring,0.02921314559567034
0adac9fbd9a2b63cccaac4f8756c1ca8,106,0.0566037735849056,-10.91509433962264,0.1226415094339622,0.7358490566037736,High volume high risk,0.4123514354853503
0ade5cc4a305ed7093a23f68ca47519c,2,0.0,-21.0,0.0,0.0,High rate monitoring,0.014382177431523306
0aea4c6ae1505b3228ddf3dd7822ee5b,8,0.25,-6.5,0.125,0.25,High volume high risk,0.326095577001026
0af2ab31141893d26aca5a404a537dab,1,0.0,-6.0,0.0,0.0,High rate monitoring,0.005604665660905671
0af977692321d895349eded183341d28,2,0.0,-8.5,0.0,0.0,High rate monitoring,0.014382177431523306
0afccdb8a34ee5c79f7c06faf2b4d56e,24,0.0833333333333333,-10.375,0.125,0.25,High volume high risk,0.3756415691337298
0b09101900100c0e9d312861fad5a1b9,1,0.0,-61.0,0.0,0.0,High rate monitoring,0.005604665660905671
0b0ddbc7b9d9584f442c7ac92b0ff6c9,3,0.0,-18.0,0.0,0.0,High rate monitoring,0.01976766622300808
0b18d63d0cd1d723567903fd34a07df2,9,0.0,-16.0,0.0,0.0,High volume high risk,0.03530834996432753
0b1ca3ef18a63d7eb0c8897fa0849c08,1,0.0,-6.0,0.0,0.0,High rate monitoring,0.005604665660905671
0b35c634521043bf4b47e21547b99ab5,50,0.16,-12.66,0.34,2.72,High volume high risk,0.6971731780616078
0b36063d5818f81ccb94b54adfaebbf5,1,0.0,-21.0,0.0,0.0,High rate monitoring,0.005604665660905671
0b3f27369a4d8df98f7eb91077e438ac,2,0.0,-10.0,0.0,0.0,High rate monitoring,0.014382177431523306
0b46f784306be7200ca1700aa55d819f,1,0.0,-15.0,0.0,0.0,High rate monitoring,0.005604665660905671
0b64bcdb0784abc139af04077d49a20e,4,0.0,-18.0,0.0,0.0,High rate monitoring,0.023556294965854933
0b90b6df587eb83608a64ea8b390cf07,163,0.0368098159509202,-18.404907975460123,0.1656441717791411,0.9938650306748466,High volume high risk,0.4435247485568882
0bae85eb84b9fb3bd773911e89288d54,136,0.0073529411764705,-15.139705882352942,0.0661764705882353,0.0661764705882353,High volume high risk,0.26515930053328735
0bb27263628258b8111a0262769fa9db,1,0.0,-17.0,0.0,0.0,High rate monitoring,0.005604665660905671
0bb738e4d789e63e2267697c42d35a2d,28,0.0357142857142857,-14.0,0.0,0.0,High volume high risk,0.10586733583897565
0be8ff43f22e456b4e0371b2245e4d01,156,0.0641025641025641,-11.737179487179487,0.173076923076923,1.7307692307692308,High volume high risk,0.5193893159050286
0bebbb2cea103a4a020c95d43fd7d754,9,0.0,-10.444444444444445,0.0,0.0,High volume high risk,0.03530834996432753
0bf0150d5b9d60d9cd2906003332f085,39,0.1538461538461538,-6.846153846153846,0.2051282051282051,1.2307692307692308,High volume high risk,0.5949750314078444
0bfd0b434243adc5c2e1aa6baf19c6aa,6,0.0,-20.5,0.1666666666666666,0.0,High rate monitoring,0.10037627761305193
0c7533c71df861ec58ad7ff999ed0e8d,61,0.0491803278688524,-10.131147540983608,0.1475409836065573,0.4426229508196721,High volume high risk,0.41696545665305224
0c7f30ae9b147eca07affbef92832a6a,5,0.0,-16.8,0.0,0.0,High rate monitoring,0.026583023162619634
0c8380b62e38e8a1e6adbeba7eb9688c,180,0.05,-11.85,0.1333333333333333,1.2,High volume high risk,0.4326043461288164
0cab2da43793a6f3c5ed8514c5f54627,3,0.0,-21.333333333333332,0.0,0.0,High rate monitoring,0.01976766622300808
0cbcee27c791afa0cdcb08587a2013a8,37,0.1081081081081081,-14.972972972972974,0.1351351351351351,0.5405405405405406,High volume high risk,0.4493883915908624
0d33a55da925bbf1ff02af5f6059fc7f,22,0.0454545454545454,-11.590909090909092,0.0909090909090909,0.0909090909090909,High volume high risk,0.2705051061579987
0d4c8269e7f0401201794deef160edd6,3,0.0,-6.0,0.3333333333333333,0.0,High rate monitoring,0.08226048224997312
0d83f8e03188682112cc0d93523705cc,4,0.25,-11.0,0.25,0.25,High rate monitoring,0.3025640151663063
0d85bbda9889ce1f7e63778d24f346eb,51,0.1176470588235294,-11.666666666666666,0.1176470588235294,0.7058823529411764,High volume high risk,0.45225757581483195
0daf5180aa44356f60f8effa533b55a2,2,0.0,-5.0,0.0,0.0,High rate monitoring,0.014382177431523306
0db783cfcd3b73998abc6e10e59a102f,132,0.0378787878787878,-13.098484848484848,0.1287878787878787,0.6439393939393939,High volume high risk,0.3964264394560623
0dd184061fb0eaa7ca37932c68ab91c5,161,0.1055900621118012,-10.490683229813664,0.1366459627329192,2.3229813664596275,High volume high risk,0.526922821021989
0ddefe3c7a032b91f4e25b9c3a08fca1,9,0.0,-9.22222222222222,0.0,0.0,High volume high risk,0.03530834996432753
0df3984f9dfb3d49ac6366acbd3bbb85,86,0.0116279069767441,-14.80232558139535,0.0930232558139534,0.0930232558139534,High volume high risk,0.29535096569888947
0dfbed20065e425d2eaefb101f9816c0,3,0.3333333333333333,-2.0,0.6666666666666666,0.6666666666666666,High rate monitoring,0.2957119993710988
0e44d110fa6a54e121cb2c095a77762f,6,0.1666666666666666,-7.333333333333333,0.1666666666666666,0.1666666666666666,High rate monitoring,0.313195279882799
0e72c1a751b496722a6cb1f10653b62a,3,0.0,-12.333333333333334,0.0,0.0,High rate monitoring,0.01976766622300808
0e982cff76cc0579f632cea8a0e38c9d,6,0.0,-11.666666666666666,0.0,0.0,High rate monitoring,0.02921314559567034
0ea22c1cfbdc755f86b9b54b39c16043,234,0.0085470085470085,-16.88034188034188,0.0598290598290598,0.1196581196581196,High volume high risk,0.2665886221097254
0eaa7e33d73809f1f925f7d07c506cbd,15,0.0,-14.8,0.0666666666666666,0.0,High volume high risk,0.09508611444437154
0ebd97a106433a45a4aebe57c1799778,31,0.0,-17.032258064516128,0.064516129032258,0.0,High volume high risk,0.11034832720807367
0ec28cec4046a4a199b6de9b4c891d97,3,0.0,-6.666666666666667,0.0,0.0,High rate monitoring,0.01976766622300808
0ed6ce5d87fd9c69eaacaeb778d67235,42,0.1428571428571428,-12.785714285714286,0.0476190476190476,0.2857142857142857,High volume high risk,0.3331864419856376
0ee4fb99ac55ffbbc98795aa01b7f8fa,1,0.0,-15.0,0.0,0.0,High rate monitoring,0.005604665660905671
0ef83d7d83ed97cd2a0049ac8be5f88a,48,0.0208333333333333,-14.083333333333334,0.1875,0.1875,High volume high risk,0.39255064041351434
0f0c984a4a955310903b6b6008660bad,4,0.0,-10.0,0.25,0.0,High rate monitoring,0.09258044243368588
0f519b0d2e5eb2227c93dd25038bfc01,1,0.0,-40.0,0.0,0.0,High rate monitoring,0.005604665660905671
0f7eea709efdf942b5f95c7516dbacd7,3,0.0,-20.0,0.0,0.0,High rate monitoring,0.01976766622300808
0f80a40c312b2472dca482cf50f5186f,1,0.0,-17.0,0.0,0.0,High rate monitoring,0.005604665660905671
0f94588695d71662beec8d883ffacf09,1,0.0,-12.0,0.0,0.0,High rate monitoring,0.005604665660905671
0fe2d9733ed841eb064503920015a8c0,3,0.0,-13.333333333333334,0.0,0.0,High rate monitoring,0.01976766622300808
0ff83046c3fa22efee8ecf291888b191,10,0.0,-17.7,0.0,0.0,High volume high risk,0.036821714062709884
0ffa40d54288e4f3499b8780dd0f144f,33,0.1212121212121212,-12.0,0.0909090909090909,0.3636363636363636,High volume high risk,0.3728180257093718
10076e5788b8ee532724bcd460baf762,23,0.0434782608695652,-12.347826086956522,0.0434782608695652,0.0434782608695652,High volume high risk,0.22145088326248266
10089e9f2fd0c668a8fd4e52e1698888,3,0.0,-16.666666666666668,0.0,0.0,High rate monitoring,0.01976766622300808
101a3a003516bc11253298b2fad3cb65,5,0.0,-8.6,0.0,0.0,High rate monitoring,0.026583023162619634
1025f0e2d44d7041d6cf58b6550e0bfa,910,0.0791208791208791,-10.9,0.1681318681318681,12.105494505494509,High volume high risk,0.5688087852873759
10264f60a8f0a4d2f30810f5c661c673,4,0.0,-8.75,0.0,0.0,High rate monitoring,0.023556294965854933
1099a00e0ee3a50935e6c2447ca090c5,3,0.3333333333333333,-9.666666666666666,0.3333333333333333,0.3333333333333333,High rate monitoring,0.2754296170561858
10cdd491d1dbea8fb4ead97b19c334ce,3,0.0,-18.0,0.0,0.0,High rate monitoring,0.01976766622300808
10ff823eda2b032e2c93d17a7d294736,8,0.0,-14.125,0.125,0.0,High volume high risk,0.09978077788870196
112453736dbe3889cfb74e1aaa0ba0c1,7,0.0,-7.0,0.1428571428571428,0.0,High volume high risk,0.10055202233767349
1127b7f2594683f2510f1c2c834a486b,110,0.0181818181818181,-11.245454545454546,0.1454545454545454,0.2909090909090909,High volume high risk,0.38627283983825833
11305281b50fff20ae8bb473f8e11876,35,0.1142857142857142,-12.82857142857143,0.0857142857142857,0.3428571428571428,High volume high risk,0.3637944821361479
113e3a788b935f48aad63e1c41dac1bd,39,0.0512820512820512,-15.0,0.0512820512820512,0.1025641025641025,High volume high risk,0.257984852550033
116ccb1a1604bc88e4d234a8c23f33de,61,0.0327868852459016,-10.262295081967212,0.0327868852459016,0.0655737704918032,High volume high risk,0.23951589510037624
11742f81550ac064cc9a40f67151d9ad,2,0.0,-5.0,0.0,0.0,High rate monitoring,0.014382177431523306
117cfc326c6d50da67ca858ff5c0c852,5,0.0,-9.2,0.0,0.0,High rate monitoring,0.026583023162619634
11938fcc75f6902fea1d0a6f72b54a57,2,0.0,-21.0,0.5,0.0,High rate monitoring,0.0629624726501831
119c7f1a00ef43fad0e57604e76a747c,2,0.0,-6.5,0.0,0.0,High rate monitoring,0.014382177431523306
119d1aef1b4144adba89163f6cd9f5d4,4,0.0,-12.0,0.0,0.0,High rate monitoring,0.023556294965854933
11bfa66332777660bd0640ee84d47006,76,0.1447368421052631,-9.052631578947368,0.2236842105263158,2.460526315789474,High volume high risk,0.6584894011097687
11d4c477d09821164bca4f70a2eae031,3,0.0,-12.0,0.0,0.0,High rate monitoring,0.01976766622300808
11eac105f3f90a9b87b19c89d91e24f3,5,0.0,-13.8,0.2,0.0,High rate monitoring,0.09830975284422638
11fb6f6d341adbe19e81733701704635,3,0.0,-7.333333333333333,0.0,0.0,High rate monitoring,0.01976766622300808
120476eb7a04c149d14772edaf5d9bf2,4,0.0,-13.25,0.0,0.0,High rate monitoring,0.023556294965854933
1284de4ae8aa26997e748c851557cf0e,3,0.0,-9.0,0.6666666666666666,0.0,High rate monitoring,0.08831806809798569
128639473a139ac0f3e5f5ade55873a5,527,0.0417457305502846,-12.246679316888043,0.1043643263757115,2.2960151802656545,High volume high risk,0.3782074582355732
128f9bfbe4c7d5185033914b1de3d39a,13,0.0769230769230769,-12.846153846153848,0.0,0.0,High volume high risk,0.10612923242484285
12a8eb0f8d1cd3270695bf2a99f55966,2,0.0,-10.0,0.5,0.0,High rate monitoring,0.0629624726501831
12b9676b00f60f3b700e83af21824c0e,133,0.0075187969924812,-21.2406015037594,0.037593984962406,0.037593984962406,High volume high risk,0.24271480623784814
12c2ed9cded6138cf0c75f525f565fc7,4,0.25,-4.25,0.0,0.0,High rate monitoring,0.07698480370102029
13074f016982ff2bd6c58ced8682f000,13,0.2307692307692307,-7.923076923076923,0.0769230769230769,0.2307692307692307,High volume high risk,0.31030638722932025
131fcb0a0c9a47bba4474aacff0f14b7,4,0.0,-8.0,0.0,0.0,High rate monitoring,0.023556294965854933
1336efc61c316ddf92c899eb817f7cae,74,0.081081081081081,-11.58108108108108,0.1486486486486486,0.8918918918918919,High volume high risk,0.4859154555709117
134285d1f41da5c13a756ee8142c8a4e,3,0.0,-9.333333333333334,0.3333333333333333,0.0,High rate monitoring,0.08226048224997312
134a288e7de827ec5ec62e3ec9c3a295,9,0.0,-10.88888888888889,0.0,0.0,High volume high risk,0.03530834996432753
134b867a0f7f8bbe6abf10f91874891e,1,0.0,-19.0,0.0,0.0,High rate monitoring,0.005604665660905671
13511db12ac61e2f89c53b72a944a60b,6,0.0,-12.833333333333334,0.3333333333333333,0.0,High rate monitoring,0.1215665732933869
1352e06ae67b410cdae0b2a22361167b,2,1.0,2.5,0.5,1.0,High rate monitoring,0.2185320942307474
1354d51653f645349064725ed204e85e,18,0.0,-18.833333333333332,0.1666666666666666,0.0,High volume high risk,0.15230369811455216
138dbe45fc62f1e244378131a6801526,49,0.0204081632653061,-10.775510204081632,0.1632653061224489,0.1632653061224489,High volume high risk,0.3678671146824425
139157dd4daa45c25b0807ffff348363,1,0.0,-13.0,0.0,0.0,High rate monitoring,0.005604665660905671
13c2ed7698b3ca92dad49e849219da59,8,0.0,-10.0,0.125,0.0,High volume high risk,0.09978077788870196
13d058e4eeac2ce8217660b2f8a05812,22,0.0909090909090909,-10.272727272727272,0.1363636363636363,0.2727272727272727,High volume high risk,0.3940500706483259
13d95f0f6f73943d4ceffad0fc2cd32c,1,1.0,2.0,0.0,0.0,High rate monitoring,0.019452846636849968
13dd308f81fea30cc670c656b2b46cc3,3,0.0,-6.333333333333333,0.0,0.0,High rate monitoring,0.01976766622300808
13e85aac53340018b40c2af68001b7e0,1,0.0,-35.0,0.0,0.0,High rate monitoring,0.005604665660905671
13f57c12a00ed4610db646b913a7f5c6,7,0.1428571428571428,-7.857142857142857,0.0,0.0,High volume high risk,0.09564244612571315
13fa2a6c6b9d0f43cb588d7c82117a12,9,0.3333333333333333,-5.777777777777778,0.1111111111111111,0.3333333333333333,High volume high risk,0.33237785534836867
141440cad9341e553f8401c574a2aa38,11,0.0,-21.818181818181817,0.0909090909090909,0.0,High volume high risk,0.09704011562701577
1430239a858e7682bbc43b20758af153,17,0.0,-10.411764705882351,0.1176470588235294,0.0,High volume high risk,0.1263482386757988
1444c08e64d55fb3c25f0f09c07ffcf2,1,0.0,-22.0,1.0,0.0,High rate monitoring,0.02548405387010717
1464afc72f696af775557a821c2e253f,29,0.0344827586206896,-12.517241379310343,0.1034482758620689,0.1034482758620689,High volume high risk,0.2870352670595276
14a08204d03bb6b6bde8029f801ae0eb,28,0.0,-14.428571428571429,0.1785714285714285,0.0,High volume high risk,0.1710176409110319
14d7985702e72162bbf13b6beb74ab2b,37,0.1081081081081081,-8.72972972972973,0.081081081081081,0.3243243243243243,High volume high risk,0.3501757010238883
14ee35374a7876217954b5fa08e50463,6,0.1666666666666666,-7.833333333333333,0.0,0.0,High rate monitoring,0.09115121150799908
14f2b3587172b9db894c9bad8dab520b,2,0.0,-12.5,0.5,0.0,High rate monitoring,0.0629624726501831
152ee17e4c8aaf53dac99f3462e4999b,6,0.0,-14.333333333333334,0.0,0.0,High rate monitoring,0.02921314559567034
154bdf805377afea75a3bd158e9eab10,1,1.0,2.0,1.0,1.0,High rate monitoring,0.08845084106949393
1554a68530182680ad5c8b042c3ab563,246,0.0609756097560975,-13.861788617886178,0.1016260162601626,1.524390243902439,High volume high risk,0.4026541921613853
157c3e4b42f81ac4a44e8b1ca2fe9876,23,0.0869565217391304,-14.08695652173913,0.217391304347826,0.4347826086956521,High volume high risk,0.4814530541950547
1588ac4010787100dddef64568f0ae35,3,0.0,-9.0,0.3333333333333333,0.0,High rate monitoring,0.08226048224997312
15aac934c58d886785ac1b17953ea898,25,0.12,-9.24,0.08,0.24,High volume high risk,0.3337265594877914
15b3b1b81484422eb41df68ac87f1f50,1,0.0,-5.0,1.0,0.0,High rate monitoring,0.02548405387010717
15cd6eefe58588619aaed41dfa6621b1,16,0.0625,-10.6875,0.1875,0.1875,High volume high risk,0.38179803894832265
15ead3a5037a918ddb520dfe39a3d2b9,6,0.1666666666666666,-8.0,0.0,0.0,High rate monitoring,0.09115121150799908
15fa791d5e017f66402dc28c44480657,8,0.125,-8.625,0.125,0.125,High volume high risk,0.29557924009811715
160851d3ece7aa1a510f8d1a4bb8a8af,2,0.0,-13.0,0.0,0.0,High rate monitoring,0.014382177431523306
16090f2ca825584b5a147ab24aa30c86,398,0.0804020100502512,-9.698492462311558,0.1306532663316583,4.180904522613066,High volume high risk,0.4975478830065097
160e4f13fd3a64b1b86807be88b5ffb0,4,0.0,-15.0,0.25,0.0,High rate monitoring,0.09258044243368588
164a5a8794e6d42e14f55e447b12a3bc,1,0.0,-19.0,0.0,0.0,High rate monitoring,0.005604665660905671
165b1235e9e9942cb5fae67103576fb0,11,0.0909090909090909,-7.909090909090909,0.0,0.0,High volume high risk,0.10439343181843946
165fc07beebdcb6190fba8a06db2a449,50,0.08,-11.48,0.22,0.88,High volume high risk,0.537074060160837
1660ad786c27fd935378b6192a90b417,12,0.0833333333333333,-11.0,0.0833333333333333,0.0833333333333333,High volume high risk,0.25755065305757413
166e8f1381e09651983c38b1f6f91c11,2,0.0,-8.5,0.0,0.0,High rate monitoring,0.014382177431523306
167fd940acebc789debd6eb418c46e38,5,0.2,-8.8,0.4,0.4,High rate monitoring,0.36372318635801953
1690cada046eb7e92c12f98b1f8a8167,10,0.1,-14.2,0.0,0.0,High volume high risk,0.1032830636054797
16bdc8cefd0e32a6f0824d296c5ad14a,1,0.0,-12.0,0.0,0.0,High rate monitoring,0.005604665660905671
1703bc09972dab9782e7a9194943b69f,1,0.0,-18.0,0.0,0.0,High rate monitoring,0.005604665660905671
1710c3aaa9c6b44ec3883ee0fe300e21,2,0.0,-9.0,0.0,0.0,High rate monitoring,0.014382177431523306
17306570e772e7718c92a562d33f5f1d,27,0.074074074074074,-9.592592592592592,0.1851851851851851,0.3703703703703703,High volume high risk,0.44739262817154524
173d56ffbd4c56cb80fc3615487d712b,2,0.0,-17.0,0.0,0.0,High rate monitoring,0.014382177431523306
1746c1ae87ac63d530c7c943d0ac42e2,1,0.0,-4.0,0.0,0.0,High rate monitoring,0.005604665660905671
1771297ac436903d1dd6b0e9279aa505,28,0.0357142857142857,-15.25,0.0,0.0,High volume high risk,0.10586733583897565
1782ce2db72c3dda627d5e7c898104e1,9,0.1111111111111111,-0.2222222222222222,0.0,0.0,High volume high risk,0.10153491327396486
17908cf9b444ee34047cadd5c0f4a516,11,0.0909090909090909,-11.818181818181818,0.0,0.0,High volume high risk,0.10439343181843946
17998cf586426bf0f2c3726cb0a4b211,2,0.0,-22.5,0.0,0.0,High rate monitoring,0.014382177431523306
179d859f51292aac5c10806a356f7af9,18,0.0555555555555555,-8.88888888888889,0.0555555555555555,0.0555555555555555,High volume high risk,0.23114654176568633
17a053fcb14bd219540cbde0df490be0,124,0.0564516129032258,-10.096774193548388,0.0967741935483871,0.6774193548387096,High volume high risk,0.37301169965821535
17ca9b9e9b9ef8fdb529001b49ebb50f,115,0.008695652173913,-14.121739130434785,0.1391304347826087,0.1391304347826087,High volume high risk,0.3644560651464709
17e34d8224d27a541263c4c64b11a56b,247,0.0769230769230769,-10.566801619433198,0.1093117408906882,2.076923076923077,High volume high risk,0.43931111001942785
17eea220a40cc0d2c0c5346379682398,3,0.6666666666666666,-0.6666666666666666,0.3333333333333333,0.6666666666666666,High rate monitoring,0.2827007262709742
17f51e7198701186712e53a39c564617,56,0.0892857142857142,-11.821428571428571,0.0892857142857142,0.4464285714285714,High volume high risk,0.3682150757424029
180c3376aff0e43dd5788709df48a843,5,0.2,-4.8,0.2,0.2,High rate monitoring,0.31422044751154027
1835b56ce799e6a4dc4eddc053f04066,417,0.1031175059952038,-10.33093525179856,0.237410071942446,10.20863309352518,High volume high risk,0.6715822359911738
1838dd9b8977065acf51d95e0053ea7a,62,0.032258064516129,-11.0,0.1129032258064516,0.2258064516129032,High volume high risk,0.3352870844451041
184725737946a1a938bbbd1a9e978103,3,0.0,-2.6666666666666665,0.0,0.0,High rate monitoring,0.01976766622300808
184a67a8f9f63234d3a92340bbdb727f,7,0.0,-16.571428571428573,0.1428571428571428,0.0,High volume high risk,0.10055202233767349
186cdd1b2df32caa72cfb410bba768d3,6,0.0,-28.166666666666668,0.0,0.0,High rate monitoring,0.02921314559567034
189ca3538ce9f920cacf0f982cbe223b,4,0.0,-9.75,0.25,0.0,High rate monitoring,0.09258044243368588
18a349e75d307f4b4cc646a691ed4216,109,0.055045871559633,-14.568807339449542,0.2660550458715596,1.596330275229358,High volume high risk,0.5560646872768085
18e694e0e48ed6f7aa3f24aade5fd697,31,0.032258064516129,-12.774193548387096,0.0,0.0,High volume high risk,0.10601785733916383
1900267e848ceeba8fa32d80c1a5f5a8,406,0.0812807881773399,-10.12807881773399,0.1871921182266009,6.177339901477833,High volume high risk,0.5857531100856158
191d55f7edb8524d525ed01b20fe32e8,3,0.3333333333333333,-3.0,0.6666666666666666,0.6666666666666666,High rate monitoring,0.2957119993710988
1927cdb9fa74f5270097f6250e8e8f34,1,0.0,-9.0,0.0,0.0,High rate monitoring,0.005604665660905671
19484c79cef6c062cb177aa4ef2fcc3c,1,1.0,3.0,1.0,1.0,High rate monitoring,0.08845084106949393
1961c3e1272bfeceb05d0b78b5bbfdaf,2,0.0,-7.5,0.0,0.0,High rate monitoring,0.014382177431523306
1976a05ecf2996d6ffb7b5430e635fe7,8,0.25,-8.125,0.25,0.5,High volume high risk,0.4296489448861372
1987cd4be10fe09ee50454f9c354d1c6,14,0.0714285714285714,-13.714285714285714,0.0714285714285714,0.0714285714285714,High volume high risk,0.24444579568886615
198c7ea11960a9844b544d9bcdca860c,25,0.08,-10.8,0.24,0.48,High volume high risk,0.4863542140103206
1996942dc085d7773ba77a529b163cd0,9,0.0,-18.77777777777778,0.1111111111111111,0.0,High volume high risk,0.09926878221157719
19a7c9f66ffa6452ff4b4c0cca71da27,1,0.0,-28.0,0.0,0.0,High rate monitoring,0.005604665660905671
19d62d484cba71963c93f0f00ab42013,1,0.0,-8.0,0.0,0.0,High rate monitoring,0.005604665660905671
19e0f40a907ec568c34bfac15de4f4a1,4,0.0,-13.0,0.0,0.0,High rate monitoring,0.023556294965854933
1a3df491d1c4f1589fc2b934ada68bf2,160,0.0375,-13.10625,0.09375,0.5625,High volume high risk,0.341235737071196
1a8e2d9c38b84a9702ac7922924b0573,1,0.0,-15.0,0.0,0.0,High rate monitoring,0.005604665660905671
1a932caad4f9d804097d7f8e615baed1,20,0.15,-8.6,0.2,0.6000000000000001,High volume high risk,0.5161141077818968
1acde099eb406aa220b1169b188b42da,9,0.0,-8.0,0.1111111111111111,0.0,High volume high risk,0.09926878221157719
1b0b0f4f95e962d6f32fe90c759d0479,2,0.0,-9.5,0.0,0.0,High rate monitoring,0.014382177431523306
1b1ae47a313a825a7ccceb8e2e30fa9d,10,0.0,-14.2,0.2,0.0,High volume high risk,0.13617463998210863
1b45169b635ef59425637e9a33eb5fb3,7,0.0,-19.571428571428573,0.1428571428571428,0.0,High volume high risk,0.10055202233767349
1b4b28463457a256e9a784ebe2a8f630,1,1.0,7.0,1.0,1.0,High rate monitoring,0.08845084106949393
1b4c3a6f53068f0b6944d2d005c9fc89,111,0.045045045045045,-12.756756756756756,0.0990990990990991,0.4954954954954955,High volume high risk,0.35051484130149574
1b61fb1f0f2185d89e9a126c498e9cc7,1,0.0,-14.0,0.0,0.0,High rate monitoring,0.005604665660905671
1b65c144b17e607c0f37f10bb7dfec8d,5,0.0,-28.8,0.6,0.0,High rate monitoring,0.1183140449060891
1b7e5006cb25dd23ce8686691013b121,11,0.1818181818181818,-6.363636363636363,0.0909090909090909,0.1818181818181818,High volume high risk,0.3066742133810757
1b8356dabde1d35e17cef975c3f82730,55,0.0181818181818181,-13.872727272727271,0.0909090909090909,0.0909090909090909,High volume high risk,0.27956693559579743
1b8b75e227c9a9c100d0c210fb6176ce,15,0.0666666666666666,-19.6,0.2,0.2,High volume high risk,0.39203975884982073
1b938a7ec6ac5061a66a3766e0e75f90,29,0.0,-14.758620689655173,0.0689655172413793,0.0,High volume high risk,0.11148218634248405
1bb2bdb95f4841f1bba2c0d2cd83d3c9,79,0.0632911392405063,-13.30379746835443,0.0379746835443038,0.189873417721519,High volume high risk,0.28799372095039205
1bb3812d5f0747a3ab7348f199001a10,9,0.0,-20.11111111111111,0.0,0.0,High volume high risk,0.03530834996432753
1bc2e21de46adfea6b98cc96b00f3b40,3,0.0,-5.333333333333333,0.3333333333333333,0.0,High rate monitoring,0.08226048224997312
1c129092bf23f28a5930387c980c0dfc,200,0.045,-10.055,0.115,1.035,High volume high risk,0.39315575386021706
1c40343cc5d18c2d8248ac2f3366de34,21,0.0952380952380952,-11.714285714285714,0.0,0.0,High volume high risk,0.1273711163317241
1c56ffe0e9dea2657fc6e95b53f40b13,3,0.0,-9.333333333333334,0.0,0.0,High rate monitoring,0.01976766622300808
1c5e4e49b9079480255b49d50aac1aa9,12,0.0,-12.25,0.0833333333333333,0.0,High volume high risk,0.09648199961119279
1c68394e931a64f90ea236c5ea590300,142,0.0352112676056338,-15.309859154929578,0.1690140845070422,0.8450704225352113,High volume high risk,0.4500786494869298
1c742ac33582852aaf3bcfbf5893abcf,1,0.0,-20.0,0.0,0.0,High rate monitoring,0.005604665660905671
1c83418358f249c9d6affa52d579db0e,1,0.0,-23.0,0.0,0.0,High rate monitoring,0.005604665660905671
1ca4bdb0cd7fc48e949bac066188ed26,3,0.3333333333333333,-10.666666666666666,0.0,0.0,High rate monitoring,0.06618731849094397
1ca7077d890b907f89be8c954a02686a,108,0.1666666666666666,-6.666666666666667,0.5925925925925926,10.666666666666666,High volume high risk,0.8050252181715808
1caf283236cd69af44cbc09a0a1e7d32,33,0.0909090909090909,-11.848484848484848,0.0606060606060606,0.1818181818181818,High volume high risk,0.3007542664683773
1cbcd2ee0afb3fc09963b87eb65e7e4f,1,0.0,-13.0,0.0,0.0,High rate monitoring,0.005604665660905671
1cbd32d00d01bb8087a5eb088612fd9c,11,0.0909090909090909,-11.090909090909092,0.0909090909090909,0.0909090909090909,High volume high risk,0.26555939715489757
1cbd50a8c52e6cf8e315c5709fab386f,9,0.1111111111111111,-12.555555555555555,0.1111111111111111,0.1111111111111111,High volume high risk,0.28546355756776465
1cbdc7cf130a41fd13a3c2a7d2fcfda7,2,0.0,-13.5,0.0,0.0,High rate monitoring,0.014382177431523306
1cd9e0cc1839d55516843def5600816d,5,0.0,-10.2,0.0,0.0,High rate monitoring,0.026583023162619634
1ce3ae5a399804d1a87e706f8a813c3e,40,0.075,-15.425,0.2,0.6000000000000001,High volume high risk,0.4952961383696045
1d0646a72178a6fb37ee8082140e06ec,2,0.0,-7.5,0.0,0.0,High rate monitoring,0.014382177431523306
1d0997ff06b524ce9289ffd75114ecd3,3,0.3333333333333333,-19.333333333333332,0.3333333333333333,0.3333333333333333,High rate monitoring,0.2754296170561858
1d139e3a3b14025640d8df1b230aace0,2,0.0,-20.5,0.0,0.0,High rate monitoring,0.014382177431523306
1d1bbb8ac1581824986f582583fff01d,4,0.25,-5.75,0.25,0.25,High rate monitoring,0.3025640151663063
1d2732ef8321502ee8488e8bed1ab8cd,4,0.25,-5.25,0.25,0.25,High rate monitoring,0.3025640151663063
1d29dfba02015238dfbe2449a5eaa361,12,0.0833333333333333,-9.5,0.0833333333333333,0.0833333333333333,High volume high risk,0.25755065305757413
1d4587203296c8f4ad134dc286fa6db0,40,0.025,-11.2,0.1,0.1,High volume high risk,0.2865656448090667
1d503743d2526f03f0c2c89540ee008c,12,0.0833333333333333,-9.416666666666666,0.1666666666666666,0.1666666666666666,High volume high risk,0.36223939104223435
1d8dbc4f32378d715c717c1c1fc57bae,91,0.0879120879120879,-11.54945054945055,0.1428571428571428,1.1428571428571428,High volume high risk,0.49479934292304634
1d953075c2f0dd990bacf27b83b330f1,1,0.0,-24.0,0.0,0.0,High rate monitoring,0.005604665660905671
1da366cade6d8276e7d8beea7af5d4bf,42,0.0714285714285714,-8.428571428571429,0.1666666666666666,0.5,High volume high risk,0.45781511212675835
1da3aeb70d7989d1e6d9b0e887f97c23,261,0.0459770114942528,-11.39463601532567,0.1226053639846743,1.471264367816092,High volume high risk,0.41054928257509626
1dc2de47ee26a0a5b12dc14fd6dc0dea,25,0.04,-8.84,0.04,0.04,High volume high risk,0.21962310311907293
1dcfa3835714681d4ba4a93bc1e0fd41,12,0.0,-15.666666666666666,0.0833333333333333,0.0,High volume high risk,0.09648199961119279
1dd33b8119b3cb1056ed5dc88cd0aaf4,8,0.125,-15.625,0.125,0.125,High volume high risk,0.29557924009811715
1de62b6f2fd96227629786db492433db,2,0.0,-15.5,0.0,0.0,High rate monitoring,0.014382177431523306
1dfe5347016252a7884b694d4f10f5c4,20,0.25,-7.5,0.3,1.5,High volume high risk,0.6035643455150308
1e26c56af8d48424e1df0140a2401f83,2,0.0,-16.0,0.0,0.0,High rate monitoring,0.014382177431523306
1e47d8b6546eb3a77b1acddcc9406242,1,0.0,-11.0,1.0,0.0,High rate monitoring,0.02548405387010717
1e47defeeadeca0e9a18fa5a9311e735,3,0.0,-12.333333333333334,0.0,0.0,High rate monitoring,0.01976766622300808
1e483cc5c76fef08d3ca05f9a8af7d01,9,0.0,-11.22222222222222,0.0,0.0,High volume high risk,0.03530834996432753
1e8b33f18b4f7598d87f5cbee2282cc2,122,0.0327868852459016,-10.934426229508198,0.1065573770491803,0.4262295081967213,High volume high risk,0.3468575222545948
1e8c6a4c538f286aee9573239740a4b4,5,0.0,-14.2,0.2,0.0,High rate monitoring,0.09830975284422638
1e9d5a33694bddb76316fd1f54734d20,2,0.0,-8.5,0.0,0.0,High rate monitoring,0.014382177431523306
1eade46fba20122dc4aefb379f8c636b,58,0.1206896551724138,-7.637931034482759,0.0862068965517241,0.603448275862069,High volume high risk,0.3960106361257944
1f1bb1f0859883505541bdd6606193e5,27,0.1111111111111111,-10.925925925925926,0.074074074074074,0.2222222222222222,High volume high risk,0.3227712473356342
1f2eebc0e970fd3c463e4f5d9652687a,1,1.0,5.0,0.0,0.0,High rate monitoring,0.019452846636849968
1f50f920176fa81dab994f9023523100,1399,0.0886347390993566,-10.366690493209436,0.139385275196569,17.283774124374553,High volume high risk,0.5246087145417145
1f7dfad2cb384ea4d2d7e1ffbd78c407,1,0.0,-4.0,1.0,0.0,High rate monitoring,0.02548405387010717
1f7fd2a6fcd5a6fa5d8a4dabc72aaae0,3,0.0,-16.666666666666668,0.0,0.0,High rate monitoring,0.01976766622300808
1f867308a0ce13133a4e639ff4de0c02,7,0.0,-15.857142857142858,0.1428571428571428,0.0,High volume high risk,0.10055202233767349
1f9ab4708f3056ede07124aad39a2554,76,0.0526315789473684,-13.407894736842104,0.0789473684210526,0.3157894736842105,High volume high risk,0.3177404407186742
1fa2d3def6adfa70e58c276bb64fe5bb,1,0.0,-36.0,1.0,0.0,High rate monitoring,0.02548405387010717
1fbe10c70e30765ed1de86d9f7e98409,2,0.0,-4.5,0.5,0.0,High rate monitoring,0.0629624726501831
1fdc574883ef3b33ad41562d93f3a74a,18,0.0555555555555555,-11.5,0.0,0.0,High volume high risk,0.10675309650160146
1fe5540d7c1c37a595fefbacd5570d9e,20,0.05,-13.4,0.05,0.05,High volume high risk,0.2261973023741097
1fe61aa5494bd3ae92a2c13e067c810f,1,0.0,-17.0,0.0,0.0,High rate monitoring,0.005604665660905671
2009a095de2a2a41626f6c6d7722678d,8,0.0,-12.875,0.125,0.0,High volume high risk,0.09978077788870196
2039c5e51785b5dde7cf93ccb3b7be2c,1,0.0,-8.0,0.0,0.0,High rate monitoring,0.005604665660905671
204b4e07bddef3c9b317f70189135b22,1,0.0,-11.0,0.0,0.0,High rate monitoring,0.005604665660905671
2059c39f76271d4ca3f15b5ffaccc8b8,12,0.0,-13.333333333333334,0.0,0.0,High volume high risk,0.03949358447088838
20611af7866c6068fd5ae1f9dbe15c92,2,0.0,-13.5,0.0,0.0,High rate monitoring,0.014382177431523306
2063dd1b9f568df1c16741ea7d3e6adb,3,0.0,-26.333333333333332,0.0,0.0,High rate monitoring,0.01976766622300808
2075d8cd4dd63ff12df0749a5866bb06,3,0.0,-7.0,0.0,0.0,High rate monitoring,0.01976766622300808
2089a6d640999f9b9141ac719b2af596,41,0.1219512195121951,-11.439024390243905,0.2439024390243902,1.2195121951219512,High volume high risk,0.589279045972198
20a7efa9721046319bdde5d60b6b5365,3,0.0,-13.666666666666666,0.0,0.0,High rate monitoring,0.01976766622300808
20a8b0dc55da94fe74d112082427c84f,7,0.1428571428571428,-4.571428571428571,0.1428571428571428,0.1428571428571428,High volume high risk,0.3059222694928746
20b54c376b794ed028df09a3cd88e8dc,7,0.2857142857142857,-3.0,0.1428571428571428,0.2857142857142857,High volume high risk,0.33223051811864185
20cb7c2fde3e5bf10f0bbe7394e1c6a9,31,0.0967741935483871,-12.161290322580646,0.1290322580645161,0.3870967741935484,High volume high risk,0.41943298663607814
20d53aad4fe5ee93a64f8839609d3586,1,1.0,17.0,1.0,1.0,High rate monitoring,0.08845084106949393
20d83f3ef0e6925fd74bfd59170babf7,40,0.05,-11.75,0.075,0.15,High volume high risk,0.2829684875105127
20f0aeea30bc3b8c4420be8ced4226c0,1,1.0,13.0,0.0,0.0,High rate monitoring,0.019452846636849968
2138ccb85b11a4ec1e37afbd1c8eda1f,388,0.0463917525773195,-12.59020618556701,0.1649484536082474,2.9690721649484537,High volume high risk,0.4774091025702539
213b25e6f54661939f11710a6fddb871,152,0.0657894736842105,-11.532894736842104,0.2039473684210526,2.039473684210526,High volume high risk,0.558684530919507
213fafb0ca06fb3d5886579c2565791b,3,0.0,-6.333333333333333,0.6666666666666666,0.0,High rate monitoring,0.08831806809798569
2156f2671501a81034d7d07f217609d0,21,0.1428571428571428,-6.476190476190476,0.1428571428571428,0.4285714285714285,High volume high risk,0.4465936981939473
217f005bb37ff3aeef5b2ae1788e75ba,2,0.0,-9.5,0.0,0.0,High rate monitoring,0.014382177431523306
218d46b86c1881d022bce9c68a7d4b15,382,0.0863874345549738,-11.50261780104712,0.1204188481675392,3.973821989528796,High volume high risk,0.4833113030870629
218f991754f360af9c2daa5e0b8e990c,14,0.1428571428571428,-6.714285714285714,0.2142857142857142,0.4285714285714285,High volume high risk,0.476474910998225
2199e7fe213c16213bf5d6a7eadc9a5d,24,0.0416666666666666,-13.666666666666666,0.0833333333333333,0.0833333333333333,High volume high risk,0.2595627957063865
21c62b998a043ebe31161d38f84929fc,4,0.0,-16.0,0.0,0.0,High rate monitoring,0.023556294965854933
21d59342ba150175ca2aa4f8faddeca6,2,0.0,-18.5,0.0,0.0,High rate monitoring,0.014382177431523306
21e83881401b92b49fb09a16d3852291,12,0.0,-13.583333333333334,0.0,0.0,High volume high risk,0.03949358447088838
2235cf78d3e2073a88146a9cb60f0dd0,1,0.0,-11.0,0.0,0.0,High rate monitoring,0.005604665660905671
226b05fe067266c59c15dae208213d06,10,0.0,-13.5,0.1,0.0,High volume high risk,0.09823884768165966
228e4c1a0be164f613d41c24345f9d2c,5,0.0,-20.2,0.0,0.0,High rate monitoring,0.026583023162619634
229c3efbfb0ea2058de4ccdfbc3d784a,118,0.0169491525423728,-12.627118644067796,0.2542372881355932,0.5084745762711864,High volume high risk,0.47301407779114135
22a23e5ac7061fc538cc2a019afaaf16,1,0.0,-16.0,0.0,0.0,High rate monitoring,0.005604665660905671
22c32ec35d0116ef02c281798a25bf8b,4,0.0,-15.0,0.0,0.0,High rate monitoring,0.023556294965854933
2305ab43e846518f58dd9d59f3f54e96,3,0.0,-11.333333333333334,0.3333333333333333,0.0,High rate monitoring,0.08226048224997312
232a6014e7b10cba61c6c2b2ea6bb4b0,32,0.03125,-13.875,0.125,0.125,High volume high risk,0.3158616576494004
23613d49c3ac2bd302259e55c06c050c,69,0.0869565217391304,-11.028985507246375,0.2318840579710145,1.391304347826087,High volume high risk,0.5793605204951524
236585a4ddb5fea9fa40233e2249ed91,11,0.0909090909090909,-13.181818181818182,0.0909090909090909,0.0909090909090909,High volume high risk,0.26555939715489757
2379bdc3888025689a9deb7b141507d5,9,0.2222222222222222,-5.777777777777778,0.1111111111111111,0.2222222222222222,High volume high risk,0.3206785292185422
238fac594e170b59c6d228f5a4f4f1d9,29,0.1034482758620689,-10.89655172413793,0.1379310344827586,0.4137931034482758,High volume high risk,0.42981994897105597
23a0ffca143a15b9b5bbdb7d552f626a,23,0.1304347826086956,-11.304347826086955,0.217391304347826,0.6521739130434783,High volume high risk,0.5340249098616909
23c38debaffe4a25a30fdbd9b586a13f,41,0.1219512195121951,-10.048780487804878,0.024390243902439,0.1219512195121951,High volume high risk,0.3064298200243583
23ca5f678e0b3ea6c630b30fa8bf51ea,6,0.0,-17.333333333333332,0.0,0.0,High rate monitoring,0.02921314559567034
23d7c96d4a1160db1c726b248601b25a,50,0.1,-10.98,0.16,0.8,High volume high risk,0.5009079778501266
23ff42c4bf1f8f16cddb19d8b972974a,2,0.0,-16.0,0.0,0.0,High rate monitoring,0.014382177431523306
240b9776d844d37535668549a396af32,35,0.0285714285714285,-11.257142857142858,0.0857142857142857,0.0857142857142857,High volume high risk,0.2642288995835686
244b04680fdbded0acf5aebd9c92b44a,2,0.5,4.5,0.5,0.5,High rate monitoring,0.21448795190966907
244c2f1bff6afe1f2eaf9bfe9b2aed38,23,0.0869565217391304,-10.26086956521739,0.217391304347826,0.4347826086956521,High volume high risk,0.4814530541950547
247587846358bb1d2e4c6522020b36fe,1,0.0,-13.0,0.0,0.0,High rate monitoring,0.005604665660905671
2493dc3f20131696a0ecdb9948051a8d,4,0.0,-23.75,0.0,0.0,High rate monitoring,0.023556294965854933
249f0e9905a6e06ad6c6bea7547ab9f6,3,0.0,-19.666666666666668,0.3333333333333333,0.0,High rate monitoring,0.08226048224997312
24a6daf925d9d591870a66660416de31,2,0.0,-12.0,0.0,0.0,High rate monitoring,0.014382177431523306
24c1de8d9551c0b4fbc53317d53efda8,1,0.0,-23.0,0.0,0.0,High rate monitoring,0.005604665660905671
2528513dd95219a6013d4d05176e391a,160,0.0375,-12.3,0.16875,1.0125000000000002,High volume high risk,0.4599530803277019
2528744c5ef5d955adc318720a94d2e7,5,0.0,-9.4,0.6,0.0,High rate monitoring,0.1183140449060891
252e76235acb79183cfca6e34f13337d,3,0.0,-17.333333333333332,0.3333333333333333,0.0,High rate monitoring,0.08226048224997312
253c025bab43881055aeecde5e2d8b77,2,0.5,-6.5,0.0,0.0,High rate monitoring,0.048994323943215214
253f95b3a0e6983ae18aed49fbc2b845,5,0.0,-14.0,0.0,0.0,High rate monitoring,0.026583023162619634
257e61d3251fb5efb9daadddbc2cf7ca,12,0.0,-17.666666666666668,0.0,0.0,High volume high risk,0.03949358447088838
258447aad3f7b01e2643c89f64dc5647,1,0.0,-12.0,0.0,0.0,High rate monitoring,0.005604665660905671
259f7b5e6e482c230e5bfaa670b6bb8f,136,0.0147058823529411,-13.455882352941176,0.1029411764705882,0.2058823529411764,High volume high risk,0.323125507160393
25be943a321c8938947bdaabca979a90,3,0.0,-10.0,0.0,0.0,High rate monitoring,0.01976766622300808
25c5c91f63607446a97b143d2d535d31,156,0.0705128205128205,-11.852564102564102,0.1923076923076923,2.1153846153846154,High volume high risk,0.5494426587024168
25cf099de44674fde97473224f9d59ab,50,0.04,-12.92,0.1,0.2,High volume high risk,0.317516821103598
25debeafbce801fdd479539350185eee,5,0.0,-8.8,0.4,0.0,High rate monitoring,0.11379761195603968
25e47381a6c510ddeb36084e33b89f0c,16,0.0,-12.9375,0.0625,0.0,High volume high risk,0.09488164976866811
25e6ffe976bd75618accfe16cefcbd0d,106,0.0283018867924528,-13.58490566037736,0.0754716981132075,0.2264150943396226,High volume high risk,0.28592166641416716
262237171f48e85819065498cac80d7b,4,0.0,-10.25,0.0,0.0,High rate monitoring,0.023556294965854933
2646baaf662d4d92ac48f047e35db92d,15,0.0666666666666666,-10.8,0.1333333333333333,0.1333333333333333,High volume high risk,0.32616523675233666
26562f211dd1364af2a8596dc945e8ae,2,0.0,-5.0,0.0,0.0,High rate monitoring,0.014382177431523306
265fdc289dffa9f1ad801c74f7d0de47,1,0.0,-8.0,0.0,0.0,High rate monitoring,0.005604665660905671
26785a546900236d66f2e4197c211158,15,0.0,-18.733333333333334,0.0666666666666666,0.0,High volume high risk,0.09508611444437154
269c5fc9fcadee614364c3620c30a1f9,3,0.0,-2.6666666666666665,0.0,0.0,High rate monitoring,0.01976766622300808
269cff2d3c8d205c11f37a52402ea93b,4,0.0,-9.25,0.0,0.0,High rate monitoring,0.023556294965854933
26af45f5dfd967225a832838aa4e24a3,10,0.0,-14.3,0.2,0.0,High volume high risk,0.13617463998210863
26b482dccfa29bd2e40703ba45523702,3,0.0,-7.0,0.0,0.0,High rate monitoring,0.01976766622300808
26bad72add1f86e08a776ce4ffdaf1ca,7,0.0,-13.571428571428571,0.0,0.0,High volume high risk,0.03143622527122511
26d6bbee02420494d471c9f6436929c0,12,0.0,-10.833333333333334,0.0,0.0,High volume high risk,0.03949358447088838
26d8a1c7c75d513045798992ead43aa2,34,0.088235294117647,-12.147058823529411,0.088235294117647,0.2647058823529412,High volume high risk,0.33978575195206157
26e13b6ff5b641b329e5524241ee2c93,4,0.0,-10.25,0.25,0.0,High rate monitoring,0.09258044243368588
26e2c91ef821e1ff8985f408788fe35b,12,0.4166666666666667,1.5,0.3333333333333333,1.6666666666666663,High volume high risk,0.5560882903105125
26e2e5033827d2ba53929f43e03d8ffe,1,0.0,-14.0,0.0,0.0,High rate monitoring,0.005604665660905671
26f6b7ab07be3e9e69ce82a6552efc19,2,0.5,-3.0,0.5,0.5,High rate monitoring,0.21448795190966907
270297ead4c65a6cd2593960d2af6b21,17,0.0,-13.941176470588236,0.2941176470588235,0.0,High volume high risk,0.1769010690404596
270572bb714b00531be85e16e1550f26,1,0.0,-16.0,0.0,0.0,High rate monitoring,0.005604665660905671
2709af9587499e95e803a6498a5a56e9,25,0.12,-10.12,0.2,0.6000000000000001,High volume high risk,0.5140143809622945
270d3ef21830ad0ecf3a6c53d08a533a,5,0.0,-9.0,0.4,0.0,High rate monitoring,0.11379761195603968
271b8923c6a549e02d3c9fd1f8c0422b,1,1.0,4.0,0.0,0.0,High rate monitoring,0.019452846636849968
271c58a1d139c45eaf3316107c6d3a3b,27,0.074074074074074,-11.22222222222222,0.1481481481481481,0.2962962962962963,High volume high risk,0.40815274762765946
272f092de69afedd4d2969440b37f18f,25,0.0,-16.56,0.2,0.0,High volume high risk,0.175544859024555
2745f798279e0ed033addcc1474776d7,32,0.09375,-10.71875,0.125,0.375,High volume high risk,0.41051527558916256
276677b5d08786d5dce7c2149dcce48b,31,0.064516129032258,-8.838709677419354,0.1935483870967742,0.3870967741935484,High volume high risk,0.44750014875139865
27a56ff04b34c2ba34ce6ba4d3b9d616,8,0.125,-10.0,0.125,0.125,High volume high risk,0.29557924009811715
282c7480173bb9c01dd41cc739fec010,5,0.2,-11.4,0.2,0.2,High rate monitoring,0.31422044751154027
282f23a9769b2690c5dda22e316f9941,98,0.0408163265306122,-11.13265306122449,0.0408163265306122,0.1632653061224489,High volume high risk,0.2676566396314721
28405831a29823802aa22c084cfd0649,6,0.0,-6.0,0.0,0.0,High rate monitoring,0.02921314559567034
28872dc528e978a639754bc8c2ce5a4c,1,0.0,-31.0,0.0,0.0,High rate monitoring,0.005604665660905671
289cdb325fb7e7f891c38608bf9e0962,109,0.018348623853211,-10.376146788990823,0.055045871559633,0.110091743119266,High volume high risk,0.25551473995816415
28a26ebce31d5918b181ede016fd693b,1,0.0,-10.0,0.0,0.0,High rate monitoring,0.005604665660905671
28c7d8743fbc8679f484868cc0fcaefb,3,0.0,-11.0,0.0,0.0,High rate monitoring,0.01976766622300808
28d162ab86bb49d719c32f0ee6186eaa,1,0.0,-12.0,0.0,0.0,High rate monitoring,0.005604665660905671
28ea411b354f14b1a494be4e79f0ce02,6,0.0,-11.333333333333334,0.0,0.0,High rate monitoring,0.02921314559567034
28f10b1c5e5abb9d4857745bede6147c,28,0.1428571428571428,-6.607142857142857,0.1785714285714285,0.7142857142857143,High volume high risk,0.5203088273563098
28fb0829fd777877cdc350d25cb5bd5b,2,0.0,-11.0,0.0,0.0,High rate monitoring,0.014382177431523306
293dee954235e4e4e43f129313625ebe,8,0.0,-17.625,0.0,0.0,High volume high risk,0.03345056507114092
2953ce3a88f5e3c3b696d77fc9e4c8eb,14,0.0714285714285714,-5.214285714285714,0.0714285714285714,0.0714285714285714,High volume high risk,0.24444579568886615
296729ffb9b684050dd24836dac4494a,2,0.0,-13.0,0.0,0.0,High rate monitoring,0.014382177431523306
297d5eccd19fa9a83b2630071ff105e4,8,0.0,-12.625,0.0,0.0,High volume high risk,0.03345056507114092
299c89a525fee36c567f4fe72f038100,1,0.0,-5.0,0.0,0.0,High rate monitoring,0.005604665660905671
29c322e3f09f886f8bacbe91dfbd979e,1,0.0,-20.0,0.0,0.0,High rate monitoring,0.005604665660905671
29e6e05b65f93bc224c644319dc52ecf,4,0.0,-15.0,0.0,0.0,High rate monitoring,0.023556294965854933
29fe9f200d3fa0c668d2aa1ec7e08dfb,5,0.0,-16.0,0.2,0.0,High rate monitoring,0.09830975284422638
2a1348e9addc1af5aaa619b1a3679d6b,48,0.2708333333333333,0.9791666666666666,0.3541666666666667,4.604166666666667,High volume high risk,0.7404413954415655
2a167ca73899c85001a837d8fb4962f6,2,0.0,-14.5,0.0,0.0,High rate monitoring,0.014382177431523306
2a261b5b644fa05f4f2700eb93544f2c,51,0.1568627450980392,-9.666666666666666,0.2156862745098039,1.7254901960784317,High volume high risk,0.627619211153431
2a50b7ee5aebecc6fd0ff9784a4747d6,1,1.0,17.0,1.0,1.0,High rate monitoring,0.08845084106949393
2a5b78b41cd05baeac8df54c6606b92c,46,0.0217391304347826,-19.369565217391305,0.0434782608695652,0.0434782608695652,High volume high risk,0.226757853440213
2a61c271b1ac763450d846849783e922,17,0.1764705882352941,-7.647058823529412,0.1764705882352941,0.5294117647058824,High volume high risk,0.48408566523194285
2a6fbeaa7ab9e5d59a35841a8da71ce4,30,0.0666666666666666,-12.8,0.1666666666666666,0.3333333333333333,High volume high risk,0.4250701167935138
2a73cba571d90c694b7caca072ccf6ce,1,0.0,0.0,0.0,0.0,High rate monitoring,0.005604665660905671
2a7c6c0b0d5efde2bf75ec1e1cec2d41,3,0.0,-15.333333333333334,0.3333333333333333,0.0,High rate monitoring,0.08226048224997312
2a7dc43cecabf23403078e2188437d1d,52,0.0576923076923076,-10.01923076923077,0.1153846153846153,0.3461538461538461,High volume high risk,0.3745340676201642
2a84855fd20af891be03bc5924d2b453,155,0.0258064516129032,-12.419354838709678,0.0774193548387096,0.3096774193548387,High volume high risk,0.29551255403403137
2aa3443d7bf9d9bb11133f420d75e083,10,0.2,-8.9,0.4,0.8,High volume high risk,0.5038144489482108
2aafae69bf4c41fbd94053d9413e87ee,2,0.0,-27.5,0.0,0.0,High rate monitoring,0.014382177431523306
2addf05f476d0637864454e93ba673d5,12,0.0,-15.083333333333334,0.0,0.0,High volume high risk,0.03949358447088838
2b03ac196f5ed62ac483960fe0fa3b65,7,0.1428571428571428,-9.571428571428571,0.1428571428571428,0.1428571428571428,High volume high risk,0.3059222694928746
2b1a40c1daabc6ca280c4b815c101841,22,0.0454545454545454,-14.227272727272728,0.1818181818181818,0.1818181818181818,High volume high risk,0.37898763577000494
2b2fed75b8e5ea3a052fc4c0825da485,3,0.0,-20.333333333333332,0.0,0.0,High rate monitoring,0.01976766622300808
2b3b9ce054da76a7428df143a567b156,5,0.0,-14.8,0.2,0.0,High rate monitoring,0.09830975284422638
2b3e4a2a3ea8e01938cabda2a3e5cc79,52,0.0,-11.923076923076923,0.0769230769230769,0.0,High volume high risk,0.1266801982344274
2b402d5dc42554061f8ea98d1916f148,1,0.0,-25.0,0.0,0.0,High rate monitoring,0.005604665660905671
2b5ed0c9139dae8883a200dfcb272ece,4,0.25,-5.25,0.0,0.0,High rate monitoring,0.07698480370102029
2ba91c7ad80ff88b23b7db823b43c233,6,0.1666666666666666,-3.0,0.1666666666666666,0.1666666666666666,High rate monitoring,0.313195279882799
2bd05d410a8fd26dc4184a15f4f2f588,6,0.0,-19.0,0.0,0.0,High rate monitoring,0.02921314559567034
2bdb95a56a36ebbc6640337ac5eac174,1,0.0,-34.0,0.0,0.0,High rate monitoring,0.005604665660905671
2be17df1c49978426251562096c3cc09,16,0.0625,-16.125,0.0625,0.0625,High volume high risk,0.23454833281058496
2bf28e311bba65237358230cabac3f15,7,0.2857142857142857,-11.0,0.2857142857142857,0.5714285714285714,High volume high risk,0.4194178624320958
2bf6a2c1e71bbd29a4ad64e6d3c3629f,30,0.0666666666666666,-14.466666666666669,0.1333333333333333,0.2666666666666666,High volume high risk,0.38063402194695767
2c00c85d30361cd2ced2969cffbbffa3,1,0.0,-8.0,0.0,0.0,High rate monitoring,0.005604665660905671
2c2c9832d1bb38c5b0034a3b47d313ee,1,0.0,-14.0,0.0,0.0,High rate monitoring,0.005604665660905671
2c3d56f92f360fb89d849b84e8f50eae,7,0.1428571428571428,-5.285714285714286,0.4285714285714285,0.4285714285714285,High volume high risk,0.41195256857250534
2c43fb513632d29b3b58df74816f1b06,3,0.0,-16.666666666666668,0.3333333333333333,0.0,High rate monitoring,0.08226048224997312
2c4c47cb51acd5ea5db5e0ae0e26542a,12,0.0,-13.916666666666666,0.0,0.0,High volume high risk,0.03949358447088838
2c538755f1ca9540af144f266e70df6c,1,0.0,-17.0,0.0,0.0,High rate monitoring,0.005604665660905671
2c54051840f19eca309a5423cf22df36,2,0.0,-14.5,0.0,0.0,High rate monitoring,0.014382177431523306
2c9005d8043aff18b8557ffb7b13cda4,1,0.0,-8.0,0.0,0.0,High rate monitoring,0.005604665660905671
2c9e548be18521d1c43cde1c582c6de8,124,0.1532258064516129,-6.604838709677419,0.1290322580645161,2.4516129032258065,High volume high risk,0.5492170197021743
2cb4700db635baa1c0d4f90ed27b6669,2,0.0,-29.0,0.5,0.0,High rate monitoring,0.0629624726501831
2cb6eb1b7185064167657fa09f541105,6,0.0,-11.833333333333334,0.1666666666666666,0.0,High rate monitoring,0.10037627761305193
2cb98e27ce1c18abdb42209b34c382a7,1,0.0,-16.0,0.0,0.0,High rate monitoring,0.005604665660905671
2d20f1cd18725c91147da0791d498022,1,0.0,-8.0,0.0,0.0,High rate monitoring,0.005604665660905671
2d22fc3089eb907b29ebff50581fb472,3,0.0,-10.666666666666666,0.0,0.0,High rate monitoring,0.01976766622300808
2d2322d842118867781fc737e96d59a1,8,0.125,-6.625,0.0,0.0,High volume high risk,0.09909015357255475
2d2c62bef4c8ba0dd74e0e228e808539,16,0.125,-9.3125,0.1875,0.375,High volume high risk,0.45752055823437854
2d34636518ba88f5349b732fcf8ba2e4,1,0.0,-28.0,0.0,0.0,High rate monitoring,0.005604665660905671
2d378dbb39815785238c0139c7647fb7,2,0.0,-18.0,0.0,0.0,High rate monitoring,0.014382177431523306
2d42ebcda99fd55f6f4bc2f1ca035d50,10,0.0,-13.9,0.1,0.0,High volume high risk,0.09823884768165966
2d50d6282f8aa2257819a77bfaa0efe0,42,0.0952380952380952,-10.428571428571429,0.1904761904761904,0.7619047619047619,High volume high risk,0.5225481707185105
2d518637f53161b973e01f56ea4bb88e,13,0.0,-21.615384615384617,0.0,0.0,High volume high risk,0.040526846855301155
2d8cfba3fcd3170555941605edaa196a,1,0.0,-14.0,0.0,0.0,High rate monitoring,0.005604665660905671
2d9e8987a2ea5cf88dce330249043ff1,2,0.0,-5.5,0.0,0.0,High rate monitoring,0.014382177431523306
2dcf93836ae3ce0d7c93e2f10876467a,9,0.2222222222222222,-8.555555555555555,0.1111111111111111,0.2222222222222222,High volume high risk,0.3206785292185422
2dd1fb6f0e42a2243b8a01e40cd41216,3,0.0,-15.666666666666666,0.3333333333333333,0.0,High rate monitoring,0.08226048224997312
2dee2ce60de9709b1a24083217181a1f,54,0.0185185185185185,-17.537037037037038,0.0555555555555555,0.0555555555555555,High volume high risk,0.23784235828146597
2e0dba2da448400b1c11d7b4b22f32a4,7,0.0,-16.0,0.4285714285714285,0.0,High volume high risk,0.13540257773921008
2e13c71026e1a39ba5cc1b86dcb679aa,24,0.0416666666666666,-13.083333333333334,0.125,0.125,High volume high risk,0.31693202587839187
2e1a7d075abe038c1b2743005fe42ff1,18,0.1666666666666666,-7.388888888888889,0.1666666666666666,0.5,High volume high risk,0.47521984768211767
2e1c9f22be269ef4643f826c9e650a52,161,0.062111801242236,-10.4472049689441,0.1118012422360248,1.1180124223602486,High volume high risk,0.41908605079465194
2e2f44824ab87a0cb961f68bf4073e7f,1,0.0,-10.0,1.0,0.0,High rate monitoring,0.02548405387010717
2e3be8a987a30d7544dbbda6861cc14e,14,0.0714285714285714,-11.214285714285714,0.1428571428571428,0.1428571428571428,High volume high risk,0.3387731144958639
2e7ea2aafec5835e781b21d6d1faf1f1,7,0.1428571428571428,-5.285714285714286,0.0,0.0,High volume high risk,0.09564244612571315
2e90cb1677d35cfe24eef47d441b7c87,127,0.1259842519685039,-10.385826771653544,0.1417322834645669,2.267716535433071,High volume high risk,0.5516053619668897
2ea0861cc19e94cad86438c984c52da4,6,0.0,-7.833333333333333,0.1666666666666666,0.0,High rate monitoring,0.10037627761305193
2eb70248d66e0e3ef83659f71b244378,187,0.1122994652406417,-10.053475935828876,0.46524064171123,9.77005347593583,High volume high risk,0.7502059746150033
2ec6e37d992a95eaddb3369dcbcc76d9,2,0.0,-19.0,1.0,0.0,High rate monitoring,0.06539483469833833
2ee0a0689f2f6a72f35a7cb6033f6e7e,4,0.0,-11.75,0.0,0.0,High rate monitoring,0.023556294965854933
2eeb6531ee027a48d401e72bebdd87d3,3,0.0,-27.333333333333332,0.0,0.0,High rate monitoring,0.01976766622300808
2ef086a599b597572aca4433b7ed6b3d,1,0.0,-15.0,0.0,0.0,High rate monitoring,0.005604665660905671
2f09f7d37a97956d11cc1a7cadd5262b,7,0.1428571428571428,-10.285714285714286,0.1428571428571428,0.1428571428571428,High volume high risk,0.3059222694928746
2f1e7b90e01d9f086cbcb301c0c3d406,1,0.0,-10.0,0.0,0.0,High rate monitoring,0.005604665660905671
2f3d8b4c9e2ee165075331fea3f3095a,1,0.0,-15.0,0.0,0.0,High rate monitoring,0.005604665660905671
2f4b0d3b9634b647d4edee577d7ebb7e,10,0.0,-8.5,0.0,0.0,High volume high risk,0.036821714062709884
2f4b9d112bfa44a214bc6cef085d17c8,5,0.0,-25.2,0.0,0.0,High rate monitoring,0.026583023162619634
2f73e04d12cdf0c945ded66bb3fcf6c7,3,0.0,-17.666666666666668,0.3333333333333333,0.0,High rate monitoring,0.08226048224997312
2f74af7a0ee5636f12c2336f9fffed47,13,0.0,-8.76923076923077,0.0769230769230769,0.0,High volume high risk,0.0958307441543506
2f9b7ce230a057a98a9f5df5893ee36c,2,0.0,-6.5,0.0,0.0,High rate monitoring,0.014382177431523306
2fa13c8bd5705d279f7ed5cc9ec61c68,2,0.0,-9.0,0.0,0.0,High rate monitoring,0.014382177431523306
2fb25ab44bdbeae6a4d816e0d0c9d500,5,0.0,-19.0,0.0,0.0,High rate monitoring,0.026583023162619634
2fdde51ad3e12f297da656d4fbd5d0b5,9,0.0,-18.0,0.0,0.0,High volume high risk,0.03530834996432753
2ff6b7bff164ef05590a52734e1296da,7,0.0,-15.142857142857142,0.0,0.0,High volume high risk,0.03143622527122511
2ff97219cb8622eaf3cd89b7d9c09824,87,0.0344827586206896,-9.57471264367816,0.0344827586206896,0.1034482758620689,High volume high risk,0.2522989374065795
3076499bbc033a927bf4a8a41bcf7fd4,7,0.0,-10.428571428571429,0.1428571428571428,0.0,High volume high risk,0.10055202233767349
3078096983cf766a32a06257648502d1,56,0.0357142857142857,-12.553571428571429,0.1071428571428571,0.2142857142857142,High volume high risk,0.32600161687464563
30829ded4523ab9224b93bc49a62c95f,18,0.0555555555555555,-17.61111111111111,0.2222222222222222,0.2222222222222222,High volume high risk,0.40837821477843045
3092c0b297aacfb4bb6e056ebe13b9b8,16,0.0,-28.1875,0.125,0.0,High volume high risk,0.12773807540634766
30a2f535bb48308f991d0b9ad4a8c4bb,71,0.028169014084507,-13.169014084507042,0.1267605633802817,0.2535211267605634,High volume high risk,0.3550082042293721
30a81d8cf85fb2ada1b1b094c9583a95,17,0.0,-8.176470588235293,0.0,0.0,High volume high risk,0.043616197014757545
30c7f28fd3a5897b2c82d152bb760c17,6,0.1666666666666666,-2.6666666666666665,0.6666666666666666,0.6666666666666666,High rate monitoring,0.40724579292053276
312ba1d77e9c332ef21f9598b7f64cd7,7,0.5714285714285714,4.714285714285714,0.4285714285714285,1.7142857142857142,High volume high risk,0.4642146124258834
31344c16881c08a8a72c6d2eb29918c1,42,0.0476190476190476,-10.333333333333334,0.0952380952380952,0.1904761904761904,High volume high risk,0.3143570308396347
31561f325664a8a7aba4c8d0c3a9b3db,36,0.0,-9.5,0.0277777777777777,0.0,High volume high risk,0.10290655631427549
318f287a62ab7ac10b703ac37435a231,51,0.0980392156862745,-9.862745098039216,0.196078431372549,0.9803921568627452,High volume high risk,0.5428333183894861
31ae0774c17fabd06ff707cc5bde005f,11,0.0909090909090909,-12.363636363636363,0.1818181818181818,0.1818181818181818,High volume high risk,0.3720585149526074
31be790e64fc99f8ff48ec2bd18a3104,6,0.3333333333333333,-2.8333333333333335,0.0,0.0,High rate monitoring,0.09781325472869704
31da954dc0855f2495c6310f70a2f931,29,0.0689655172413793,-10.586206896551724,0.1034482758620689,0.2068965517241379,High volume high risk,0.336018459372947
31e60bf8d103ce47932a85f5562deb16,1,0.0,-20.0,0.0,0.0,High rate monitoring,0.005604665660905671
31eec405c9bb71dec8e2629a92e764fa,5,0.0,-14.4,0.0,0.0,High rate monitoring,0.026583023162619634
323ce52b5b81df2cd804b017b7f09aa7,29,0.1379310344827586,-5.655172413793103,0.0689655172413793,0.2758620689655172,High volume high risk,0.3360232075084301
324583d68897f5ddbaf38f6248322176,2,0.5,-1.0,1.0,1.0,High rate monitoring,0.22277403617624855
325f3178fb58e2a9778334621eecdbf9,36,0.0,-11.805555555555555,0.0833333333333333,0.0,High volume high risk,0.12396815066321863
327b89b872c14d1c0be7235ef4871685,3,0.3333333333333333,9.0,0.6666666666666666,0.6666666666666666,High rate monitoring,0.2957119993710988
3289d8c3eef4873f91ce0b1343c0dd58,1,0.0,-20.0,0.0,0.0,High rate monitoring,0.005604665660905671
328acb143b4a73aad6bee8e734f5d20d,2,0.0,-17.0,0.0,0.0,High rate monitoring,0.014382177431523306
3296662b1331dea51e744505065ae889,1,0.0,-11.0,0.0,0.0,High rate monitoring,0.005604665660905671
32b8764b4ef628b53608fc34011fcc13,36,0.0277777777777777,-14.61111111111111,0.0555555555555555,0.0555555555555555,High volume high risk,0.23107981118496768
32e5635e63cb374eb63afdd242fb6134,1,0.0,-5.0,0.0,0.0,High rate monitoring,0.005604665660905671
32f1bb9dfa65bc7df5c0d9d95a616be4,4,0.25,-7.0,0.25,0.25,High rate monitoring,0.3025640151663063
32f83ffe11cd40f7adcf4eef171f52d9,1,0.0,-15.0,0.0,0.0,High rate monitoring,0.005604665660905671
32fdd5d44ecb43dfd6a24b9369eca144,8,0.0,-16.75,0.0,0.0,High volume high risk,0.03345056507114092
333c4210e76a1aa2ab817b99437e3ff1,2,0.0,-23.5,0.0,0.0,High rate monitoring,0.014382177431523306
3340ef1913fb70d28420f6ceb685c339,32,0.03125,-9.625,0.0625,0.0625,High volume high risk,0.23461661748938556
334cab711dee080b079fa5779b584783,11,0.0,-13.454545454545457,0.0,0.0,High volume high risk,0.03814721227301718
33576ec5412fb5905d876f12f33bfde6,31,0.032258064516129,-17.129032258064516,0.0967741935483871,0.0967741935483871,High volume high risk,0.2788212074319359
3361277dc30b7cccdb0c286b24219756,29,0.0689655172413793,-15.93103448275862,0.0689655172413793,0.1379310344827586,High volume high risk,0.2830084023355458
3364a91ec4d56c98e44174de954b94f6,6,0.0,-26.0,0.3333333333333333,0.0,High rate monitoring,0.1215665732933869
33a17d60c64393351ebf1ef860f4e0f2,43,0.0232558139534883,-15.604651162790695,0.0232558139534883,0.0232558139534883,High volume high risk,0.21734886668954623
33a6f4b1e7cdc205511e76ba1b6e0186,105,0.019047619047619,-13.066666666666666,0.0857142857142857,0.1714285714285714,High volume high risk,0.29373690194694857
33ab10be054370c254ddfcf0a6253422,4,0.0,-9.0,0.0,0.0,High rate monitoring,0.023556294965854933
33ac3e28642ab8bda860a2f693000e78,34,0.0,-13.029411764705882,0.1176470588235294,0.0,High volume high risk,0.14536547775861225
33c51922b6e3c16b24a8f28e5833c99d,18,0.0555555555555555,-13.666666666666666,0.1111111111111111,0.1111111111111111,High volume high risk,0.30013438457859093
33cbbec1e7e1044aaf11d152172c776f,15,0.0,-16.2,0.0,0.0,High volume high risk,0.0420610849412474
33cbda8716511e27e556dff9d8418bf2,5,0.0,-19.4,0.0,0.0,High rate monitoring,0.026583023162619634
33d677f27a69b84051204ee4ae76eaca,9,0.0,-20.11111111111111,0.1111111111111111,0.0,High volume high risk,0.09926878221157719
33dd941c27854f7625b968cc6195a552,5,0.0,-19.8,0.2,0.0,High rate monitoring,0.09830975284422638
33fd411ed63a7c2f9005e3f065d9f85d,1,0.0,-25.0,0.0,0.0,High rate monitoring,0.005604665660905671
34056b8b55c1775a22af2331670a799c,77,0.1168831168831168,-10.92207792207792,0.1428571428571428,1.2857142857142856,High volume high risk,0.5232821815606438
340636a908b13bbe0f4fb63fbe1d0c03,3,0.0,-10.0,0.0,0.0,High rate monitoring,0.01976766622300808
343e716476e3748b069f980efbaa294e,16,0.0625,-12.375,0.125,0.125,High volume high risk,0.3157697267705529
3442033154be05bac582e173ef54fd12,1,0.0,-3.0,0.0,0.0,High rate monitoring,0.005604665660905671
344223b2a90784f64136a8a5da012e7f,1,0.0,0.0,1.0,0.0,High rate monitoring,0.02548405387010717
3442f8959a84dea7ee197c632cb2df15,3,0.3333333333333333,-6.0,0.3333333333333333,0.3333333333333333,High rate monitoring,0.2754296170561858
34675b28b826facfde119785bf287dc1,1,0.0,-16.0,0.0,0.0,High rate monitoring,0.005604665660905671
3481aa57cd91f9f9d3fa1fa12d9a3bf7,25,0.0,-16.88,0.2,0.0,High volume high risk,0.175544859024555
3492e68f37fd1df87f4f2f2ea247f445,8,0.0,-8.625,0.25,0.0,High volume high risk,0.1314666894107059
34a557286ead8fe75c989e0afcf7d98c,4,0.0,-11.25,0.0,0.0,High rate monitoring,0.023556294965854933
34d1ca11b242c0fee2c834ae8d788566,40,0.0,-13.875,0.05,0.0,High volume high risk,0.10945518288215322
34f563c82a85b99ae9e6d60db5fc2e28,8,0.0,-12.625,0.0,0.0,High volume high risk,0.03345056507114092
3504c0cb71d7fa48d967e0e4c94d59d9,53,0.0,-10.79245283018868,0.0377358490566037,0.0,High volume high risk,0.11064469248845135
35281d148dcf7134bae913c57db4e6da,1,0.0,-22.0,0.0,0.0,High rate monitoring,0.005604665660905671
353e21e8bf8de2722b4fae1636664b76,4,0.0,-17.25,0.5,0.0,High rate monitoring,0.10312503684431294
35857757f553273b1056c1cabdace7fb,6,0.1666666666666666,-5.833333333333333,0.1666666666666666,0.1666666666666666,High rate monitoring,0.313195279882799
3586b8580d9c917874e053a1bb37b5ff,36,0.0277777777777777,-17.88888888888889,0.0555555555555555,0.0555555555555555,High volume high risk,0.23107981118496768
35b96509602ec4b7da831b5cd73ff2c2,2,0.0,-14.0,0.0,0.0,High rate monitoring,0.014382177431523306
35ef5aa32949680f627efec3c23e705c,4,0.0,-16.5,0.25,0.0,High rate monitoring,0.09258044243368588
35fb511489d9ee3ee27a76debce9df06,7,0.1428571428571428,-10.571428571428571,0.1428571428571428,0.1428571428571428,High volume high risk,0.3059222694928746
3606774ec64634822d78dc2db6d37045,1,0.0,-35.0,0.0,0.0,High rate monitoring,0.005604665660905671
365e445f796710c3431557e85caa25db,4,0.0,-18.0,0.0,0.0,High rate monitoring,0.023556294965854933
365e4bce19bda0082c3d15d83fdb8bcd,6,0.0,-12.666666666666666,0.0,0.0,High rate monitoring,0.02921314559567034
36890be00bbfc1cdb9a4a38a6af05a69,13,0.1538461538461538,-11.615384615384617,0.1538461538461538,0.3076923076923077,High volume high risk,0.41415491191375026
36a968b544695394e4e9d7572688598f,148,0.0337837837837837,-12.39864864864865,0.2094594594594594,1.0472972972972974,High volume high risk,0.4839229211629421
36f98ad67cc981f50ce8aed093d5783c,2,0.0,-13.5,0.0,0.0,High rate monitoring,0.014382177431523306
37303482a42fb700d8d127e70a9cd6c8,1,0.0,-15.0,0.0,0.0,High rate monitoring,0.005604665660905671
373ee4a3a775a733770ca3f790b8b9ac,13,0.0769230769230769,-11.461538461538462,0.2307692307692307,0.2307692307692307,High volume high risk,0.40895570011962323
37515688008a7a40ac93e3b2e4ab203f,227,0.079295154185022,-7.964757709251101,0.1013215859030837,1.8237885462555063,High volume high risk,0.43049731268402835
376a891762bbdecbc02b4b6adec3fdda,57,0.0350877192982456,-15.175438596491228,0.0175438596491228,0.0350877192982456,High volume high risk,0.23624478182040332
376d67b61dce0c990155286e7ae486a4,1,0.0,-5.0,0.0,0.0,High rate monitoring,0.005604665660905671
3771c85bac139d2344864ede5d9341e3,26,0.1153846153846153,-7.6923076923076925,0.2307692307692307,0.6923076923076923,High volume high risk,0.5355408771620339
377bc18334c78dd2f1535ef22a3ad225,1,0.0,-13.0,0.0,0.0,High rate monitoring,0.005604665660905671
3785b653b1b82de85ab47dd139938091,21,0.0,-18.285714285714285,0.0,0.0,High volume high risk,0.04589146165922204
37be5a7c751166fbc5f8ccba4119e043,269,0.0260223048327137,-13.479553903345725,0.0892193308550185,0.6245353159851301,High volume high risk,0.31884943965153467
37dd29b36c458d82f74a953c40c43645,7,0.1428571428571428,-10.285714285714286,0.2857142857142857,0.2857142857142857,High volume high risk,0.3862055330367238
38102b031c2a15e54623d711bfc753d3,8,0.0,-13.5,0.0,0.0,High volume high risk,0.03345056507114092
381c83fdca332ea6afd896da20bf6e4a,46,0.0217391304347826,-15.847826086956522,0.0869565217391304,0.0869565217391304,High volume high risk,0.27094569843934707
382229d1e840115ffe3dbf5ff460e417,45,0.0666666666666666,-10.6,0.1111111111111111,0.3333333333333333,High volume high risk,0.3724378627389885
385799a1cddbd26dfeb9157356a42282,4,0.0,-13.5,0.0,0.0,High rate monitoring,0.023556294965854933
38874e327ce94d11390b96eb42d61928,6,0.1666666666666666,-11.666666666666666,0.0,0.0,High rate monitoring,0.09115121150799908
389e45560e33d2d0747f949dcddbc08e,1,0.0,-7.0,0.0,0.0,High rate monitoring,0.005604665660905671
38af8acfd46ac4a7bf754e8ca6736664,5,0.0,-14.2,0.0,0.0,High rate monitoring,0.026583023162619634
38e679b9e0064cd94c6f035707344dae,27,0.037037037037037,-16.88888888888889,0.1481481481481481,0.1481481481481481,High volume high risk,0.34712490165784327
38e6dada03429a47197d5d584d793b41,7,0.0,-11.142857142857142,0.1428571428571428,0.0,High volume high risk,0.10055202233767349
38f276ca6e7cc95a6d1bb55ac9e5550f,1,0.0,-14.0,0.0,0.0,High rate monitoring,0.005604665660905671
3903c788ded8dc03b5ebab37a2f3e9a1,5,0.2,-5.6,0.0,0.0,High rate monitoring,0.08496541993756564
391bbd13b6452244774beff1824006ed,1,1.0,24.0,1.0,1.0,High rate monitoring,0.08845084106949393
391fc6631aebcf3004804e51b40bcf1e,521,0.0863723608445297,-11.406909788867562,0.1477927063339731,6.65067178502879,High volume high risk,0.5420393434280453
392353362d22cc2c236e1ee81ff19890,5,0.0,-15.6,0.0,0.0,High rate monitoring,0.026583023162619634
392e0502231ae2f8b29994ef6398cd77,17,0.1176470588235294,-7.9411764705882355,0.0588235294117647,0.1176470588235294,High volume high risk,0.2786720691250842
392f7f2c797e4dc077e4311bde2ab8ce,2,0.0,-8.0,0.0,0.0,High rate monitoring,0.014382177431523306
3935fe5fe0f82787a9dcb8deb62be09d,16,0.125,-10.75,0.0625,0.125,High volume high risk,0.2810666195563315
3968920b9aa752ab98f7d5888c9252f2,8,0.125,-12.25,0.25,0.25,High volume high risk,0.3894419844829809
3969863bb8af7f72580b3b1ffd3a17b3,12,0.0,-12.0,0.0833333333333333,0.0,High volume high risk,0.09648199961119279
397c4d0c005b6f41f90098ac724e28cb,5,0.4,-5.8,0.0,0.0,High rate monitoring,0.08988414078203386
3985a3c45be355a4c57fde108bfabd1c,7,0.0,-17.714285714285715,0.1428571428571428,0.0,High volume high risk,0.10055202233767349
3986c0b54f6b748b75e7bd4e092aa3e5,1,0.0,-12.0,0.0,0.0,High rate monitoring,0.005604665660905671
398cb257329ef7af7f1943a8974a3cbc,1,0.0,-18.0,0.0,0.0,High rate monitoring,0.005604665660905671
39a5005f2605cbdb4f9ac14485cabfd1,3,0.0,-17.666666666666668,0.0,0.0,High rate monitoring,0.01976766622300808
39c763cca83e654764b7a4a650fb9b7c,11,0.1818181818181818,-6.818181818181818,0.2727272727272727,0.5454545454545454,High volume high risk,0.4830656639564672
39d54ff918774174706fb065d7f9dc07,22,0.0909090909090909,-12.136363636363637,0.2272727272727272,0.4545454545454545,High volume high risk,0.48785743930479164
39d61be7a92eb77b7da367bd4845bc0e,7,0.0,-11.571428571428571,0.1428571428571428,0.0,High volume high risk,0.10055202233767349
39f776d2974049026ff531fc42ef2a3e,3,0.0,-19.333333333333332,0.3333333333333333,0.0,High rate monitoring,0.08226048224997312
3a1a1fec38dd360f15fc912e821e169d,15,0.2666666666666666,-5.2,0.2,0.8,High volume high risk,0.5123923899860878
3a3c180dd702a725bd0ba4117689239e,1,0.0,-7.0,0.0,0.0,High rate monitoring,0.005604665660905671
3a3e46d10f74d8a6ca76e2b538f106a0,2,0.0,-13.0,0.0,0.0,High rate monitoring,0.014382177431523306
3a4127e1ba7208ea37044c5092aae170,5,0.0,-13.8,0.2,0.0,High rate monitoring,0.09830975284422638
3a490ba60afa30ece0e7d50cfe74a4f0,8,0.0,-13.0,0.0,0.0,High volume high risk,0.03345056507114092
3a52d63a8f9daf5a28f3626d7eb9bd28,1,0.0,-41.0,1.0,0.0,High rate monitoring,0.02548405387010717
3a734b715d333a2588a3d54a0c9b8746,15,0.0666666666666666,-11.6,0.0,0.0,High volume high risk,0.1060078139621185
3a79f35a2344ede41af21267f61d5ec6,1,0.0,-8.0,1.0,0.0,High rate monitoring,0.02548405387010717
3aa3c89ae3cd482385568be76120f63c,1,0.0,-8.0,0.0,0.0,High rate monitoring,0.005604665660905671
3ab971ce71839580d2ae5b4e40fe8044,35,0.0571428571428571,-12.085714285714284,0.2,0.4,High volume high risk,0.453211008668462
3ac588cd562971392504a9e17130c40b,1,0.0,-6.0,0.0,0.0,High rate monitoring,0.005604665660905671
3ade81dab5a172b88e1871c28ae05260,28,0.1071428571428571,-10.214285714285714,0.1428571428571428,0.4285714285714285,High volume high risk,0.44097371059505025
3afc536624bc2e65bddfb5db33cc01f3,6,0.0,-9.5,0.3333333333333333,0.0,High rate monitoring,0.1215665732933869
3b15288545f8928d3e65a8f949a28291,101,0.0693069306930693,-11.445544554455443,0.1188118811881188,0.8316831683168318,High volume high risk,0.42886447585286147
3b18f9856c6eb2413eafedb58e9eecd9,1,0.0,-17.0,0.0,0.0,High rate monitoring,0.005604665660905671
3b872fd4747f01cc56206f2934198618,25,0.16,-9.48,0.16,0.64,High volume high risk,0.49238542277517894
3bb32fedaa74e4ad20f4ce067733bd31,2,0.0,-10.0,0.0,0.0,High rate monitoring,0.014382177431523306
3bb548e3cb7f70f28e3f11ee9dce0e59,46,0.0,-17.58695652173913,0.1304347826086956,0.0,High volume high risk,0.1613557781234521
3bdff180c7e1f6551a643b99c265a120,56,0.0178571428571428,-12.785714285714286,0.0892857142857142,0.0892857142857142,High volume high risk,0.2763611630137835
3be5841cdcc46de4ed3f9116f104b2c5,4,0.0,-25.75,0.0,0.0,High rate monitoring,0.023556294965854933
3be634553519fb6536a03e1358e9fdc7,80,0.075,-10.675,0.1625,0.975,High volume high risk,0.49377048270878554
3bfba5a77604f6dfae7e6dd7aaf65821,4,0.0,-8.75,0.0,0.0,High rate monitoring,0.023556294965854933
3c010235b7345c92f125d14ee232a76b,15,0.0,-9.133333333333333,0.0,0.0,High volume high risk,0.0420610849412474
3c03b12bab54d8b37d79d914bfdb1aa0,37,0.1621621621621621,-9.16216216216216,0.1891891891891892,1.135135135135135,High volume high risk,0.5709043748370348
3c3017960b2dbd72711a61f0400aab8f,9,0.0,-21.333333333333332,0.2222222222222222,0.0,High volume high risk,0.135070189041194
3c487ae8f8d7542beff5788e2e0aea83,30,0.0333333333333333,-11.066666666666666,0.1,0.1,High volume high risk,0.28267326699467554
3c4e0452bff7a2a788179488d3d77032,32,0.03125,-15.40625,0.1875,0.1875,High volume high risk,0.3819091928249837
3c7c4a49ec3c6550809089c6a2ca9370,139,0.0575539568345323,-9.453237410071942,0.2733812949640288,2.1870503597122304,High volume high risk,0.5768991949904102
3c88ed2e76a2247933a15daa7161eb1c,1,0.0,-9.0,0.0,0.0,High rate monitoring,0.005604665660905671
3ca08eeb8d5595949fed424bd3677742,13,0.0,-14.384615384615383,0.0,0.0,High volume high risk,0.040526846855301155
3cfa1358a6caa965278721344c8d76f2,5,0.0,-16.0,0.0,0.0,High rate monitoring,0.026583023162619634
3d01d1c414c44b5943a09619ff3853cb,4,0.0,-14.0,0.0,0.0,High rate monitoring,0.023556294965854933
3d0cd21d41671c46f82cd11176bf7277,9,0.0,-13.11111111111111,0.0,0.0,High volume high risk,0.03530834996432753
3d2400ac620cffa23ac81bd192f7f555,1,0.0,-1.0,0.0,0.0,High rate monitoring,0.005604665660905671
3d2531eccfbde1d7c8db7a3a12fb267a,10,0.0,-14.0,0.1,0.0,High volume high risk,0.09823884768165966
3d290fe363c60a77498c1126fd3fb8d3,3,0.0,-12.666666666666666,0.0,0.0,High rate monitoring,0.01976766622300808
3d39fbf22a665714baf62fae36029e23,8,0.0,-13.375,0.0,0.0,High volume high risk,0.03345056507114092
3d3ccf2b2f8134b10dce9dd446f0e075,3,0.3333333333333333,-4.666666666666667,0.3333333333333333,0.3333333333333333,High rate monitoring,0.2754296170561858
3d4824f20035949c710eaf111f869d39,8,0.125,-19.625,0.25,0.25,High volume high risk,0.3894419844829809
3d49bfdd1b43a7fe169b3740067acc61,3,0.0,-20.333333333333332,0.0,0.0,High rate monitoring,0.01976766622300808
3d4b1ae7539303b5704493798893e82c,6,0.0,-11.0,0.0,0.0,High rate monitoring,0.02921314559567034
3d5d0dc7073a299e31fa718ce1bc00b6,21,0.0476190476190476,-13.761904761904765,0.1428571428571428,0.1428571428571428,High volume high risk,0.3401135815027312
3d621842b2ed28e2b474132480edac3c,8,0.0,-11.875,0.0,0.0,High volume high risk,0.03345056507114092
3d62f86afa7c73be2628a3be1423f5a0,2,0.0,-21.0,0.0,0.0,High rate monitoring,0.014382177431523306
3d68c634a99a1ba46dbca3967a69c623,2,0.0,-7.5,0.0,0.0,High rate monitoring,0.014382177431523306
3d700782d7818f2c1e0d7a9e9d75fc00,3,0.3333333333333333,-2.6666666666666665,0.3333333333333333,0.3333333333333333,High rate monitoring,0.2754296170561858
3d871de0142ce09b7081e2b9d1733cb1,1064,0.0545112781954887,-13.088345864661656,0.1033834586466165,5.996240601503759,High volume high risk,0.400827954407181
3d8fa2f5b647373c8620330c4e077a9f,42,0.0238095238095238,-11.5,0.119047619047619,0.119047619047619,High volume high risk,0.31530800328329495
3da38366e7bd9baf6369071f782ecdf0,1,1.0,6.0,1.0,1.0,High rate monitoring,0.08845084106949393
3db66a856d18a9cba7c9241fc5221c50,94,0.1063829787234042,-11.840425531914894,0.1063829787234042,1.0638297872340423,High volume high risk,0.4493726862086383
3dbbce181edfaa4a597ec858c382d2ec,17,0.0588235294117647,-9.823529411764708,0.1176470588235294,0.1176470588235294,High volume high risk,0.30883470478916525
3dc69bf2c42f0568a5c4791ec3fd3745,1,0.0,-1.0,0.0,0.0,High rate monitoring,0.005604665660905671
3ded4e2d5f135cb103e5949d7263d2dd,1,0.0,-17.0,0.0,0.0,High rate monitoring,0.005604665660905671
3df020b72d3d44b3af9d110fa3940b65,55,0.0909090909090909,-11.21818181818182,0.1454545454545454,0.7272727272727273,High volume high risk,0.48060433381875073
3dfd3dc96f7f8598eca74e9ac8a2fa31,6,0.1666666666666666,-10.166666666666666,0.1666666666666666,0.1666666666666666,High rate monitoring,0.313195279882799
3e35a8bb43569389d3cebef0ce820f69,1,0.0,-10.0,0.0,0.0,High rate monitoring,0.005604665660905671
3e46a38ee171c503c3b4a3f23fe3bf0c,1,0.0,-9.0,0.0,0.0,High rate monitoring,0.005604665660905671
3e51f9cbe317bc3a88f2c76583811ee4,1,0.0,-6.0,0.0,0.0,High rate monitoring,0.005604665660905671
3e8bd881d92466e63ba9e3e809cd3c50,8,0.25,-8.625,0.0,0.0,High volume high risk,0.10932046781646879
3ea00e1dea2b0659dbaf654735929220,7,0.0,-20.285714285714285,0.0,0.0,High volume high risk,0.03143622527122511
3ea08c48e851106d2f584349daba335f,1,0.0,-16.0,0.0,0.0,High rate monitoring,0.005604665660905671
3ef37b7ca6dd2b80bd8af81a62504996,2,0.0,-8.0,0.0,0.0,High rate monitoring,0.014382177431523306
3f0e48d209018b466fcd3bb4ccfeb520,9,0.0,-16.555555555555557,0.2222222222222222,0.0,High volume high risk,0.135070189041194
3f2af2670e104d1bcb54022274daeac5,6,0.1666666666666666,-19.5,0.3333333333333333,0.3333333333333333,High rate monitoring,0.3793134976950404
3f3486b61f45078d4f31ee5e43d8c5bb,39,0.1025641025641025,-10.333333333333334,0.0769230769230769,0.3076923076923077,High volume high risk,0.342949741608858
3f8034bfc6b8b4135534975d49f04c63,11,0.0,-17.727272727272727,0.1818181818181818,0.0,High volume high risk,0.13595678291872842
3f84fefc07dc159b268d4a77d3e8c425,3,0.0,-20.666666666666668,0.0,0.0,High rate monitoring,0.01976766622300808
3f995f07c49d0d55a99d5c54957f7d81,43,0.0232558139534883,-12.116279069767442,0.0930232558139534,0.0930232558139534,High volume high risk,0.27948448019917344
3f9be91358837bff69df67edfa3e42e8,7,0.0,-19.142857142857142,0.1428571428571428,0.0,High volume high risk,0.10055202233767349
3f9c56764fabca627406093dcb3ef0b4,7,0.0,-11.142857142857142,0.0,0.0,High volume high risk,0.03143622527122511
3fac58ce0ad699020c7944d53c41329c,10,0.0,-7.3,0.1,0.0,High volume high risk,0.09823884768165966
3fadb4cba4c35bce6a7eaf9872d5623a,3,0.0,-22.333333333333332,0.3333333333333333,0.0,High rate monitoring,0.08226048224997312
3faf68a3b0af94b10bac70d86077be49,7,0.0,-30.428571428571427,0.0,0.0,High volume high risk,0.03143622527122511
3fd1e727ba94cfe122d165e176ce7967,35,0.2,-8.628571428571428,0.1714285714285714,1.2,High volume high risk,0.5645888869765344
3fe7120d6257285ac6a3ce7cb071ccec,2,0.0,-16.0,0.0,0.0,High rate monitoring,0.014382177431523306
3fefda3299e6dfaea3466ef346a3571a,1,0.0,-18.0,0.0,0.0,High rate monitoring,0.005604665660905671
4003520d80d0bad1d5623f7aa3c63cda,1,0.0,-5.0,1.0,0.0,High rate monitoring,0.02548405387010717
402916f742e5c740cc751493d9cf5053,9,0.0,-18.88888888888889,0.0,0.0,High volume high risk,0.03530834996432753
403aa86912527d730337ffcb0fb096ab,11,0.0,-12.0,0.0909090909090909,0.0,High volume high risk,0.09704011562701577
4049512728d969bec69f84088b012416,7,0.0,-18.428571428571427,0.0,0.0,High volume high risk,0.03143622527122511
404e1ba01358af4cd63f679b2c4d1fa1,8,0.0,-16.25,0.0,0.0,High volume high risk,0.03345056507114092
406740ee611378a662d274c7d8c43c4a,8,0.125,-7.625,0.125,0.125,High volume high risk,0.29557924009811715
406822777a0b9eb5c50e442dd4cd3ec5,44,0.1136363636363636,-10.886363636363637,0.0909090909090909,0.4545454545454546,High volume high risk,0.3862613187618799
4091f77d8c768fc3e81c20761471761d,8,0.25,-5.375,0.375,0.75,High volume high risk,0.4650148371122563
40d54b51e962dbe09cabbcfd33298dee,30,0.0,-12.4,0.2,0.0,High volume high risk,0.1815275883888483
40db9e9aa57f7bb151bcda6b0f9bdbb7,12,0.0833333333333333,-15.5,0.5833333333333334,0.5833333333333334,High volume high risk,0.4684821024813543
40ec8ab6cdafbcc4f544da38c67da39a,2,0.0,-13.5,0.0,0.0,High rate monitoring,0.014382177431523306
411f3b52d857390502ee4e4d5ceabc2d,21,0.0952380952380952,-6.666666666666667,0.1428571428571428,0.2857142857142857,High volume high risk,0.40740970724258996
4125d9385a25e82d2f72d3a0fd55bc3f,1,0.0,-4.0,0.0,0.0,High rate monitoring,0.005604665660905671
412a4720f3e9431b4afa1476a1acddbe,21,0.0476190476190476,-8.952380952380953,0.0952380952380952,0.0952380952380952,High volume high risk,0.27766730908032816
4170f6a9367e6b5d6401d03ce6d54569,4,0.25,-0.5,0.25,0.25,High rate monitoring,0.3025640151663063
417a1e6c7321084d2a0ae0d023cfad93,1,0.0,-17.0,0.0,0.0,High rate monitoring,0.005604665660905671
41958cbd3335433c8740300e8cd600d5,1,0.0,-11.0,0.0,0.0,High rate monitoring,0.005604665660905671
41ab63a91b8b264e8c8780368bf1dd5b,12,0.0,-23.083333333333332,0.1666666666666666,0.0,High volume high risk,0.13569983368624097
41b14765bd56c8ad10971074380f9c0c,8,0.0,-11.625,0.125,0.0,High volume high risk,0.09978077788870196
41b39e28db005d9731d9d485a83b4c38,187,0.0481283422459893,-17.983957219251337,0.1283422459893048,1.1550802139037435,High volume high risk,0.4243816056814561
41b86b552e54e3a7009596125aa8b167,10,0.0,-18.8,0.1,0.0,High volume high risk,0.09823884768165966
41c2bad7229b0c25e6becf179ebf63ff,20,0.0,-15.95,0.0,0.0,High volume high risk,0.04542179693903441
41c9d3997dd3c072c31139dc5bb5761f,3,0.0,-10.333333333333334,0.0,0.0,High rate monitoring,0.01976766622300808
41da412d33e8da4f22baf55cb1bde82c,15,0.0,-18.866666666666667,0.0,0.0,High volume high risk,0.0420610849412474
41e0fa5761c886a630994a55c12087e7,5,0.0,-19.6,0.0,0.0,High rate monitoring,0.026583023162619634
4200ddf1967c5e41e48db62bc6d4b5ac,22,0.0454545454545454,-11.181818181818182,0.0909090909090909,0.0909090909090909,High volume high risk,0.2705051061579987
4221a7df464f1fe2955934e30ff3a5a1,5,0.0,-16.6,0.0,0.0,High rate monitoring,0.026583023162619634
422be4cc81a457fdb46f47edeb968ae5,1,0.0,-21.0,0.0,0.0,High rate monitoring,0.005604665660905671
427165bf50f8ca07efc7bdc2bfcf1688,5,0.6,17.8,0.4,1.2000000000000002,High rate monitoring,0.39034525586099406
42b6488f5b8246d9141712abd4b1b693,2,0.0,-13.0,0.0,0.0,High rate monitoring,0.014382177431523306
42b729f859728f5079499127a9c2ef37,103,0.0776699029126213,-7.951456310679611,0.0679611650485436,0.5436893203883494,High volume high risk,0.3462845061161559
42bde9fef835393bb8a8849cb6b7f245,34,0.0294117647058823,-14.647058823529411,0.0588235294117647,0.0588235294117647,High volume high risk,0.2321815417492729
42d4b7e70819438f5ada61c965e92d7e,1,0.0,-2.0,1.0,0.0,High rate monitoring,0.02548405387010717
42ef3192a9ff87a22d1867b74b3ee205,23,0.0,-11.043478260869565,0.0434782608695652,0.0,High volume high risk,0.09773788007709575
42fa4ee7240e9b8eb4576358ec142ba7,22,0.0,-15.681818181818182,0.0,0.0,High volume high risk,0.0464133113483194
42fb44130ac3134cde8e35cf8ec7df25,2,0.0,-14.0,0.0,0.0,High rate monitoring,0.014382177431523306
430315b7bb4b6e4b3c978f9dfa9b0558,19,0.0526315789473684,-14.421052631578949,0.2105263157894736,0.2105263157894736,High volume high risk,0.40326340013633827
4305fe92735c8a43d154ff6dd2b8d927,17,0.0,-10.588235294117649,0.1176470588235294,0.0,High volume high risk,0.1263482386757988
431050a06a317f2b38168dec3dcd2b46,10,0.0,-14.1,0.0,0.0,High volume high risk,0.036821714062709884
431af27f296bc6519d890aa5a05fdb11,116,0.1379310344827586,-7.25,0.2327586206896551,3.724137931034482,High volume high risk,0.6790383728795626
4324dd16853115efb0fd9d0d131ba6f4,12,0.0833333333333333,-12.916666666666666,0.1666666666666666,0.1666666666666666,High volume high risk,0.36223939104223435
432c37c9dfba871172ec162e20118b8c,44,0.0909090909090909,-11.613636363636363,0.1136363636363636,0.4545454545454545,High volume high risk,0.409569771791994
432c67955c0acd1fd6b0b5d678766a71,1,0.0,-48.0,0.0,0.0,High rate monitoring,0.005604665660905671
43402bdf22aa2310e8f99e2f94f78628,4,0.0,-34.5,0.5,0.0,High rate monitoring,0.10312503684431294
4342d4b2ba6b161468c63a7e7cfce593,2,0.5,-6.5,1.0,1.0,High rate monitoring,0.22277403617624855
436bf27f2f18474fc6047702e9f8a866,1,0.0,-10.0,0.0,0.0,High rate monitoring,0.005604665660905671
4371b634e0efc0e22b09b52907d9d469,101,0.0693069306930693,-10.445544554455443,0.0693069306930693,0.4851485148514852,High volume high risk,0.33657429906199593
43753b27d77860f1654aa72e251a7878,1,0.0,-1.0,0.0,0.0,High rate monitoring,0.005604665660905671
4391ea5c5990502176a1dcda44a2373d,3,0.0,-17.0,0.0,0.0,High rate monitoring,0.01976766622300808
439a47cc365d6e3bd526812ea9de3c29,8,0.0,-11.25,0.125,0.0,High volume high risk,0.09978077788870196
43a1d4bab73b816e44ef4e4facd9f9b5,1,0.0,-21.0,0.0,0.0,High rate monitoring,0.005604665660905671
43a5d4a57af536fddc96d08be3afdfcb,1,0.0,-18.0,1.0,0.0,High rate monitoring,0.02548405387010717
43b2c864251aa0ce4030c746984e088a,2,0.0,-9.0,0.5,0.0,High rate monitoring,0.0629624726501831
43f8c9950d11ecd03a0304a49e010da6,41,0.048780487804878,-12.292682926829269,0.024390243902439,0.048780487804878,High volume high risk,0.24323827439044854
44073f8b7e41514de3b7815dd0237f4f,142,0.0352112676056338,-15.985915492957746,0.204225352112676,1.0211267605633805,High volume high risk,0.4840543912332788
440dd6ab244315c632130ecfb63827b1,91,0.1318681318681318,-11.285714285714286,0.1538461538461538,1.8461538461538465,High volume high risk,0.567985519154405
443d880f15cbd3572885e1d44bf2c478,1,0.0,-14.0,1.0,0.0,High rate monitoring,0.02548405387010717
4450bd8327d471c4a11a83d1445b1b62,1,0.0,-21.0,0.0,0.0,High rate monitoring,0.005604665660905671
446cc09cdbb130904da114e807dbec40,3,0.0,-24.666666666666668,0.0,0.0,High rate monitoring,0.01976766622300808
44717f64ec2a457979cf83c429077666,2,0.0,-24.0,0.0,0.0,High rate monitoring,0.014382177431523306
447d377bdb757058acb569025ee18a93,1,0.0,-14.0,0.0,0.0,High rate monitoring,0.005604665660905671
44ed138eca6214d572ce1d813fb0049b,2,0.0,-9.0,0.0,0.0,High rate monitoring,0.014382177431523306
44f091b5abab8018f682fce8124b85e5,3,0.6666666666666666,-0.3333333333333333,0.3333333333333333,0.6666666666666666,High rate monitoring,0.2827007262709742
45213867cefbf2cd4c6177e10216a951,14,0.0714285714285714,-13.285714285714286,0.2142857142857142,0.2142857142857142,High volume high risk,0.40163060481585805
4559697a8f7e637227c2eeaed843baff,39,0.0769230769230769,-12.461538461538462,0.1282051282051282,0.3846153846153846,High volume high risk,0.40823699563704546
455befea1bb853c75ccbca94cff26e5c,1,0.0,-38.0,0.0,0.0,High rate monitoring,0.005604665660905671
455c5640e8c5bd1b2ee85c0158f85727,8,0.0,-22.875,0.0,0.0,High volume high risk,0.03345056507114092
455f46ef09a9e45667e2981df84b5cc2,1,0.0,-2.0,0.0,0.0,High rate monitoring,0.005604665660905671
457fe919b032a3f7dadba6fb92cf7855,9,0.0,-8.222222222222221,0.0,0.0,High volume high risk,0.03530834996432753
458c6fa920810ce2492da71bc26d9eec,2,0.0,-10.0,0.5,0.0,High rate monitoring,0.0629624726501831
458d868c9642f55f18f04e951a3fdde6,2,0.0,-19.0,0.0,0.0,High rate monitoring,0.014382177431523306
45a3d05fb00435e52a28859dd03703b3,1,0.0,-5.0,0.0,0.0,High rate monitoring,0.005604665660905671
45ba18c210d42734ec52c0c1c574e9ee,35,0.0571428571428571,-11.742857142857142,0.1428571428571428,0.2857142857142857,High volume high risk,0.39198426447242896
45c20d94d9171b0bcfab3c955e47d67b,4,0.0,-10.5,0.0,0.0,High rate monitoring,0.023556294965854933
45d33f715e24d15a6ccf5c17b3a23e3c,56,0.0535714285714285,-11.696428571428571,0.1071428571428571,0.3214285714285714,High volume high risk,0.35606162037184946
461ff5303b6c9c1a4a07f40c5aece516,3,0.0,-16.0,0.3333333333333333,0.0,High rate monitoring,0.08226048224997312
466222e777149751370e7e98fb623b0c,1,0.0,-9.0,0.0,0.0,High rate monitoring,0.005604665660905671
4677a5437afda5fa7140b927b07be1cc,11,0.0909090909090909,-14.090909090909092,0.0,0.0,High volume high risk,0.10439343181843946
46dc3b2cc0980fb8ec44634e21d2718e,503,0.0576540755467196,-12.113320079522865,0.1093439363817097,3.1709741550695822,High volume high risk,0.4142650552962426
46ef1a25845fc051c2998d878354810c,5,0.0,-4.8,0.0,0.0,High rate monitoring,0.026583023162619634
4736e9d642ef4257cd7622516931eb51,16,0.0,-14.5,0.125,0.0,High volume high risk,0.12773807540634766
47648caee88ccfe951fbb27fbf7b4cbe,3,0.3333333333333333,-6.0,0.3333333333333333,0.3333333333333333,High rate monitoring,0.2754296170561858
478bfe564db21eeb44386606aa30b650,3,0.0,-13.666666666666666,0.0,0.0,High rate monitoring,0.01976766622300808
47efca563408aae19bb7206c2d969ea9,11,0.0,-15.0,0.0909090909090909,0.0,High volume high risk,0.09704011562701577
47f55702f598c7c6cc8458b0fbc1c49a,1,0.0,-11.0,0.0,0.0,High rate monitoring,0.005604665660905671
48162d548f5b1b11b9d29d1e01f75a61,66,0.0151515151515151,-13.303030303030305,0.1666666666666666,0.1666666666666666,High volume high risk,0.38476910588042107
4830e40640734fc1c52cd21127c341d4,204,0.0490196078431372,-11.142156862745098,0.1029411764705882,1.0294117647058822,High volume high risk,0.3809634317760699
48328ec9a579151d9cc6a86d4a59336c,1,0.0,-7.0,1.0,0.0,High rate monitoring,0.02548405387010717
483ca627d131e18f988349b1655c0acd,1,0.0,-5.0,0.0,0.0,High rate monitoring,0.005604665660905671
48436dade18ac8b2bce089ec2a041202,134,0.0746268656716417,-9.694029850746269,0.126865671641791,1.2686567164179106,High volume high risk,0.4629896724083485
485452467ff670447e84a8370c3fc898,3,0.0,-15.333333333333334,0.0,0.0,High rate monitoring,0.01976766622300808
4867209cb29b56b92893d7bde3ce8012,1,0.0,-17.0,0.0,0.0,High rate monitoring,0.005604665660905671
4869f7a5dfa277a7dca6462dcf3b52b2,1124,0.1049822064056939,-11.102313167259789,0.1298932384341637,15.327402135231315,High volume high risk,0.5349524651679534
48985c61529077fa4f1e38bcff0f2ed3,7,0.0,-21.428571428571427,0.0,0.0,High volume high risk,0.03143622527122511
48b6c3f4c6a93171da04b75313f2130f,2,0.0,-9.0,0.0,0.0,High rate monitoring,0.014382177431523306
48bad451945f5227341793478d6353ea,3,0.3333333333333333,-14.666666666666666,0.0,0.0,High rate monitoring,0.06618731849094397
48e5ee06fb2dc74df1c711a9b6dfac2a,1,0.0,-20.0,0.0,0.0,High rate monitoring,0.005604665660905671
48e954b2da4f6a750c844173b347ed40,2,0.0,-28.0,0.0,0.0,High rate monitoring,0.014382177431523306
48efc9d94a9834137efd9ea76b065a38,33,0.0,-24.454545454545453,0.0,0.0,High volume high risk,0.04995145224039952
48fb026ed7455a42f5d3e9390ed5088e,9,0.0,-15.11111111111111,0.4444444444444444,0.0,High volume high risk,0.15232717932631917
49067458c68f7701fd334ce326accbe0,17,0.0,-14.529411764705882,0.3529411764705882,0.0,High volume high risk,0.1848189822301053
4917cee8d902e13428c3ec4b1ca6f315,31,0.032258064516129,-9.935483870967742,0.1290322580645161,0.1290322580645161,High volume high risk,0.3232352050759611
491a5ada3aa1678414e990262c4bbdc1,1,0.0,-12.0,0.0,0.0,High rate monitoring,0.005604665660905671
49383af7ab774e4e8f3000f49c83dc4b,8,0.0,-13.875,0.0,0.0,High volume high risk,0.03345056507114092
4965a7002cca77301c82d3f91b82e1a9,1,0.0,-13.0,0.0,0.0,High rate monitoring,0.005604665660905671
497709c2976a8fa308730a2dec5b0726,1,0.0,-2.0,0.0,0.0,High rate monitoring,0.005604665660905671
4978a02ea9c8be7a9b5480680f40334e,18,0.0,-9.944444444444445,0.2777777777777778,0.0,High volume high risk,0.17809457045275812
499185655c29ecfdbfe776ef7cf875b5,1,0.0,-34.0,0.0,0.0,High rate monitoring,0.005604665660905671
4992e76a42cb3aad7a7047e0d3d7e729,56,0.0535714285714285,-10.660714285714286,0.1607142857142857,0.4821428571428572,High volume high risk,0.43299654199757365
499ec63c58e51296c9cf57edcfe1c8a8,5,0.0,-12.6,0.0,0.0,High rate monitoring,0.026583023162619634
49cdc90518a4f82676b38b3c1aa43ff6,5,0.0,-11.0,0.2,0.0,High rate monitoring,0.09830975284422638
49e7217cfe4e427191c378ec626d8737,12,0.0,-11.5,0.0833333333333333,0.0,High volume high risk,0.09648199961119279
49f8d2ea7b718d0ce587d34207caf2b4,1,0.0,-1.0,0.0,0.0,High rate monitoring,0.005604665660905671
4a1917ef994878940e1fb03eeb787ad7,2,0.0,-9.5,0.5,0.0,High rate monitoring,0.0629624726501831
4a1f694197d05fe70026b016a7316b41,14,0.0714285714285714,-13.928571428571429,0.0714285714285714,0.0714285714285714,High volume high risk,0.24444579568886615
4a23adac87cf538689fa600d976f78b2,3,0.0,-8.666666666666666,0.0,0.0,High rate monitoring,0.01976766622300808
4a3ca9315b744ce9f8e9374361493884,1772,0.0970654627539503,-9.525395033860043,0.182844243792325,31.44920993227991,High volume high risk,0.6194128404405927
4a3ccda38b2129705f3fb522db62ca31,64,0.0625,-11.328125,0.203125,0.8125,High volume high risk,0.5111023527379284
4a5b36211b1f51bf7eaa5c10a57fa483,1,0.0,-8.0,0.0,0.0,High rate monitoring,0.005604665660905671
4a82168aaef173cbb6e46ae88728f919,4,0.0,-13.75,0.25,0.0,High rate monitoring,0.09258044243368588
4a82c4af97ffc0fb2dc26bfdc03b1842,3,0.0,-15.0,0.0,0.0,High rate monitoring,0.01976766622300808
4aba391bc3b88717ce08eb11e44937b2,27,0.1481481481481481,-13.11111111111111,0.1851851851851851,0.7407407407407407,High volume high risk,0.5304769214323511
4aba6a02a788d3ec81c03137144d9a80,1,0.0,-11.0,0.0,0.0,High rate monitoring,0.005604665660905671
4b0fdb526525f9890eb145bf1534640e,18,0.0,-9.944444444444445,0.1666666666666666,0.0,High volume high risk,0.15230369811455216
4b1eaadf791bdbbad8c4a35b65236d52,5,0.2,-15.8,0.6,0.6,High rate monitoring,0.37815873869807143
4b39558c138930b9e5489c93b6df5fe3,4,0.0,-13.75,0.0,0.0,High rate monitoring,0.023556294965854933
4b5f66b7adcf57f1ecc0d3c07dd6b177,23,0.0434782608695652,-14.782608695652174,0.1304347826086956,0.1304347826086956,High volume high risk,0.32472325500333554
4b90495391ac0bd181a80a459df1e718,1,0.0,-39.0,0.0,0.0,High rate monitoring,0.005604665660905671
4b9750c8ad28220fe6702d4ecb7c898f,217,0.0599078341013824,-9.36405529953917,0.0691244239631336,0.8986175115207374,High volume high risk,0.33970058301616307
4b98b0428fc1932cc2514ef9ce2505e6,2,0.5,-4.5,0.5,0.5,High rate monitoring,0.21448795190966907
4ba52dfeba874da5b9ee7b17c7494f04,11,0.0909090909090909,-11.727272727272728,0.0909090909090909,0.0909090909090909,High volume high risk,0.26555939715489757
4bcec44888b30ba9001234c534716d3f,5,0.0,-9.4,0.0,0.0,High rate monitoring,0.026583023162619634
4bde6149c15cf7e177b36fa060dd6de8,2,0.0,-47.5,0.0,0.0,High rate monitoring,0.014382177431523306
4be6b962d83299498bae2190f95d6566,11,0.0909090909090909,-12.090909090909092,0.0909090909090909,0.0909090909090909,High volume high risk,0.26555939715489757
4be9ae93c4fc0f41713d71a4194ee1b3,1,0.0,-7.0,0.0,0.0,High rate monitoring,0.005604665660905671
4bf2f4ee540798a61f9636d12cd9cc80,29,0.0,-12.551724137931034,0.1034482758620689,0.0,High volume high risk,0.13236381744565717
4bf658053d453036c70976bccb2c31b2,2,0.0,-8.5,0.0,0.0,High rate monitoring,0.014382177431523306
4bfc7a4a1cf8d4d2121c27422d9e50b5,26,0.0384615384615384,-9.807692307692308,0.0769230769230769,0.0769230769230769,High volume high risk,0.2511208678974213
4c03b9dd4c11ee2cb35c96c49efc9420,48,0.0208333333333333,-14.145833333333334,0.1458333333333333,0.1458333333333333,High volume high risk,0.35506032328217424
4c18691b6037662be2df78a765d98ab5,63,0.0634920634920634,-11.253968253968257,0.1746031746031746,0.6984126984126984,High volume high risk,0.4797579715118742
4c1c7281388a33dd06daac44f9fadbd1,5,0.0,-16.4,0.0,0.0,High rate monitoring,0.026583023162619634
4c2b230173bb36f9b240f2b8ac11786e,258,0.0930232558139534,-8.062015503875969,0.1782945736434108,4.279069767441861,High volume high risk,0.5919136586877974
4c498c7345e89aebad651544829beca0,47,0.1063829787234042,-9.191489361702128,0.0851063829787234,0.425531914893617,High volume high risk,0.37204361128011215
4c4d546adf3c3868fe19c9ec6e9ffda9,2,0.0,-14.5,0.0,0.0,High rate monitoring,0.014382177431523306
4c60877808f4318ef1107fbeb8f89afa,2,0.0,-9.0,0.0,0.0,High rate monitoring,0.014382177431523306
4c61e37f664c3c88aff092aa5ac779d7,7,0.1428571428571428,-4.0,0.1428571428571428,0.1428571428571428,High volume high risk,0.3059222694928746
4c8545742faaf58fafd5fd14d25d75cf,4,0.0,-14.25,0.0,0.0,High rate monitoring,0.023556294965854933
4c8b8048e33af2bf94f2eb547746a916,19,0.1052631578947368,-5.157894736842105,0.3157894736842105,0.631578947368421,High volume high risk,0.5211113375590639
4cc43a222a0f94910728b62b97a8c5f8,1,0.0,-12.0,0.0,0.0,High rate monitoring,0.005604665660905671
4cc4fd4fdd406a85bbdc1f824b731bd7,1,0.0,-14.0,0.0,0.0,High rate monitoring,0.005604665660905671
4ce8b55b4bfa4659184e7becc1fba3f2,2,0.0,-12.0,0.5,0.0,High rate monitoring,0.0629624726501831
4cf490a58259286ada5ba8525ba9e84a,7,0.0,-17.857142857142858,0.2857142857142857,0.0,High volume high risk,0.12693991663050946
4d0041cdbe51b4617d95c70b19decc74,8,0.0,-10.5,0.0,0.0,High volume high risk,0.03345056507114092
4d232b78ab7ef10393dc3807d827bc0d,5,0.0,-12.6,0.0,0.0,High rate monitoring,0.026583023162619634
4d600e08ecbe08258c79e536c5a42fee,7,0.0,-27.857142857142858,0.1428571428571428,0.0,High volume high risk,0.10055202233767349
4d6d651bd7684af3fffabd5f08d12e5a,363,0.0385674931129476,-13.00275482093664,0.1184573002754821,1.6584022038567494,High volume high risk,0.3972413574082338
4d9fea3499bdc22aa4da4e339365f215,2,0.0,-19.5,0.0,0.0,High rate monitoring,0.014382177431523306
4da0e408c99d2fdc2126dc9fce518060,44,0.0,-20.681818181818183,0.0681818181818181,0.0,High volume high risk,0.11940633419870235
4dab98ca6cd6d3df586203cefd28a042,1,0.0,-1.0,0.0,0.0,High rate monitoring,0.005604665660905671
4dbd95a08b31ede5c82d3f861cb1ce1a,4,0.0,-16.75,0.0,0.0,High rate monitoring,0.023556294965854933
4dc2e811a1760953cb7c6a590b498943,1,0.0,-9.0,0.0,0.0,High rate monitoring,0.005604665660905671
4dc646b9b9e8e411ef48ba000ea3ac6f,4,0.25,-7.0,0.5,0.5,High rate monitoring,0.3370250172884853
4ddeb3e828550cddc8d45c8bc36ab2d1,1,0.0,-11.0,0.0,0.0,High rate monitoring,0.005604665660905671
4de6e4ba574aa9dfdc824bc44dc47fdd,14,0.0714285714285714,-18.357142857142858,0.2142857142857142,0.2142857142857142,High volume high risk,0.40163060481585805
4deebb3199eeafb282ae33229144f94b,4,0.25,-2.5,0.25,0.25,High rate monitoring,0.3025640151663063
4e06067cc08b3f41d837768d392c3ee3,31,0.032258064516129,-13.0,0.1935483870967742,0.1935483870967742,High volume high risk,0.3852503054900259
4e0d109ccfba9a1151c103049880c857,2,0.0,-15.5,0.5,0.0,High rate monitoring,0.0629624726501831
4e17c65a516f69d023a2ae78b84f28d6,61,0.0491803278688524,-22.114754098360656,0.180327868852459,0.5409836065573771,High volume high risk,0.45129215023753844
4e2627090e6e5b9fabba883a37897683,1,0.0,-14.0,0.0,0.0,High rate monitoring,0.005604665660905671
4e326052e5dbba8adcd512f3450a307e,3,0.0,-11.0,0.6666666666666666,0.0,High rate monitoring,0.08831806809798569
4e42581f08e8cfc7c090f930bac4552a,1,1.0,12.0,1.0,1.0,High rate monitoring,0.08845084106949393
4e480be820e37de1444325ff358c9296,1,0.0,-10.0,0.0,0.0,High rate monitoring,0.005604665660905671
4e5725ba188db8252977a4f0227bd462,21,0.238095238095238,-1.9523809523809523,0.3333333333333333,1.6666666666666663,High volume high risk,0.6193901934695731
4e6015589b781adaa5ce7f1892d06bb1,3,0.0,-12.666666666666666,0.0,0.0,High rate monitoring,0.01976766622300808
4e7c18b98d84e05cbae3ff0ff03846c2,81,0.037037037037037,-13.296296296296296,0.1728395061728395,0.5185185185185185,High volume high risk,0.4361411190815447
4e85b538b0dad58852641540686d0e14,4,0.5,-6.0,0.25,0.5,High rate monitoring,0.3153845242835227
4e8dacf3d38f281ae26c3e0321d92d88,8,0.125,-14.375,0.375,0.375,High volume high risk,0.4214983025898508
4e922959ae960d389249c378d1c939f5,412,0.0898058252427184,-12.849514563106796,0.1796116504854369,6.645631067961165,High volume high risk,0.5893961311581962
4e92348462c75b6c842b994ce84a0ed4,1,0.0,-19.0,0.0,0.0,High rate monitoring,0.005604665660905671
4ea2f12dbe91deeacd2c1e74f069a6e6,4,0.0,-12.25,0.0,0.0,High rate monitoring,0.023556294965854933
4eb61f060e7dcc1d5a80d806c35cc541,8,0.0,-13.0,0.125,0.0,High volume high risk,0.09978077788870196
4ebdc7e6cd6102a022dadc49156d4ea8,29,0.0344827586206896,-11.0,0.2068965517241379,0.2068965517241379,High volume high risk,0.3984367796822308
4eeb99008a0f59d2c7759c59f9a346eb,2,0.0,-12.5,0.0,0.0,High rate monitoring,0.014382177431523306
4ef4c39cf3c24f326434cf0b2e48046a,7,0.1428571428571428,-5.714285714285714,0.2857142857142857,0.2857142857142857,High volume high risk,0.3862055330367238
4f0d637c1197fd65405ebd755ac9f86b,2,0.0,-17.0,0.0,0.0,High rate monitoring,0.014382177431523306
4f1f1c8666cdb6442f775c4e8caed465,2,0.0,-14.0,0.0,0.0,High rate monitoring,0.014382177431523306
4fae87d32467e18eb46e4a76a0a0b9ce,1,0.0,-12.0,0.0,0.0,High rate monitoring,0.005604665660905671
4fb41dff7c50136976d1a5cf004a42e2,3,0.3333333333333333,33.0,0.0,0.0,High rate monitoring,0.06618731849094397
4fe2f67634d00c021aa01f96b6f2d68e,2,0.0,-21.0,0.0,0.0,High rate monitoring,0.014382177431523306
5011f0d93373a4c5753adf58ca77af8d,11,0.0909090909090909,-8.181818181818182,0.0909090909090909,0.0909090909090909,High volume high risk,0.26555939715489757
503c1de08ae81a2d86f17951b204db55,22,0.0454545454545454,-11.909090909090908,0.0454545454545454,0.0454545454545454,High volume high risk,0.22273979464062107
5058e8c1e82653974541e83690655b4a,62,0.1129032258064516,-16.370967741935484,0.3064516129032258,2.1451612903225805,High volume high risk,0.6466350303131073
5075aaa8404020ae6aa8bf4792099b41,10,0.0,-11.6,0.2,0.0,High volume high risk,0.13617463998210863
50770d25768b0486d89be26afca3108f,6,0.1666666666666666,-6.833333333333333,0.1666666666666666,0.1666666666666666,High rate monitoring,0.313195279882799
508808d438fe2ff972ed13bb8f4a82e2,9,0.0,-9.666666666666666,0.0,0.0,High volume high risk,0.03530834996432753
50a7e551a7b3f8d37cd6e32d8bfbe5ea,1,0.0,-4.0,0.0,0.0,High rate monitoring,0.005604665660905671
50bf89f1349bc0409a268c3a49678009,1,0.0,-26.0,0.0,0.0,High rate monitoring,0.005604665660905671
50c9975695009e5e6473912e83a6d1da,50,0.14,-7.7,0.18,1.26,High volume high risk,0.5685588182096446
51209b446b2073894bdc0face6c73ffc,2,0.0,-17.0,0.0,0.0,High rate monitoring,0.014382177431523306
512d298ac2a96d1931b6bd30aa21f61d,11,0.0,-15.272727272727272,0.1818181818181818,0.0,High volume high risk,0.13595678291872842
513a54369b6a8a6602fcb0e129c6d78d,2,0.0,-5.5,0.0,0.0,High rate monitoring,0.014382177431523306
5145090ab595c0d0b8557199f5701fbf,4,0.0,-25.5,0.0,0.0,High rate monitoring,0.023556294965854933
5151aea44289d6c6b090ee31c2132508,7,0.0,-27.142857142857142,0.5714285714285714,0.0,High volume high risk,0.1396217142573807
515d781150feed28a6ac091bb0e3cb8c,6,0.0,-24.166666666666668,0.0,0.0,High rate monitoring,0.02921314559567034
5160d23075764e18e07c1f4a87fad743,33,0.0,-9.969696969696969,0.0909090909090909,0.0,High volume high risk,0.12706812404675719
516e7738bd8f735ac19a010ee5450d8d,74,0.027027027027027,-19.08108108108108,0.027027027027027,0.054054054054054,High volume high risk,0.23749638857025857
51702dc2a3e106c76dbff722b5bf0726,13,0.0,-14.461538461538462,0.0769230769230769,0.0,High volume high risk,0.0958307441543506
5194c22ed1f616ec0c0f33c571542879,4,0.0,-11.25,0.0,0.0,High rate monitoring,0.023556294965854933
519a7aa428f18d125a283cf8c014fdd6,3,0.0,-15.666666666666666,0.0,0.0,High rate monitoring,0.01976766622300808
51a04a8a6bdcb23deccc82b0b80742cf,1,1.0,7.0,1.0,1.0,High rate monitoring,0.08845084106949393
51e0557bc7b86de13e946c60ee91ce39,1,0.0,-9.0,0.0,0.0,High rate monitoring,0.005604665660905671
51e4e89242cbb846c2deff3dc015650e,16,0.0,-16.0,0.0,0.0,High volume high risk,0.04282298548732955
51ed72984a04e5dd35c2b27e77179038,7,0.1428571428571428,-9.714285714285714,0.2857142857142857,0.2857142857142857,High volume high risk,0.3862055330367238
51f108f62cb87d61918159902c8f8583,3,0.0,-17.666666666666668,0.0,0.0,High rate monitoring,0.01976766622300808
52092ddbd3a58c450a4459bf051b2287,6,0.0,-11.833333333333334,0.1666666666666666,0.0,High rate monitoring,0.10037627761305193
520b493b57809f446cb0a233bb3e25c7,63,0.0158730158730158,-11.666666666666666,0.0952380952380952,0.0952380952380952,High volume high risk,0.29116140076409436
522620dcb18a6b31cd7bdf73665113a9,172,0.0872093023255814,-13.75,0.1860465116279069,2.7906976744186047,High volume high risk,0.5819782458809089
5236605f4d4b0b3e4df85b850393fca0,5,0.2,-6.0,0.0,0.0,High rate monitoring,0.08496541993756564
52454f90d4c30c016768db02f88c1a74,3,0.0,-8.333333333333334,0.3333333333333333,0.0,High rate monitoring,0.08226048224997312
52562a9f449c3dc3d53f5f5b9ed74903,14,0.0,-18.428571428571427,0.0,0.0,High volume high risk,0.04129918439516526
525e75a6fb1454a2325ab1734bcec221,9,0.0,-13.0,0.1111111111111111,0.0,High volume high risk,0.09926878221157719
5275ca25d0358ca73864e0ae41be1320,4,0.0,-3.25,0.0,0.0,High rate monitoring,0.023556294965854933
527801b552d0077ffd170872eb49683b,90,0.1,-11.322222222222225,0.0777777777777777,0.7,High volume high risk,0.3811843546660856
52831e5990d0771cb4951d6f12928167,1,0.0,-10.0,0.0,0.0,High rate monitoring,0.005604665660905671
528bcf6680c36dddf07620bd35b33a6f,2,0.5,-4.5,0.0,0.0,High rate monitoring,0.048994323943215214
528ce32f560edd11add4169f6a5b65be,2,0.0,-11.5,0.0,0.0,High rate monitoring,0.014382177431523306
52956b80ae65fda598f06f6b9943e7a9,3,0.3333333333333333,-7.333333333333333,0.0,0.0,High rate monitoring,0.06618731849094397
52a50b42accf164f9f019941e5759d9b,4,0.0,-3.5,0.0,0.0,High rate monitoring,0.023556294965854933
52a52b9f656520e99716f5bc40f661c8,7,0.0,-12.285714285714286,0.2857142857142857,0.0,High volume high risk,0.12693991663050946
52ac6f920b7280e4c6d30dd94de6259b,6,0.0,-11.166666666666666,0.1666666666666666,0.0,High rate monitoring,0.10037627761305193
52b53f7061969fe471d119b6195da864,1,0.0,-8.0,0.0,0.0,High rate monitoring,0.005604665660905671
52bb00821bcdd358a5a5a27e1f6be5a1,2,0.0,-9.0,0.0,0.0,High rate monitoring,0.014382177431523306
52d76513f0c4d97f3b99570e2c94ee31,19,0.0526315789473684,-16.42105263157895,0.1578947368421052,0.1578947368421052,High volume high risk,0.35585471563118404
52f0fe436a347ddad7ed5f9aa4e27eaa,19,0.1052631578947368,-6.7368421052631575,0.2105263157894736,0.4210526315789473,High volume high risk,0.48195382528707353
52f6f9f13ba19504c02781132a049e75,1,0.0,-14.0,0.0,0.0,High rate monitoring,0.005604665660905671
52f976b17ea7f2f087f56dcc419328f6,6,0.0,-16.666666666666668,0.3333333333333333,0.0,High rate monitoring,0.1215665732933869
52f9db5cfb423382a2fa5c9e39303202,21,0.0,-14.952380952380953,0.0952380952380952,0.0,High volume high risk,0.11983759499219658
5305693ffae2d3463377b1f6fe67b15a,1,0.0,-9.0,0.0,0.0,High rate monitoring,0.005604665660905671
53088c75f948b48a7ece173ac17f0c12,3,0.0,-13.666666666666666,0.0,0.0,High rate monitoring,0.01976766622300808
530ec6109d11eaaf87999465c6afee01,94,0.0106382978723404,-17.414893617021278,0.0851063829787234,0.0851063829787234,High volume high risk,0.2852946474345652
53243585a1d6dc2643021fd1853d8905,348,0.0344827586206896,-11.479885057471265,0.1034482758620689,1.2413793103448276,High volume high risk,0.3601457053730631
53336f97ddbe53e2a617d07b17447b95,1,0.0,-11.0,0.0,0.0,High rate monitoring,0.005604665660905671
533d46c1b06970e99f09523a61df4972,2,0.0,-10.0,0.0,0.0,High rate monitoring,0.014382177431523306
5343d0649eca2a983820bfe93fc4d17e,70,0.1,-13.128571428571428,0.2285714285714285,1.6,High volume high risk,0.6002581201296752
534a01cc6df1e034e05c32028a291fa2,5,0.0,-8.0,0.0,0.0,High rate monitoring,0.026583023162619634
535bf14f36346c7f59d87cece104d70c,1,0.0,0.0,0.0,0.0,High rate monitoring,0.005604665660905671
537eb890efff034a88679788b647c564,158,0.0379746835443038,-12.018987341772153,0.0886075949367088,0.5316455696202531,High volume high risk,0.3305287885486844
538caafddff204241cecbf3a02e6b3cf,8,0.375,-0.875,0.5,1.5,High volume high risk,0.49472139322518116
539ed9e19811677513447759be5eccfc,2,0.0,-16.0,0.5,0.0,High rate monitoring,0.0629624726501831
53b0300ca793f9834cd69c0678d35ee8,5,0.0,-14.4,0.0,0.0,High rate monitoring,0.026583023162619634
53d00c40e32aeb924a84ce72b1af869d,17,0.1176470588235294,-7.470588235294118,0.0588235294117647,0.1176470588235294,High volume high risk,0.2786720691250842
53e4c6e0f4312d4d2107a8c9cddf45cd,463,0.0475161987041036,-13.34341252699784,0.1274298056155507,2.8034557235421165,High volume high risk,0.43037703421927254
54065e9aef7e9e9c2dc23b7594db021a,12,0.0,-22.75,0.0833333333333333,0.0,High volume high risk,0.09648199961119279
5415337f1863452476d42d9f14a16a61,1,0.0,-23.0,0.0,0.0,High rate monitoring,0.005604665660905671
54219883e72aad869adfb2a54b7bfa0f,5,0.0,-8.6,0.4,0.0,High rate monitoring,0.11379761195603968
542917da124346b47ea1ac79a93ce454,20,0.05,-14.0,0.15,0.15,High volume high risk,0.35041160470084953
544863df86ed3b78a04e0820d41430ee,1,0.0,-18.0,0.0,0.0,High rate monitoring,0.005604665660905671
54583ab379489add547fe47b628db589,10,0.0,-6.2,0.0,0.0,High volume high risk,0.036821714062709884
54965bbe3e4f07ae045b90b0b8541f52,73,0.3013698630136986,-3.5753424657534247,0.3835616438356164,8.438356164383562,High volume high risk,0.7884206713600653
54a1852d1b8f10312c55e906355666ee,198,0.0757575757575757,-10.974747474747474,0.0808080808080808,1.2121212121212122,High volume high risk,0.3771736927368666
54aa8463e87776b5612f4bdc4bd5d4de,7,0.0,-23.714285714285715,0.1428571428571428,0.0,High volume high risk,0.10055202233767349
54c04bdb5ec46762f8f08c7e8f86ed4a,18,0.1111111111111111,-10.27777777777778,0.1111111111111111,0.2222222222222222,High volume high risk,0.35836941442219816
55029529919c0123526150bd26ca8f20,7,0.0,-14.428571428571429,0.0,0.0,High volume high risk,0.03143622527122511
553a440137d6e0cf776aee0bb83ac9f5,2,0.5,-6.5,1.0,1.0,High rate monitoring,0.22277403617624855
5563732abe64c3036cb97ad924128dd1,2,0.0,-10.5,0.0,0.0,High rate monitoring,0.014382177431523306
5566627eab3fe93fd6ee08798226101a,5,0.0,-17.2,0.0,0.0,High rate monitoring,0.026583023162619634
556a6409838156ea299c9d1f9e2dde43,4,0.0,-13.25,0.5,0.0,High rate monitoring,0.10312503684431294
557f22c76691849db52d2abccf0015d0,12,0.0,-15.5,0.25,0.0,High volume high risk,0.1552168339251517
5587130f9850696ed7fafbc91c2cee44,2,0.0,-10.5,0.0,0.0,High rate monitoring,0.014382177431523306
559d56f3b8f0bc2e5a9a62fe2ce2a39f,2,0.5,-2.0,0.5,0.5,High rate monitoring,0.21448795190966907
55a5b51f93f2b70ea513f5a047b0262a,39,0.0256410256410256,-12.41025641025641,0.0512820512820512,0.0512820512820512,High volume high risk,0.2284455869330542
55bb6fe5bebe5012e2d7d9928e1128ff,15,0.1333333333333333,-10.8,0.4,0.8,High volume high risk,0.540488363209004
55c26bcb609f480eb7868594245febb5,6,0.0,-10.166666666666666,0.1666666666666666,0.0,High rate monitoring,0.10037627761305193
55c96925041a14097b6a7825554f4ad5,5,0.2,-8.0,0.0,0.0,High rate monitoring,0.08496541993756564
55d3daac7c404d59e51c2aa2f4dc5a23,21,0.0,-11.285714285714286,0.0952380952380952,0.0,High volume high risk,0.11983759499219658
55dedd83e501d8248880557d9073cbfd,8,0.0,-9.25,0.0,0.0,High volume high risk,0.03345056507114092
55f7a3319d80f7fdf078b8f03e6725fe,22,0.0454545454545454,-6.5,0.1818181818181818,0.1818181818181818,High volume high risk,0.37898763577000494
562f8cfc51f265411f487d07e9c40e7f,13,0.0769230769230769,-7.846153846153846,0.0,0.0,High volume high risk,0.10612923242484285
562fc2f2c2863ab7e79a9e4388a58a14,255,0.0313725490196078,-13.129411764705882,0.0980392156862745,0.7843137254901961,High volume high risk,0.34182076968027375
5656537e588803a555b8eb41f07a944b,171,0.0584795321637426,-11.76608187134503,0.1871345029239766,1.871345029239766,High volume high risk,0.5239300987519196
5659d77e8d90378e39b960ad5956f64e,2,0.5,-5.0,0.5,0.5,High rate monitoring,0.21448795190966907
56642bcb79900e777d68e91915cb4267,48,0.0833333333333333,-13.604166666666666,0.1458333333333333,0.5833333333333334,High volume high risk,0.461527479043974
5670f4db5b62c43d542e1b2d56b0cf7c,22,0.0454545454545454,-14.136363636363637,0.0909090909090909,0.0909090909090909,High volume high risk,0.2705051061579987
56db5c0782e8f7ddc9343f9576ff6d16,2,0.0,-21.5,0.5,0.0,High rate monitoring,0.0629624726501831
56e361f411e38dcef17cdc2a3d99628b,5,0.2,-7.8,0.2,0.2,High rate monitoring,0.31422044751154027
56f413900b5166ab4d730e9ac0b12cb0,3,0.0,-8.333333333333334,0.0,0.0,High rate monitoring,0.01976766622300808
570d4583587a5fe2d47c7be89b91ad27,2,0.0,-10.5,0.0,0.0,High rate monitoring,0.014382177431523306
5721089ba9214e80074f27d5a03fc0eb,5,0.0,-11.6,0.0,0.0,High rate monitoring,0.026583023162619634
5733d806668f8712c24b9abaefbfa642,2,0.0,-17.0,0.0,0.0,High rate monitoring,0.014382177431523306
5741dc2bf5044c34d0698681c5081bed,3,0.0,-8.333333333333334,0.0,0.0,High rate monitoring,0.01976766622300808
575df70bde3f9f2b30bf8d2e9910d725,27,0.037037037037037,-16.14814814814815,0.1481481481481481,0.1481481481481481,High volume high risk,0.34712490165784327
577719699805dd125d5b6fdde5943bba,8,0.125,-16.25,0.125,0.125,High volume high risk,0.29557924009811715
578fa3a9cb6b6dceab39231ad59cdaca,3,0.3333333333333333,1.3333333333333333,0.3333333333333333,0.3333333333333333,High rate monitoring,0.2754296170561858
5795aebfe331fbcd02a2c4b679fb7952,6,0.0,-15.833333333333334,0.1666666666666666,0.0,High rate monitoring,0.10037627761305193
579891617139df7d8671d373f0669622,8,0.25,-10.75,0.125,0.25,High volume high risk,0.326095577001026
57a834594e1e9e9219603bfec184eadc,1,0.0,-37.0,0.0,0.0,High rate monitoring,0.005604665660905671
57c764b4a836300be881e2ff86e449f9,28,0.1428571428571428,-9.392857142857142,0.1071428571428571,0.4285714285714285,High volume high risk,0.4068949937510671
57d2ba47f7a3209aa347532ae75c1165,2,0.0,-14.0,0.0,0.0,High rate monitoring,0.014382177431523306
57df9869a600bd6b7c405f2a862eccfb,5,0.0,-19.4,0.0,0.0,High rate monitoring,0.026583023162619634
57e632711dec9ec14ca7546769483e7e,62,0.0,-16.741935483870968,0.0483870967741935,0.0,High volume high risk,0.1157914907138399
57fe6232e67823593374a2281d7a8af8,8,0.0,-10.5,0.0,0.0,High volume high risk,0.03345056507114092
582d4f8675b945722eda7c0cb61ba4c7,59,0.0169491525423728,-13.610169491525424,0.1525423728813559,0.1525423728813559,High volume high risk,0.36583766132341106
585175ec331ea177fa47199e39a6170a,1,0.0,-15.0,0.0,0.0,High rate monitoring,0.005604665660905671
586a871d4f1221763fddb6ceefdeb95e,1,1.0,22.0,1.0,1.0,High rate monitoring,0.08845084106949393
5882820ef11c4c068eea0677a7a879b4,14,0.0,-17.357142857142858,0.0,0.0,High volume high risk,0.04129918439516526
58c851d1a3c7cd3da329eb59453fed44,2,0.0,-11.5,0.0,0.0,High rate monitoring,0.014382177431523306
58e4b302b54937e55a678c4d15111da4,1,0.0,-48.0,0.0,0.0,High rate monitoring,0.005604665660905671
58f1a6197ed863543e0136bdedb3fce2,42,0.0238095238095238,-15.666666666666666,0.1428571428571428,0.1428571428571428,High volume high risk,0.34519779541609796
59417c56835dd8e2e72f91f809cd4092,18,0.0,-21.22222222222222,0.1111111111111111,0.0,High volume high risk,0.12462149513821114
594f9aaa48e5bf431f011ddc5669b0d5,37,0.027027027027027,-13.72972972972973,0.027027027027027,0.027027027027027,High volume high risk,0.21647429927384354
5962468f885ea01a1b6a97a218797b0a,6,0.0,-14.166666666666666,0.0,0.0,High rate monitoring,0.02921314559567034
596849622429351f47b32e6cae1055ff,13,0.0,-9.923076923076923,0.1538461538461538,0.0,High volume high risk,0.13440827797239135
5996cddab893a4652a15592fb58ab8db,1,0.0,-16.0,0.0,0.0,High rate monitoring,0.005604665660905671
59b22a78efb79a4797979612b885db36,125,0.112,-10.08,0.2,2.8000000000000003,High volume high risk,0.6271831878627103
59bbc819b99a733f02f0d6b49d1c253d,2,0.0,-12.5,0.0,0.0,High rate monitoring,0.014382177431523306
59cd88080b93f3c18508673122d26169,10,0.1,-9.4,0.0,0.0,High volume high risk,0.1032830636054797
59cea8e446d3834393058e7e0666b6fb,10,0.0,-16.5,0.0,0.0,High volume high risk,0.036821714062709884
59de1d4c8c057c2a53acd4ca66531af2,1,0.0,-5.0,0.0,0.0,High rate monitoring,0.005604665660905671
59fb871bf6f4522a87ba567b42dafecf,123,0.056910569105691,-14.601626016260164,0.073170731707317,0.5121951219512195,High volume high risk,0.33023496417083814
5a05a16bb50629ee31afab8a6d4c2674,14,0.0,-11.857142857142858,0.0714285714285714,0.0,High volume high risk,0.09531813310753812
5a32c398a06c345440bf2a683b017ad3,1,0.0,-7.0,0.0,0.0,High rate monitoring,0.005604665660905671
5a413ade68e8f8d93071a7f52a64cb9e,14,0.0714285714285714,-4.571428571428571,0.0714285714285714,0.0714285714285714,High volume high risk,0.24444579568886615
5a4236931428800e9d9cc04af0987118,1,0.0,-13.0,0.0,0.0,High rate monitoring,0.005604665660905671
5a425cc503b39b262a847fd6212bf53b,14,0.0714285714285714,-9.928571428571429,0.0714285714285714,0.0714285714285714,High volume high risk,0.24444579568886615
5a6a02f419701fc8c605af71d4fc57a4,10,0.1,-9.3,0.0,0.0,High volume high risk,0.1032830636054797
5a8e7d5003a1f221f9e1d6e411de7c23,137,0.0364963503649635,-12.072992700729928,0.1240875912408759,0.6204379562043796,High volume high risk,0.3806109882967347
5a93f3ab0ef4c84ed5e1b5dbf23978bc,38,0.0263157894736842,-18.789473684210527,0.0263157894736842,0.0263157894736842,High volume high risk,0.2164689868506741
5a9b3bcab695173c820e53934574ae80,1,0.0,-26.0,0.0,0.0,High rate monitoring,0.005604665660905671
5a9c0859cb00fd8aa4db443837f0a700,2,0.0,-14.5,0.0,0.0,High rate monitoring,0.014382177431523306
5ab05b6d86d417796c69ffd6774ec832,10,0.1,-11.7,0.2,0.2,High volume high risk,0.381963044381165
5abb8ea023c77787f2c15da891c8d384,13,0.2307692307692307,-7.153846153846154,0.1538461538461538,0.4615384615384615,High volume high risk,0.43522303326946987
5acd070dd3fe441bbb2ec1f1ede515ee,7,0.4285714285714285,4.0,0.4285714285714285,1.2857142857142856,High volume high risk,0.4583101983111506
5b07547f10dd980738a1a27f685af669,13,0.1538461538461538,-5.846153846153846,0.0769230769230769,0.1538461538461538,High volume high risk,0.2952851863188563
5b0cc932433fa5184b5b94bfe6bcc256,12,0.25,-8.0,0.3333333333333333,1.0,High volume high risk,0.5371065235217872
5b179e9e8cc7ab6fd113a46ca584da81,34,0.0588235294117647,-11.676470588235292,0.2058823529411764,0.4117647058823529,High volume high risk,0.46180024935421776
5b2e94f2c22b39ccc24d34ad0f669672,10,0.1,-12.8,0.0,0.0,High volume high risk,0.1032830636054797
5b33b527da3c5b969cc99dc435cad09a,16,0.0625,-14.0625,0.125,0.125,High volume high risk,0.3157697267705529
5b35136197710e16ac5e7b7c2bd4ea85,7,0.2857142857142857,-6.0,0.5714285714285714,1.1428571428571428,High volume high risk,0.4613193587749756
5b51032eddd242adc84c38acab88f23d,12,0.0,-15.583333333333334,0.0833333333333333,0.0,High volume high risk,0.09648199961119279
5b581417df4480f632484ba681e53944,11,0.1818181818181818,-6.2727272727272725,0.1818181818181818,0.3636363636363636,High volume high risk,0.42966188968364194
5b664594895aefb418afaee6d40a9a23,16,0.0,-12.0,0.1875,0.0,High volume high risk,0.15444845580340968
5b67882648febfb6e1225e6ad7164f6b,27,0.037037037037037,-13.333333333333334,0.1481481481481481,0.1481481481481481,High volume high risk,0.34712490165784327
5b8154610ebb21fb90eb587365e673df,37,0.1081081081081081,-9.972972972972974,0.1351351351351351,0.5405405405405406,High volume high risk,0.4493883915908624
5b85809efd0d0e4dea1a9544e1280ed9,12,0.0,-16.666666666666668,0.0833333333333333,0.0,High volume high risk,0.09648199961119279
5b925e1d006e9476d738aa200751b73b,63,0.0634920634920634,-11.22222222222222,0.0476190476190476,0.1904761904761904,High volume high risk,0.2874316226235418
5b92bfa4120daa27c574daa2e386c693,1,0.0,-9.0,0.0,0.0,High rate monitoring,0.005604665660905671
5b97c06a046398e7005b2b7c0d707a92,3,0.3333333333333333,-2.6666666666666665,0.0,0.0,High rate monitoring,0.06618731849094397
5bba18b40e8c973b0f32e748004775b0,1,0.0,-46.0,0.0,0.0,High rate monitoring,0.005604665660905671
5bc237df65098fe211bb4818f4d26d78,2,0.0,-32.5,0.0,0.0,High rate monitoring,0.014382177431523306
5bc24d989e71e93c33e50a7782431b0e,17,0.0,-16.529411764705884,0.1176470588235294,0.0,High volume high risk,0.1263482386757988
5bc55dbe2f12b6af6d83ed46023e0dc8,17,0.2352941176470588,-7.882352941176471,0.5882352941176471,2.3529411764705883,High volume high risk,0.628620072266384
5bf397d04035b5f45cc41e82ec106803,3,0.0,-19.333333333333332,0.0,0.0,High rate monitoring,0.01976766622300808
5bffbafbb22daf6d3bfc216a46db8708,21,0.0,-16.666666666666668,0.0,0.0,High volume high risk,0.04589146165922204
5c030029b5916fed0986310385ec9009,7,0.0,-19.428571428571427,0.0,0.0,High volume high risk,0.03143622527122511
5c243662ce92d84573bfaff24c3e3700,98,0.010204081632653,-13.63265306122449,0.1020408163265306,0.1020408163265306,High volume high risk,0.31257085821732
5c3460cd3e8a984382ae254e7dd20d9f,9,0.0,-14.333333333333334,0.0,0.0,High volume high risk,0.03530834996432753
5c6d4016c2a288f074fa0848a2b653d2,31,0.0967741935483871,-10.258064516129032,0.1290322580645161,0.3870967741935484,High volume high risk,0.41943298663607814
5c853bb56f70f4d14218944bae111d7a,23,0.0,-11.652173913043478,0.217391304347826,0.0,High volume high risk,0.17842887813256342
5ca5d579b5857ee8709479b1047cecc3,1,1.0,5.0,1.0,1.0,High rate monitoring,0.08845084106949393
5cbbd5a299cab112b7bf23862255e43e,36,0.0,-13.833333333333334,0.1111111111111111,0.0,High volume high risk,0.14266769704779433
5cf13accae3222c70a9cac40818ae839,148,0.0202702702702702,-14.16891891891892,0.0743243243243243,0.2229729729729729,High volume high risk,0.2839185515667508
5cf1ec37aea089f45110c70653a166ab,2,0.0,-9.0,0.0,0.0,High rate monitoring,0.014382177431523306
5d0363b33554b373851fc1622e4d5f3c,93,0.086021505376344,-8.96774193548387,0.1182795698924731,0.946236559139785,High volume high risk,0.4491465226087431
5d043cd5512d4bd2f88e5ccdd5736c38,1,0.0,-9.0,1.0,0.0,High rate monitoring,0.02548405387010717
5d378b73ab7dd6f0418d743e5dcb0bd1,6,0.1666666666666666,2.8333333333333335,0.1666666666666666,0.1666666666666666,High rate monitoring,0.313195279882799
5d3bb11474a06bdc23fb9e89f1164ee0,31,0.032258064516129,-13.419354838709678,0.1612903225806451,0.1612903225806451,High volume high risk,0.3564634551651948
5d505d2298ad549e4e4e835562fa0c1e,2,0.0,-17.0,0.0,0.0,High rate monitoring,0.014382177431523306
5d76d80a2f5f39c891b996a1bf4c9853,6,0.0,-10.5,0.0,0.0,High rate monitoring,0.02921314559567034
5d9dc90a686a8fddacffab6bab5653a3,12,0.0833333333333333,-9.583333333333334,0.0833333333333333,0.0833333333333333,High volume high risk,0.25755065305757413
5d9f3746e112e696f98ea22c56b3e912,1,0.0,-17.0,0.0,0.0,High rate monitoring,0.005604665660905671
5db42a6cd9bf1bf0d3aab9582767f168,1,0.0,-6.0,0.0,0.0,High rate monitoring,0.005604665660905671
5dc203c7b84a0e71e878a179de05fb9a,5,0.0,-12.2,0.2,0.0,High rate monitoring,0.09830975284422638
5dceca129747e92ff8ef7a997dc4f8ca,322,0.0559006211180124,-11.254658385093167,0.1894409937888198,3.409937888198758,High volume high risk,0.5345787713470377
5de1c80811ce7007f62f00d971236c09,2,0.0,-14.5,0.0,0.0,High rate monitoring,0.014382177431523306
5debea795b07621e1f90532e18f96145,25,0.0,-18.68,0.08,0.0,High volume high risk,0.1139734295533874
5def4c3732941a971cba8fdee992ede1,5,0.0,-6.0,0.0,0.0,High rate monitoring,0.026583023162619634
5e063e85d44b0f5c3e6ec3131103a57e,1,0.0,-7.0,0.0,0.0,High rate monitoring,0.005604665660905671
5e105f5c9f63f5f1fd75d6cb942e55b1,8,0.0,-6.875,0.125,0.0,High volume high risk,0.09978077788870196
5e106d93b717c2682b9383da480364a1,1,0.0,-26.0,0.0,0.0,High rate monitoring,0.005604665660905671
5e25c632f9db6cfb8bc100421c2737b6,1,0.0,-24.0,0.0,0.0,High rate monitoring,0.005604665660905671
5e49e3a44bdeb5aab2684258bbd4f525,3,0.3333333333333333,-10.666666666666666,0.0,0.0,High rate monitoring,0.06618731849094397
5e9f5bd34e0830569f05c9d4f56e04a8,2,0.0,-10.5,0.0,0.0,High rate monitoring,0.014382177431523306
5ee7fd217d08dfe5d3e2f51f96a12c9a,9,0.2222222222222222,-8.333333333333334,0.3333333333333333,0.6666666666666666,High volume high risk,0.47464669722082237
5eeb9c756d9780b96283e5a2ac6da334,9,0.2222222222222222,-9.333333333333334,0.1111111111111111,0.2222222222222222,High volume high risk,0.3206785292185422
5ef131ac72773e5b3f6c0d63cf424657,10,0.0,-10.6,0.2,0.0,High volume high risk,0.13617463998210863
5f0057b677eb963672bf05dfa3f16c34,4,0.0,-35.0,0.0,0.0,High rate monitoring,0.023556294965854933
5f06030071324cc52bf0304014ac7234,4,0.0,-14.25,0.25,0.0,High rate monitoring,0.09258044243368588
5f1dc28029d2c244352a68107ec2b542,62,0.0161290322580645,-15.951612903225806,0.064516129032258,0.064516129032258,High volume high risk,0.24815560352473254
5f2684dab12e59f83bef73ae57724e45,67,0.0597014925373134,-11.07462686567164,0.2388059701492537,0.9552238805970148,High volume high risk,0.5261968353168571
5f26c1408a65b42a7224cd463bdf3292,10,0.0,-15.4,0.0,0.0,High volume high risk,0.036821714062709884
5f3ae9136c875522250f8184f253413a,42,0.0476190476190476,-12.404761904761903,0.0238095238095238,0.0476190476190476,High volume high risk,0.24244529175867252
5f57db27027655e6c6a391601daa0258,1,0.0,-8.0,0.0,0.0,High rate monitoring,0.005604665660905671
5f5a58930c3c35f3b5af264f34fb8c85,3,0.0,-22.0,0.0,0.0,High rate monitoring,0.01976766622300808
5f5b43b2bffa8656e4bc6efeb13cc649,27,0.037037037037037,-13.74074074074074,0.074074074074074,0.074074074074074,High volume high risk,0.24717134247812803
5f67c6082caacb26e431a7b17940cece,13,0.2307692307692307,-1.5384615384615383,0.2307692307692307,0.6923076923076923,High volume high risk,0.5056731710525044
5f7300535881cef3b625fd683cf7d145,10,0.0,-13.8,0.1,0.0,High volume high risk,0.09823884768165966
5fd924b4836098a5be0ecf81ba054ce0,7,0.0,-26.571428571428573,0.1428571428571428,0.0,High volume high risk,0.10055202233767349
602044f2c16190c2c6e45eb35c2e21cb,48,0.1666666666666666,-8.8125,0.3541666666666667,2.8333333333333335,High volume high risk,0.7011153771214395
6025c79c035c3d772133b8b8238463b2,2,0.0,-11.5,0.0,0.0,High rate monitoring,0.014382177431523306
6039e27294dc75811c0d8a39069f52c0,63,0.1746031746031746,-7.333333333333333,0.1904761904761904,2.095238095238095,High volume high risk,0.6262460251942958
60562ab00b8054280520d390c8c0045c,17,0.0,-14.294117647058824,0.0,0.0,High volume high risk,0.043616197014757545
6061155addc1e54b4cfb51c1c2a32ad8,28,0.0357142857142857,-9.428571428571429,0.0357142857142857,0.0357142857142857,High volume high risk,0.21682681661357306
606ce7768feac12c5e8bd58db8b08f0f,5,0.0,-10.0,0.0,0.0,High rate monitoring,0.026583023162619634
609e1a9a6c2539919b8205cf7c4e6ff0,87,0.0114942528735632,-16.862068965517242,0.2068965517241379,0.2068965517241379,High volume high risk,0.4308584343016374
60da8bfa7eebe230b7d66ac4082d79b3,3,0.3333333333333333,-8.333333333333334,0.0,0.0,High rate monitoring,0.06618731849094397
610f72e407cdd7caaa2f8167b0163fd8,16,0.125,-9.5,0.3125,0.625,High volume high risk,0.5181427702955481
612170e34b97004b3ba37eae81836b4c,107,0.0093457943925233,-18.373831775700936,0.0747663551401869,0.0747663551401869,High volume high risk,0.2718323489288697
612a743d294c27884fb7b80d2b19ba35,2,0.0,-18.0,0.0,0.0,High rate monitoring,0.014382177431523306
615005a3ef192c00c6f0e977cee3d2bc,10,0.1,-10.4,0.3,0.3,High volume high risk,0.41994300725858735
615c3462099ffa940d37b17dfda19594,2,0.0,-15.5,0.0,0.0,High rate monitoring,0.014382177431523306
6179a28a13a726c29b3bf54c070dccab,1,0.0,-10.0,0.0,0.0,High rate monitoring,0.005604665660905671
6187a137b2af59dfdbad8d9f8c373c14,2,0.0,-11.5,0.5,0.0,High rate monitoring,0.0629624726501831
61b18775be84fb700a6b2d0ba097bf66,4,0.0,-11.25,0.0,0.0,High rate monitoring,0.023556294965854933
61c36f0fc4a47f9532e5512b66668e62,1,0.0,-7.0,1.0,0.0,High rate monitoring,0.02548405387010717
620c87c171fb2a6dd6e8bb4dec959fc6,722,0.0872576177285318,-13.710526315789474,0.1108033240997229,6.980609418282548,High volume high risk,0.46336302429571824
6219ba2359cfb97f2e38fd4c321eb309,5,0.6,2.2,0.2,0.6000000000000001,High rate monitoring,0.3372192523902426
6235903333ba7de1928c869e268e5964,1,0.0,-17.0,0.0,0.0,High rate monitoring,0.005604665660905671
623ad9d0c1e14bb5464a8c72bff7b4af,1,0.0,-1.0,0.0,0.0,High rate monitoring,0.005604665660905671
624f4ece8da4aafb77699233d480f8ef,52,0.0769230769230769,-10.596153846153848,0.1153846153846153,0.4615384615384615,High volume high risk,0.40281447156437805
626ab1cd96932367f0eeec2e47046c12,3,0.0,-14.0,0.0,0.0,High rate monitoring,0.01976766622300808
62760d278921b5f352461620d68a9cee,3,0.3333333333333333,-14.333333333333334,0.3333333333333333,0.3333333333333333,High rate monitoring,0.2754296170561858
6288c69c4ce638e59925e59193f98b16,20,0.05,-12.05,0.05,0.05,High volume high risk,0.2261973023741097
62c50c1af4dfdc4149d25c5222043d39,12,0.0,-17.833333333333332,0.1666666666666666,0.0,High volume high risk,0.13569983368624097
62de60d81c55c29d76a6bce418b31cef,1,0.0,-2.0,0.0,0.0,High rate monitoring,0.005604665660905671
630008e0f062605a415d694489f6f82e,1,0.0,-7.0,0.0,0.0,High rate monitoring,0.005604665660905671
63191ead8d3b2f937cd1996fdcbbad20,1,0.0,-26.0,0.0,0.0,High rate monitoring,0.005604665660905671
63272377184e969942f7fff221be858d,2,0.0,-8.5,0.0,0.0,High rate monitoring,0.014382177431523306
6338ea67c41078a46ad99cc009654956,37,0.0,-16.0,0.054054054054054,0.0,High volume high risk,0.10963210976433267
633ecdf879b94b5337cca303328e4a25,6,0.6666666666666666,6.5,0.6666666666666666,2.6666666666666665,High rate monitoring,0.4485472076133233
634964b17796e64304cadf1ad3050fb7,265,0.0943396226415094,-10.362264150943396,0.1509433962264151,3.773584905660378,High volume high risk,0.5553655671831284
63704069d9bd3a75c1cf59babe56004a,1,1.0,7.0,1.0,1.0,High rate monitoring,0.08845084106949393
638cba8be1fb599bbb76fd6948351eb3,16,0.0,-11.3125,0.0625,0.0,High volume high risk,0.09488164976866811
63a79f5a7eb5cb48a7e5787b141c7993,11,0.0,-14.090909090909092,0.0,0.0,High volume high risk,0.03814721227301718
63b464dbf392c7b80d12d932fa7cafed,36,0.0555555555555555,-14.805555555555555,0.1666666666666666,0.3333333333333333,High volume high risk,0.41991939839430176
63b9ae557efed31d1f7687917d248a8d,5,0.0,-20.0,0.2,0.0,High rate monitoring,0.09830975284422638
63ffcb71394dd8ea3872ed9ffda17c74,17,0.0588235294117647,-11.058823529411764,0.2941176470588235,0.2941176470588235,High volume high risk,0.432401670229715
640e21a7d01df7614a3b4923e990d40c,115,0.0434782608695652,-10.37391304347826,0.0782608695652174,0.391304347826087,High volume high risk,0.31505833110320747
6426d21aca402a131fc0a5d0960a3c90,23,0.0,-13.521739130434783,0.0869565217391304,0.0,High volume high risk,0.11678386340189982
643214e62b870443ccbe55ab29a4dccf,65,0.1076923076923077,-10.923076923076923,0.0461538461538461,0.3230769230769231,High volume high risk,0.33003707213503825
643c01d7c56a724bec0454f4780e8a3e,2,0.0,-19.5,0.0,0.0,High rate monitoring,0.014382177431523306
6481e96574816ead57975da2c0f6d80d,32,0.03125,-11.25,0.09375,0.09375,High volume high risk,0.274376576475682
64c9a1db4e73e19aaafd3286dc448c96,1,0.0,-9.0,0.0,0.0,High rate monitoring,0.005604665660905671
64cc804291f90c81f02bfc2bb58ff55a,2,0.0,-8.5,0.0,0.0,High rate monitoring,0.014382177431523306
651530bf5c607240ccdd89a30c9c9712,1,0.0,-15.0,0.0,0.0,High rate monitoring,0.005604665660905671
651fe66032c9520ee5587f694908040d,7,0.0,-9.0,0.1428571428571428,0.0,High volume high risk,0.10055202233767349
6524b847b982cd56bb5d4b02b776ee42,1,1.0,16.0,0.0,0.0,High rate monitoring,0.019452846636849968
6548c2550b6e2d8f18053216e1c7b6f3,3,0.0,-8.0,0.0,0.0,High rate monitoring,0.01976766622300808
655220df33262c7e0c4949a147366f94,13,0.1538461538461538,-8.23076923076923,0.1538461538461538,0.3076923076923077,High volume high risk,0.41415491191375026
6560211a19b47992c3666cc44a7e94c0,1819,0.0527762506871907,-11.490379329301817,0.159978009895547,15.357888949972512,High volume high risk,0.49516398553435587
6561d6bf844e464b4019442692b40e02,1,0.0,-7.0,0.0,0.0,High rate monitoring,0.005604665660905671
6562efe88ce0826a4ca4f189f03b4b84,8,0.125,-9.5,0.125,0.125,High volume high risk,0.29557924009811715
656591be56071d4c9ef4e5fee78a578a,7,0.2857142857142857,-5.857142857142857,0.0,0.0,High volume high risk,0.10386736304994648
657969cca82e884d272385ec0ef06edd,3,0.0,-24.333333333333332,0.0,0.0,High rate monitoring,0.01976766622300808
659e8466eb3ff1b0e8740d74fb7bbedd,11,0.0,-19.545454545454547,0.0909090909090909,0.0,High volume high risk,0.09704011562701577
65a7c0788e4d632ccb5e1b594b87f0bb,3,0.0,-14.0,0.0,0.0,High rate monitoring,0.01976766622300808
65b081a070633e057c462abdd6fb9dd8,19,0.0,-17.473684210526315,0.1052631578947368,0.0,High volume high risk,0.12276795305708173
65c255b299faf2d12050937cc219c46c,2,0.0,-12.5,0.0,0.0,High rate monitoring,0.014382177431523306
65febd49fd28ec955651299159b1f527,33,0.0,-12.969696969696969,0.0909090909090909,0.0,High volume high risk,0.12706812404675719
6601ee6383e7f452be71929f8de48bbb,2,0.0,-17.5,0.0,0.0,High rate monitoring,0.014382177431523306
6614814a00d344b846ae209f95ee7e3f,1,0.0,-16.0,1.0,0.0,High rate monitoring,0.02548405387010717
661ad5fcc28cdfb8bcadb12bb2272475,4,0.0,-19.75,0.0,0.0,High rate monitoring,0.023556294965854933
6624bc09786f0e41ae48dfc5eeb1a9e2,1,0.0,-34.0,0.0,0.0,High rate monitoring,0.005604665660905671
6650fcccd8cd2f7e55ffa524f30c4c59,2,0.0,-12.5,0.5,0.0,High rate monitoring,0.0629624726501831
668bf321538e5072858eaef6087ce027,1,0.0,-10.0,0.0,0.0,High rate monitoring,0.005604665660905671
66922902710d126a0e7d26b0e3805106,150,0.0733333333333333,-10.333333333333334,0.0533333333333333,0.5866666666666667,High volume high risk,0.329640923590067
669ae81880e08f269a64487cfb287169,161,0.0434782608695652,-13.919254658385093,0.1180124223602484,0.8260869565217391,High volume high risk,0.3939406389737138
66dc1b1632bd6a3e508510c5b3492107,36,0.0277777777777777,-14.75,0.25,0.25,High volume high risk,0.4194375935016289
66e0557ecc2b4dbea057e93f215f68d8,30,0.2,-8.9,0.1333333333333333,0.8,High volume high risk,0.48271193243869503
66fd84ee7528c0c0de85d0f44a73d5ab,11,0.0909090909090909,-15.181818181818182,0.2727272727272727,0.2727272727272727,High volume high risk,0.4183026185742745
670a9dda115b5a88b18cfadee8de2332,11,0.0,-17.818181818181817,0.0,0.0,High volume high risk,0.03814721227301718
670c26e0f1bf8d0576271d5cfaec6d2b,77,0.0519480519480519,-12.64935064935065,0.0779220779220779,0.3116883116883117,High volume high risk,0.31572782501980207
671585f5a2af58b6e276bc01003c0d2b,27,0.0,-13.962962962962964,0.037037037037037,0.0,High volume high risk,0.09880464772160914
67225bff54a172ff67579aaf583efd78,8,0.0,-11.375,0.0,0.0,High volume high risk,0.03345056507114092
674207551483fec113276b67b0d871ff,1,0.0,-11.0,0.0,0.0,High rate monitoring,0.005604665660905671
6750d71153f00fc58829af2a8ef1bcf1,6,0.0,-16.833333333333332,0.1666666666666666,0.0,High rate monitoring,0.10037627761305193
67883baaae6134ee81b271a542613728,19,0.0526315789473684,-6.105263157894737,0.1052631578947368,0.1052631578947368,High volume high risk,0.2914020712515764
679769a98cfcc6da877c8486ff1c13f3,21,0.0,-15.61904761904762,0.0476190476190476,0.0,High volume high risk,0.09673165347409332
67bf6941ba2f1fa1d02c375766bc3e53,15,0.0666666666666666,-9.933333333333334,0.0666666666666666,0.0666666666666666,High volume high risk,0.239648386257264
6806dad1da97bfb5a9038eac6881f706,10,0.0,-13.3,0.1,0.0,High volume high risk,0.09823884768165966
681fce914360217db47784ae28905a96,23,0.1304347826086956,-13.08695652173913,0.217391304347826,0.6521739130434783,High volume high risk,0.5340249098616909
6824a69c9ea0313eba299dd4a2dba09a,6,0.0,-13.166666666666666,0.0,0.0,High rate monitoring,0.02921314559567034
685b870da5b52a710782c9c0fefbeb5b,2,1.0,16.0,0.5,1.0,High rate monitoring,0.2185320942307474
6860153b69cc696d5dcfe1cdaaafcf62,74,0.081081081081081,-9.445945945945946,0.1486486486486486,0.8918918918918919,High volume high risk,0.4859154555709117
6861de0f40cacb0602e473c51639f980,5,0.2,-16.0,0.2,0.2,High rate monitoring,0.31422044751154027
686886775c8f6b1191c7b953fb52708c,1,0.0,-14.0,0.0,0.0,High rate monitoring,0.005604665660905671
6879c4d287a8dd06b11f54ea8f78e4da,6,0.0,-12.0,0.1666666666666666,0.0,High rate monitoring,0.10037627761305193
688756f717c462a206ad854c5027a64a,81,0.037037037037037,-8.45679012345679,0.1728395061728395,0.5185185185185185,High volume high risk,0.4361411190815447
68ca56ce86830f3d31b1b7ec6a54da3e,5,0.0,-16.8,0.2,0.0,High rate monitoring,0.09830975284422638
68f86ba270525243e68ae74044f992b9,10,0.0,-13.7,0.0,0.0,High volume high risk,0.036821714062709884
6902157ee16728322d61a1321fa79e58,2,0.0,-20.0,0.5,0.0,High rate monitoring,0.0629624726501831
693660429f9dc4ff704eb3d88dad54d7,2,0.0,-17.0,0.0,0.0,High rate monitoring,0.014382177431523306
695051e2981c8b19e77cafe450d5bdf3,1,0.0,-8.0,0.0,0.0,High rate monitoring,0.005604665660905671
6973a06f484aacf400ece213dbf3d946,89,0.146067415730337,-7.617977528089888,0.2247191011235955,2.9213483146067416,High volume high risk,0.670934030682333
698624c6632eeba1774924dbea24c700,1,0.0,-11.0,0.0,0.0,High rate monitoring,0.005604665660905671
6989574bd97d9773f10d232b6c07da59,7,0.0,-12.428571428571429,0.0,0.0,High volume high risk,0.03143622527122511
698f5fa55a5f73d0740e9d9a773e8093,4,0.0,-16.5,0.0,0.0,High rate monitoring,0.023556294965854933
69a43819c758c65a5befb0b471c954d7,2,0.0,-25.0,0.0,0.0,High rate monitoring,0.014382177431523306
69b5eaa096c3f9d1e5c398c597f567d6,2,0.0,-6.0,0.0,0.0,High rate monitoring,0.014382177431523306
6a0cbc8af2e8abd1bdfb777943d174c6,34,0.088235294117647,-8.941176470588236,0.1176470588235294,0.3529411764705882,High volume high risk,0.39378026002141453
6a3139c7bf09ece22a4713d956acbe5e,1,0.0,-13.0,0.0,0.0,High rate monitoring,0.005604665660905671
6a38087bc8ad4f89ff453561005f6dea,15,0.0,-12.8,0.0,0.0,High volume high risk,0.0420610849412474
6a51fc556dab5f766ced6fbc860bc613,24,0.0833333333333333,-12.458333333333334,0.1666666666666666,0.3333333333333333,High volume high risk,0.43269610135066044
6a53b90c3ad9e0b56d9fe5c69165fff5,2,0.0,-7.0,0.0,0.0,High rate monitoring,0.014382177431523306
6a8a889bde935bafa76d7848782dfaf9,26,0.0769230769230769,-15.192307692307692,0.1153846153846153,0.2307692307692307,High volume high risk,0.35933907369828305
6a8b085f816a1f75f92dbac6eb545f8f,125,0.08,-10.048,0.104,1.04,High volume high risk,0.4212965776528678
6aa3928696eab49a19a466e665a649fd,18,0.0555555555555555,-14.333333333333334,0.0555555555555555,0.0555555555555555,High volume high risk,0.23114654176568633
6b15924333bd1a741595fe981ea04822,21,0.0,-11.285714285714286,0.0,0.0,High volume high risk,0.04589146165922204
6b1c4d4d9ccf0be3d8544eb0e71e5318,1,0.0,-14.0,0.0,0.0,High rate monitoring,0.005604665660905671
6b243f80ed07b10f0e8aa0f21a205f3c,79,0.0379746835443038,-14.60759493670886,0.1012658227848101,0.3037974683544304,High volume high risk,0.33594247871780486
6b2612338467c08c9b25f0cc55b1578d,1,0.0,-22.0,0.0,0.0,High rate monitoring,0.005604665660905671
6b333a05bf188ef3e1f1662a86bd9855,12,0.0833333333333333,-8.666666666666666,0.0833333333333333,0.0833333333333333,High volume high risk,0.25755065305757413
6b3bd31ad8fcda4b2635ec9f3ff2ecdf,35,0.0857142857142857,-9.057142857142855,0.1714285714285714,0.5142857142857142,High volume high risk,0.4743421013923428
6b536a23086fba0d58c08d68814397f6,18,0.0555555555555555,-12.055555555555555,0.1666666666666666,0.1666666666666666,High volume high risk,0.36680330830534746
6b803197e03abd5056b4313306b4f29d,7,0.0,-10.0,0.0,0.0,High volume high risk,0.03143622527122511
6b89abe95848c850399130d149a39b63,8,0.0,-13.625,0.125,0.0,High volume high risk,0.09978077788870196
6b90f847357d8981edd79a1eb1bf0acb,45,0.0,-9.4,0.0666666666666666,0.0,High volume high risk,0.11882225120145287
6b9b80d53ba3676eafe60268a810b5a1,9,0.0,-15.11111111111111,0.1111111111111111,0.0,High volume high risk,0.09926878221157719
6ba4733aa33f6386e9fb0c0fd3993b38,3,0.0,-11.333333333333334,0.0,0.0,High rate monitoring,0.01976766622300808
6bb0724edf0b62fb91ac404873a97241,17,0.0588235294117647,-10.352941176470589,0.0588235294117647,0.0588235294117647,High volume high risk,0.2332388504299534
6bb62a4912377c7bfe7cb17b406bc7e6,4,0.0,-8.75,0.25,0.0,High rate monitoring,0.09258044243368588
6bb66d9870c2e01c05655c7ed0e7ee13,3,0.0,-15.333333333333334,0.3333333333333333,0.0,High rate monitoring,0.08226048224997312
6bbcb8924baf70b7fe2fe2097e8cd407,10,0.0,-18.1,0.1,0.0,High volume high risk,0.09823884768165966
6bcb2352a2a0c38b845f598298ab9d26,1,0.0,-14.0,0.0,0.0,High rate monitoring,0.005604665660905671
6bd503a8230299c9316fb0f726933927,4,0.25,-6.0,0.0,0.0,High rate monitoring,0.07698480370102029
6bd69102ab48df500790a8cecfc285c2,5,0.2,-3.6,0.6,0.6,High rate monitoring,0.37815873869807143
6bef34c5be6f2bbd70aa5165f6df94b1,2,0.0,-10.0,0.5,0.0,High rate monitoring,0.0629624726501831
6c12e40690c335dbc2f68a4134d30dc1,16,0.0,-13.6875,0.125,0.0,High volume high risk,0.12773807540634766
6c177e38df6d3f34182b1f1d427231bf,53,0.0188679245283018,-14.49056603773585,0.1320754716981132,0.1320754716981132,High volume high risk,0.33641738069819105
6c17baf138731a4aaacc3210adf2037b,4,0.0,-8.75,0.0,0.0,High rate monitoring,0.023556294965854933
6c1b6d0c604b776f844125f911eb7377,4,0.0,-15.0,0.0,0.0,High rate monitoring,0.023556294965854933
6c6cc59a5c00cacc5054ca06d65cc282,1,0.0,-17.0,0.0,0.0,High rate monitoring,0.005604665660905671
6c6e3d67f969468f3bfd33f827a31222,5,0.0,-11.8,0.0,0.0,High rate monitoring,0.026583023162619634
6c77cd583b36a13aacccf2b3ee23e233,1,0.0,-12.0,0.0,0.0,High rate monitoring,0.005604665660905671
6c7d50c24b3ccd2fd83b44d8bb34e073,112,0.0178571428571428,-11.991071428571429,0.0625,0.125,High volume high risk,0.26253504893279744
6c9875b2f94ba781186f0c1aed8d1687,2,0.0,-17.0,0.0,0.0,High rate monitoring,0.014382177431523306
6c99c983ce3b6ba0ab813e6790e81691,9,0.0,-15.77777777777778,0.2222222222222222,0.0,High volume high risk,0.135070189041194
6cd68b3ed6d59aaa9fece558ad360c0a,149,0.0134228187919463,-14.187919463087248,0.0335570469798657,0.0671140939597315,High volume high risk,0.24460683236129618
6cf476a4ca74498db55cbccdaa9dcfb6,5,0.2,-5.0,0.4,0.4,High rate monitoring,0.36372318635801953
6d04126aba80df143fd038e711b8fd96,1,1.0,16.0,1.0,1.0,High rate monitoring,0.08845084106949393
6d1b9c9579132c87d2703ec38c30f2c5,4,0.0,-15.5,0.0,0.0,High rate monitoring,0.023556294965854933
6d22a1fcebb6dd08c9cd90b92a93e8d0,12,0.0,-10.666666666666666,0.0833333333333333,0.0,High volume high risk,0.09648199961119279
6d2f2e3b539480db1e0842b3a4e32e6e,3,0.0,-7.666666666666667,0.3333333333333333,0.0,High rate monitoring,0.08226048224997312
6d66611d7c44cc30ce351abc49a68421,164,0.0548780487804878,-11.097560975609756,0.1524390243902439,1.371951219512195,High volume high risk,0.47306112857995314
6d7f8d9d594e28796b6b3205b00f459c,3,0.0,-5.0,0.3333333333333333,0.0,High rate monitoring,0.08226048224997312
6d803cb79cc31c41c4c789a75933b3c7,58,0.0689655172413793,-13.827586206896552,0.0862068965517241,0.3448275862068966,High volume high risk,0.34284843658157604
6d988d6174a2c27441597174f8905515,19,0.1052631578947368,-8.894736842105264,0.1578947368421052,0.3157894736842105,High volume high risk,0.4252940916207844
6da1992f915d77be95d7fa48b36904af,7,0.0,-22.857142857142858,0.1428571428571428,0.0,High volume high risk,0.10055202233767349
6dc9bec584588412a6a338830946a3e4,1,0.0,-44.0,1.0,0.0,High rate monitoring,0.02548405387010717
6dd7dce75cd55c1ce255dc38d9f0cd46,1,0.0,-20.0,0.0,0.0,High rate monitoring,0.005604665660905671
6ddc28b61be28373b4503a1f61cf98a9,11,0.0909090909090909,-7.909090909090909,0.0909090909090909,0.0909090909090909,High volume high risk,0.26555939715489757
6df688df543f90e9b38f4319e75a9d88,39,0.0,-15.41025641025641,0.0256410256410256,0.0,High volume high risk,0.1036748696602609
6e0908ef4d4efadbc3cc2b74ea477cb0,8,0.125,-12.375,0.25,0.25,High volume high risk,0.3894419844829809
6e13dd869aa7185f601c941423abcc8f,5,0.0,-12.4,0.0,0.0,High rate monitoring,0.026583023162619634
6e1862e15f33d9994bc25922a85e1efc,7,0.0,-16.571428571428573,0.1428571428571428,0.0,High volume high risk,0.10055202233767349
6e386f64c84e482f0b9abf960797ee1b,29,0.0689655172413793,-9.586206896551724,0.0344827586206896,0.0689655172413793,High volume high risk,0.25323826160801977
6e4a902d1054e4e17aa6eab87fac1c75,7,0.1428571428571428,-5.571428571428571,0.1428571428571428,0.1428571428571428,High volume high risk,0.3059222694928746
6e4f5ff6b086632ba8dcb558fb10249e,5,0.0,-17.0,0.4,0.0,High rate monitoring,0.11379761195603968
6e864f5c4669eff3d98140a07cc50202,13,0.0769230769230769,-11.461538461538462,0.0769230769230769,0.0769230769230769,High volume high risk,0.25095570242895343
6eb94e1466490d327a09abf8f3552a50,9,0.0,-10.444444444444445,0.0,0.0,High volume high risk,0.03530834996432753
6ebf4eceee4dd9847201c82e77ef8123,1,0.0,-5.0,0.0,0.0,High rate monitoring,0.005604665660905671
6ec1a01e866584bb679eb9b098345919,30,0.2,-5.933333333333334,0.1333333333333333,0.8,High volume high risk,0.48271193243869503
6edacfd9f9074789dad6d62ba7950b9c,205,0.0439024390243902,-11.55609756097561,0.0878048780487804,0.7902439024390243,High volume high risk,0.34191326694142743
6ee85be3693ed79a8e80718743d80655,5,0.4,-5.2,0.4,0.8,High rate monitoring,0.38477943276591375
6eeed17989b0ae47c9f11ece6f38ea90,3,0.0,-13.333333333333334,0.3333333333333333,0.0,High rate monitoring,0.08226048224997312
6f1a1263039c76e68f40a8e536b1da6a,2,0.5,31.0,0.5,0.5,High rate monitoring,0.21448795190966907
6f229cc508fc6915ed5c499efd93baa4,13,0.1538461538461538,-8.923076923076923,0.1538461538461538,0.3076923076923077,High volume high risk,0.41415491191375026
6f835fd4be26989b1b064399da346143,2,0.0,-21.0,0.0,0.0,High rate monitoring,0.014382177431523306
6f83d9e4da896daae20b9b6b2d3ff8d2,11,0.0,-15.090909090909092,0.0909090909090909,0.0,High volume high risk,0.09704011562701577
6f892e20a171e98efe17fdb971ff319b,41,0.0975609756097561,-9.829268292682928,0.0975609756097561,0.3902439024390244,High volume high risk,0.3798363985969503
6fa9202c10491e472dffd59a3e82b2a3,3,0.0,-9.0,0.0,0.0,High rate monitoring,0.01976766622300808
6fc26fe110feebd80a433e1f012a84f9,35,0.1142857142857142,-11.885714285714286,0.1428571428571428,0.5714285714285714,High volume high risk,0.46872645307729305
6fd52c528dcb38be2eea044946b811f8,67,0.1343283582089552,-10.791044776119405,0.3582089552238806,3.223880597014926,High volume high risk,0.7065461584140178
7008613ea464bad5cb9b83456e1e6a8f,123,0.048780487804878,-13.902439024390244,0.073170731707317,0.4390243902439024,High volume high risk,0.31747807415549234
700f03c207639c22d933381ff60b35c2,4,0.5,0.5,0.25,0.5,High rate monitoring,0.3153845242835227
70125af26c2d6d4ef401a1d02ae7701f,5,0.0,-3.4,0.0,0.0,High rate monitoring,0.026583023162619634
70126eecc6aa1274392a1743866e9678,3,0.0,-12.0,0.0,0.0,High rate monitoring,0.01976766622300808
701938c450705b8ae65fc923b70f35c7,74,0.0405405405405405,-11.743243243243244,0.1216216216216216,0.3648648648648649,High volume high risk,0.3672021888785484
702835e4b785b67a084280efca355756,1,0.0,-23.0,0.0,0.0,High rate monitoring,0.005604665660905671
7040e82f899a04d1b434b795a43b4617,208,0.0769230769230769,-10.288461538461538,0.2548076923076923,4.076923076923077,High volume high risk,0.6297042923729543
70849ca4f400aaabb62cb7462a6f1428,12,0.1666666666666666,-11.0,0.0833333333333333,0.1666666666666666,High volume high risk,0.30104430638848895
709e16e2b25c7474d980076c6bfc4806,60,0.0333333333333333,-12.933333333333334,0.0166666666666666,0.0333333333333333,High volume high risk,0.2354712538781001
70a12e78e608ac31179aea7f8422044b,312,0.0929487179487179,-10.426282051282053,0.1955128205128205,5.669871794871795,High volume high risk,0.6118942026766625
70b52a4cfc823994561b00bad161b4ed,8,0.0,-25.125,0.0,0.0,High volume high risk,0.03345056507114092
70bf57d811208f8923b41bbd499a67a4,7,0.0,-6.714285714285714,0.1428571428571428,0.0,High volume high risk,0.10055202233767349
70c0fda4c313d87115644d39e62eec60,1,0.0,-14.0,0.0,0.0,High rate monitoring,0.005604665660905671
70c27847eca8195c983ed7e798c56743,77,0.0649350649350649,-11.753246753246753,0.1818181818181818,0.909090909090909,High volume high risk,0.4989074175131125
70c4eedec9cb4a85cda2f3f9673557b4,1,0.0,-17.0,0.0,0.0,High rate monitoring,0.005604665660905671
70ee69419916dc13e3aed619061f996c,1,0.0,-4.0,0.0,0.0,High rate monitoring,0.005604665660905671
70eea00b476a314817cefde4aad4f89a,106,0.0660377358490566,-12.075471698113208,0.0660377358490566,0.4622641509433962,High volume high risk,0.325986021032921
70f7e8018e3d46c748c92f026aa2585a,1,0.0,-22.0,0.0,0.0,High rate monitoring,0.005604665660905671
70f84699be677ec988d1fa824aef7d90,5,0.0,-10.4,0.0,0.0,High rate monitoring,0.026583023162619634
71039d19d4303bf9054d69e9a9236699,35,0.2,-7.914285714285715,0.2,1.4,High volume high risk,0.5963649953948903
710e3548e02bc1d2831dfc4f1b5b14d4,131,0.0381679389312977,-21.786259541984737,0.3053435114503817,1.5267175572519085,High volume high risk,0.5319311636012314
71271995e85f5b8530be99ed54a91b89,6,0.1666666666666666,-6.833333333333333,0.3333333333333333,0.3333333333333333,High rate monitoring,0.3793134976950404
712e6ed8aa4aa1fa65dab41fed5737e4,77,0.2077922077922078,-9.116883116883116,0.3506493506493506,5.6103896103896105,High volume high risk,0.7653922049915657
712efd3b68f9686dc856b84abd0f21ae,1,0.0,-2.0,0.0,0.0,High rate monitoring,0.005604665660905671
7139dc5186aa238b006e066d8fbab2e4,22,0.1363636363636363,-11.045454545454543,0.1818181818181818,0.5454545454545454,High volume high risk,0.4977137006794355
713e3a23ca5e47786eb6f0d99f94cfac,4,0.0,-20.0,0.0,0.0,High rate monitoring,0.023556294965854933
7142540dd4c91e2237acb7e911c4eba2,316,0.0727848101265822,-13.44620253164557,0.1392405063291139,3.20253164556962,High volume high risk,0.4920631782345214
714b9a1332840f257b49f476bea4e341,6,0.3333333333333333,4.166666666666667,0.5,1.0,High rate monitoring,0.42820806550352003
71592660bbcb6a4664e97b6f8b68babc,6,0.0,-10.333333333333334,0.0,0.0,High rate monitoring,0.02921314559567034
71593c7413973a1e160057b80d4958f6,2,0.0,-3.5,0.5,0.0,High rate monitoring,0.0629624726501831
715bbd5ba4e6b74cb0d2f29eb45058b0,62,0.0806451612903225,-13.46774193548387,0.064516129032258,0.3225806451612903,High volume high risk,0.32362486426005455
7178e1eaa97257d8b6d4b80efd77a025,1,0.0,-10.0,0.0,0.0,High rate monitoring,0.005604665660905671
7178f9f4dd81dcef02f62acdf8151e01,202,0.0346534653465346,-18.480198019801986,0.1435643564356435,1.004950495049505,High volume high risk,0.42528439606989416
717b78b0950b51ed00b1471d858b0edc,5,0.2,-3.2,0.2,0.2,High rate monitoring,0.31422044751154027
718539d38d07dd351c76db862760e2e2,35,0.0,-14.028571428571428,0.0285714285714285,0.0,High volume high risk,0.1024313451699291
71dc18fd8cbf5fd77f45dd8b427abb34,4,0.0,-19.0,0.0,0.0,High rate monitoring,0.023556294965854933
7202e2ba20579a9bd1acb29e61fe71f6,51,0.0392156862745098,-12.176470588235292,0.1568627450980392,0.3137254901960784,High volume high risk,0.3965144839087974
720e6cf846ea7572cbb66b743fb91e6c,1,0.0,-7.0,0.0,0.0,High rate monitoring,0.005604665660905671
7210cd29727d674c00741e5e387b3ccd,9,0.1111111111111111,-7.444444444444445,0.1111111111111111,0.1111111111111111,High volume high risk,0.28546355756776465
72146da5774cabf2632faedcae097a76,4,0.25,4.0,0.25,0.25,High rate monitoring,0.3025640151663063
7238a95bb63ef7e498389fb863b834a1,15,0.0,-9.533333333333331,0.0,0.0,High volume high risk,0.0420610849412474
7238f877570096ae403c51898fa64566,3,0.0,-16.0,0.0,0.0,High rate monitoring,0.01976766622300808
723a46b89fd5c3ed78ccdf039e33ac63,1,0.0,-30.0,0.0,0.0,High rate monitoring,0.005604665660905671
723cd880edaacdb998898b67c8f9da30,11,0.0909090909090909,-11.272727272727272,0.1818181818181818,0.1818181818181818,High volume high risk,0.3720585149526074
72431a818f97fe6ab9c81eee3e297e54,1,0.0,-15.0,0.0,0.0,High rate monitoring,0.005604665660905671
725af026f869236a8dd0ceb98564d156,5,0.0,-26.8,0.0,0.0,High rate monitoring,0.026583023162619634
725c32fa80c2faacc4fc88450d27314e,89,0.0112359550561797,-12.337078651685394,0.0224719101123595,0.0224719101123595,High volume high risk,0.2299489826980786
7299e27ed73d2ad986de7f7c77d919fa,335,0.0417910447761194,-12.537313432835822,0.0656716417910447,0.9194029850746268,High volume high risk,0.30959339337668085
729b2d09b2a0bdab221076327f13d050,48,0.0416666666666666,-12.291666666666666,0.0416666666666666,0.0833333333333333,High volume high risk,0.2480828588232425
729f06993dac8e860d4f02d7088ca48a,94,0.0957446808510638,-10.808510638297872,0.1063829787234042,0.9574468085106383,High volume high risk,0.43931418877640355
72bc2cce903c872fe376a8faaa81d237,17,0.0,-8.176470588235293,0.0588235294117647,0.0,High volume high risk,0.09542100510598625
72c38a04bd6a1c3dbc5298425a0db86d,4,0.0,-22.0,0.25,0.0,High rate monitoring,0.09258044243368588
72c5da29406b4234927b81855e7b64f6,31,0.032258064516129,-16.580645161290324,0.1290322580645161,0.1290322580645161,High volume high risk,0.3232352050759611
72c73be2b085b9d57650dd53eb2004c9,1,0.0,-13.0,0.0,0.0,High rate monitoring,0.005604665660905671
730937bf88cb151eb2eb849f642fc213,22,0.0454545454545454,-10.727272727272728,0.0909090909090909,0.0909090909090909,High volume high risk,0.2705051061579987
7315baebc0572ff220d226283dc66728,2,0.0,-12.5,0.0,0.0,High rate monitoring,0.014382177431523306
731ef20c231d9a7103a425e83fd91271,2,0.0,-15.5,0.0,0.0,High rate monitoring,0.014382177431523306
734def04b237117a09321dd6d8f3f2a2,2,0.0,-16.5,0.0,0.0,High rate monitoring,0.014382177431523306
7354220fb240bde543b3c40c060d41e7,7,0.0,-15.714285714285714,0.0,0.0,High volume high risk,0.03143622527122511
7357b52d27cbaa90f81a96cbc1279396,12,0.0833333333333333,-9.083333333333334,0.0833333333333333,0.0833333333333333,High volume high risk,0.25755065305757413
739c7d7be81f63812dea0d1b1451c651,2,0.0,-24.0,0.0,0.0,High rate monitoring,0.014382177431523306
73a63f72308aa20a46f4b1632018f196,27,0.0,-15.148148148148149,0.074074074074074,0.0,High volume high risk,0.11224237842798591
73b8eb4a9a729d4019b24ed1be748cbf,7,0.0,-7.285714285714286,0.0,0.0,High volume high risk,0.03143622527122511
73da1880b39c71de2b262bc7720c1494,2,0.0,-14.0,0.0,0.0,High rate monitoring,0.014382177431523306
740205fedfe4e90ca6857bc77db0f2b4,1,0.0,-31.0,0.0,0.0,High rate monitoring,0.005604665660905671
7402d13c03a7e91366337cd1de471144,3,0.0,-11.0,0.0,0.0,High rate monitoring,0.01976766622300808
741f8c587cb4248ebc5b779a0e8e0e51,5,0.2,-7.8,0.2,0.2,High rate monitoring,0.31422044751154027
744dac408745240a2c2528fb1b6028f3,78,0.0128205128205128,-16.76923076923077,0.0384615384615384,0.0384615384615384,High volume high risk,0.23408550972432204
74636e24f01da9268b0ed88dacd8513e,4,0.25,-4.75,0.25,0.25,High rate monitoring,0.3025640151663063
747c1cdcd1737dcfbd1547f6eb6f2cf3,2,0.0,-15.0,0.5,0.0,High rate monitoring,0.0629624726501831
747e73c01a4593d4cf60dcf970fd2689,3,0.0,-30.0,0.0,0.0,High rate monitoring,0.01976766622300808
74871d19219c7d518d0090283e03c137,6,0.0,-8.333333333333334,0.0,0.0,High rate monitoring,0.02921314559567034
7494d0dcba8551df6cf37f1b905dc2f7,1,0.0,-15.0,0.0,0.0,High rate monitoring,0.005604665660905671
749e7cdabbaf72f16677859e27874ba5,1,0.0,-7.0,1.0,0.0,High rate monitoring,0.02548405387010717
74a9b9bddf14ece02beb81f52c41a88d,2,0.0,-13.0,0.5,0.0,High rate monitoring,0.0629624726501831
74bafed391319577bce6f4d2acc0589a,3,0.0,-12.666666666666666,0.6666666666666666,0.0,High rate monitoring,0.08831806809798569
74c7dec0a384d8a05950e629bd23bde9,4,0.0,-9.0,0.25,0.0,High rate monitoring,0.09258044243368588
750303a20e9c56b2a6bc45cdce0b897d,53,0.0377358490566037,-11.830188679245284,0.0943396226415094,0.1886792452830188,High volume high risk,0.30868244942099365
751bdc4d83a466c7206cd42e8f426b03,51,0.0196078431372549,-11.745098039215684,0.2156862745098039,0.2156862745098039,High volume high risk,0.4160971640356907
751e274377499a8503fd6243ad9c56f6,1,0.0,-6.0,0.0,0.0,High rate monitoring,0.005604665660905671
75745ef7bc7d4f3ea3380f6f5303f514,3,0.0,-21.333333333333332,0.0,0.0,High rate monitoring,0.01976766622300808
7586919161935337bf6b6d7ff5779648,11,0.1818181818181818,-5.545454545454546,0.2727272727272727,0.5454545454545454,High volume high risk,0.4830656639564672
75a4764c108403a7a0575140cb22287c,5,0.0,-19.8,0.0,0.0,High rate monitoring,0.026583023162619634
75d34ebb1bd0bd7dde40dd507b8169c3,57,0.1228070175438596,-16.403508771929825,0.1929824561403508,1.350877192982456,High volume high risk,0.5779386568813668
75fbb52eda0cbc24f479d3b2fbfa8d3e,38,0.0526315789473684,-14.157894736842104,0.0789473684210526,0.1578947368421052,High volume high risk,0.29002845297056773
75fdd0a732287f9497b179f6bd445d32,1,0.0,-18.0,0.0,0.0,High rate monitoring,0.005604665660905671
761681a821d8275bc79f552116d06869,3,0.0,-18.0,0.0,0.0,High rate monitoring,0.01976766622300808
762ed976527cddf02787edba70fffa2a,3,0.0,-21.333333333333332,0.6666666666666666,0.0,High rate monitoring,0.08831806809798569
762fafdaa57a532ee0119731697579dd,5,0.0,-13.2,0.0,0.0,High rate monitoring,0.026583023162619634
76623fde66e6b63b59440fd34160512d,3,0.0,-13.333333333333334,0.0,0.0,High rate monitoring,0.01976766622300808
7681ef142fd2c19048da7430856b5588,58,0.0862068965517241,-9.379310344827584,0.1206896551724138,0.603448275862069,High volume high risk,0.42808043528621365
76833248bbc0e65a0293ec62023e4396,2,0.0,-6.5,0.0,0.0,High rate monitoring,0.014382177431523306
768a86e36ad6aae3d03ee3c6433d61df,17,0.1176470588235294,-8.823529411764707,0.0,0.0,High volume high risk,0.12737882875965725
768de2a4fc06aacecb9a586ccc30746a,13,0.0,-12.461538461538462,0.0769230769230769,0.0,High volume high risk,0.0958307441543506
76c47a299e4a8fe992316a85865acbe9,6,0.3333333333333333,-2.8333333333333335,0.0,0.0,High rate monitoring,0.09781325472869704
76d336555bb25f3165d2f0d6da719c40,1,0.0,-30.0,0.0,0.0,High rate monitoring,0.005604665660905671
76d5af76d0271110f9af36c92573f765,128,0.09375,-12.3359375,0.140625,1.6875,High volume high risk,0.5109490043218065
76d64c4aca3a7baf218bf93ef7fa768d,64,0.03125,-15.109375,0.140625,0.28125,High volume high risk,0.3686892223523463
76de363de16dacc923eec8daf91df504,2,0.0,-14.5,0.5,0.0,High rate monitoring,0.0629624726501831
76ea5315acb3f5f7ade3cd261faf922a,15,0.0666666666666666,-11.2,0.0666666666666666,0.0666666666666666,High volume high risk,0.239648386257264
77128dec4bec4878c37ab7d6169d6f26,1,0.0,-7.0,0.0,0.0,High rate monitoring,0.005604665660905671
7722b1df1b0e383e000397b2c11e3e19,133,0.0300751879699248,-11.992481203007518,0.112781954887218,0.4511278195488721,High volume high risk,0.3561714284863623
77530e9772f57a62c906e1c21538ab82,312,0.0929487179487179,-10.948717948717947,0.1474358974358974,4.2756410256410255,High volume high risk,0.5497650131557386
77714512e8d4dda9c234da8e3faf16e4,4,0.0,-8.25,0.0,0.0,High rate monitoring,0.023556294965854933
777a0c55737f34ffeb78010f7542ab41,6,0.0,-9.833333333333334,0.1666666666666666,0.0,High rate monitoring,0.10037627761305193
778323240ce2830d68aab11794e00bfb,3,0.0,-7.333333333333333,0.0,0.0,High rate monitoring,0.01976766622300808
77a515caa36327151d1cc6c32a9f00e1,26,0.1153846153846153,-10.73076923076923,0.0769230769230769,0.2307692307692307,High volume high risk,0.32863470778938586
77e4abfd739aed9c46480f90f81c0eb4,18,0.0,-15.5,0.0,0.0,High volume high risk,0.04432591259192995
77fccaae319668a8ab6cd0fd16aec48c,11,0.0,-11.545454545454543,0.0909090909090909,0.0,High volume high risk,0.09704011562701577
7813ea3ebd9411dc600b4dd01f7a97b9,9,0.1111111111111111,-9.88888888888889,0.2222222222222222,0.2222222222222222,High volume high risk,0.38841633619388727
7816cd9c5b1238e320545f5bf7eb80e8,1,0.0,-14.0,0.0,0.0,High rate monitoring,0.005604665660905671
781a66c0d89e30814d49fe8b5e14cd07,1,1.0,10.0,1.0,1.0,High rate monitoring,0.08845084106949393
782f78b632a43875dd5b53e3e49c9564,1,0.0,-14.0,0.0,0.0,High rate monitoring,0.005604665660905671
784ba75dd9d20200c4caed3d7a77141a,19,0.1052631578947368,-9.210526315789474,0.1578947368421052,0.3157894736842105,High volume high risk,0.4252940916207844
78744a20ee2f80ba64f6804c25def2b8,6,0.1666666666666666,-7.666666666666667,0.1666666666666666,0.1666666666666666,High rate monitoring,0.313195279882799
78813699ffac347fe27dba345a5f1551,1,0.0,-29.0,0.0,0.0,High rate monitoring,0.005604665660905671
788e857f317e53de488d393e65a80f45,11,0.0,-13.818181818181818,0.0,0.0,High volume high risk,0.03814721227301718
788f22bafdd7ab0e1e79f19db72f16a4,2,0.0,-6.0,0.0,0.0,High rate monitoring,0.014382177431523306
78a4d36f65a019172c6154468831a69f,7,0.1428571428571428,-11.428571428571429,0.1428571428571428,0.1428571428571428,High volume high risk,0.3059222694928746
78ba5933c21686d1c2f64669c8c459e7,2,0.0,-14.0,0.0,0.0,High rate monitoring,0.014382177431523306
78c99c6dff4eeae5be99bf635ed21e3f,31,0.064516129032258,-10.483870967741936,0.0967741935483871,0.1935483870967742,High volume high risk,0.3238739334473188
78ef7e885d17f35e2382a47aae8b8cce,3,0.0,-20.0,0.0,0.0,High rate monitoring,0.01976766622300808
7901646fdd36a55f564ffaf2dbccaaf7,22,0.0909090909090909,-11.545454545454543,0.0909090909090909,0.1818181818181818,High volume high risk,0.32310332124427626
791cfcfe22fe4a771ece27f90017da92,1,1.0,5.0,1.0,1.0,High rate monitoring,0.08845084106949393
79565f7d5603b24ddf07ade262547f2f,7,0.2857142857142857,-11.0,0.1428571428571428,0.2857142857142857,High volume high risk,0.33223051811864185
7957cac1a02f45d0a4a7e45626382ec2,1,0.0,-2.0,0.0,0.0,High rate monitoring,0.005604665660905671
7963e546f34e098b578f9ad102494601,1,0.0,-8.0,0.0,0.0,High rate monitoring,0.005604665660905671
7994081388d55b9cf976c050653dd359,1,0.0,-20.0,0.0,0.0,High rate monitoring,0.005604665660905671
7994b065a7ffb14e71c6312cf87b9de2,5,0.0,-22.4,0.0,0.0,High rate monitoring,0.026583023162619634
79a679c36c08d606b3fd47ead9de109b,3,0.3333333333333333,-4.333333333333333,0.6666666666666666,0.6666666666666666,High rate monitoring,0.2957119993710988
79b93a308a97792cf53ac75f46da00b5,1,0.0,-3.0,0.0,0.0,High rate monitoring,0.005604665660905671
79ebd9a61bac3eaf882805ed4ecfa12a,133,0.0451127819548872,-12.300751879699249,0.1353383458646616,0.8120300751879699,High volume high risk,0.41604079200787025
79ed755314cfe6df0daef2c6cd3022cd,23,0.0,-13.695652173913045,0.0,0.0,High volume high risk,0.04685166508716118
7a241947449cc45dbfda4f9d0798d9d0,56,0.0714285714285714,-13.589285714285714,0.1071428571428571,0.4285714285714285,High volume high risk,0.38251793923927147
7a2d2949aea47fab95fd98d6c9f618b1,11,0.0,-17.545454545454547,0.0909090909090909,0.0,High volume high risk,0.09704011562701577
7a425d299613df3e613bcf9d2eaf5c49,18,0.0555555555555555,-12.11111111111111,0.1666666666666666,0.1666666666666666,High volume high risk,0.36680330830534746
7a67c85e85bb2ce8582c35f2203ad736,1145,0.0524017467248908,-11.8235807860262,0.0978165938864628,5.868995633187773,High volume high risk,0.38543885269729566
7a704e63bb29c446869efde5d57524c8,1,0.0,-19.0,0.0,0.0,High rate monitoring,0.005604665660905671
7a91bf945c6fae0779f1c61ce97fe45c,4,0.25,16.0,0.0,0.0,High rate monitoring,0.07698480370102029
7a9c12e235c36247c3c81f50d6ea9cea,5,0.0,-28.4,0.0,0.0,High rate monitoring,0.026583023162619634
7aa4334be125fcdd2ba64b3180029f14,214,0.116822429906542,-9.4392523364486,0.1401869158878504,3.5046728971962615,High volume high risk,0.5523298158608841
7aa538dd6e114e503a2e6154ea352253,5,0.0,-11.6,0.0,0.0,High rate monitoring,0.026583023162619634
7ab0dd5487bab2dc835337b244f689fb,1,0.0,-17.0,0.0,0.0,High rate monitoring,0.005604665660905671
7ad32824caee82087b3e2e5f33b1bf32,147,0.1292517006802721,-10.06122448979592,0.1904761904761904,3.619047619047618,High volume high risk,0.6413988519260558
7ad41305e96a6cab8294cd65891e9a86,2,0.0,-15.0,0.0,0.0,High rate monitoring,0.014382177431523306
7adbd3210a7b3cc2235e225eef33574d,3,0.0,-16.0,0.0,0.0,High rate monitoring,0.01976766622300808
7ade73f1b9b4e965f9009a4c3a7e2c15,26,0.0,-13.076923076923077,0.0,0.0,High volume high risk,0.047790994527536435
7b07b3c7487f0ea825fc6df75abd658b,91,0.0439560439560439,-10.989010989010987,0.0989010989010989,0.3956043956043956,High volume high risk,0.3430887340454391
7b0df942f46435babab05d49b744b2c4,32,0.09375,-10.875,0.0625,0.1875,High volume high risk,0.304923700151534
7b1222c3624aa89b9558b50a2594188c,22,0.1363636363636363,-13.045454545454543,0.0909090909090909,0.2727272727272727,High volume high risk,0.35524667490811246
7b3447b497e55af8c15fc7bd89d7b81a,1,0.0,-13.0,0.0,0.0,High rate monitoring,0.005604665660905671
7b3f6ce5c6c22e9b96e7581ebf0df6e1,1,0.0,-15.0,0.0,0.0,High rate monitoring,0.005604665660905671
7b7ed56ae755e2880f2b69632e839c1e,5,0.0,-5.0,0.0,0.0,High rate monitoring,0.026583023162619634
7b7f91e98f8c6def45a1407923304402,11,0.0909090909090909,-10.0,0.1818181818181818,0.1818181818181818,High volume high risk,0.3720585149526074
7b8e8ec35bad4b0ef7e3963650b0a87b,5,0.2,-0.4,0.0,0.0,High rate monitoring,0.08496541993756564
7b98de631987e26dd6d803490c43a13c,8,0.0,-12.5,0.0,0.0,High volume high risk,0.03345056507114092
7bac63f6603d382cc8d0832eb6c100a8,19,0.1052631578947368,-5.421052631578948,0.1052631578947368,0.2105263157894736,High volume high risk,0.34826454096452053
7bb8fac2913a6064ec412e583c6d8b4d,1,0.0,-23.0,0.0,0.0,High rate monitoring,0.005604665660905671
7bcd7c5f8631701474db233ccf1c094b,8,0.0,-12.5,0.0,0.0,High volume high risk,0.03345056507114092
7c1fea10b5b006671d608b1d7c446ec4,14,0.0714285714285714,-10.714285714285714,0.1428571428571428,0.1428571428571428,High volume high risk,0.3387731144958639
7c4402417d51474d4d0cda9557340e40,1,0.0,-28.0,0.0,0.0,High rate monitoring,0.005604665660905671
7c4618c82226628831613e95e9c22f44,13,0.0769230769230769,-7.846153846153846,0.1538461538461538,0.1538461538461538,High volume high risk,0.35198019287525456
7c462184585ae80bd6e5774c62ce50f2,1,1.0,8.0,0.0,0.0,High rate monitoring,0.019452846636849968
7c4adcc13272c0e26fa23aac642adb7b,2,0.5,-6.5,0.5,0.5,High rate monitoring,0.21448795190966907
7c51de0ab286204ce75ff42bf7c10d92,4,0.0,-16.0,0.0,0.0,High rate monitoring,0.023556294965854933
7c5b05cbdb5542049f38d90d7815b97d,21,0.0476190476190476,-12.142857142857142,0.0952380952380952,0.0952380952380952,High volume high risk,0.27766730908032816
7c67e1448b00f6e969d365cea6b010ab,973,0.0914696813977389,-11.383350462487153,0.2528263103802672,22.50154162384378,High volume high risk,0.6783884631514693
7c9130f5f3729edd32aa059141d92484,3,0.0,-14.333333333333334,0.3333333333333333,0.0,High rate monitoring,0.08226048224997312
7caa63f175b1cecbfaadd8b5ab9998c7,1,0.0,-22.0,1.0,0.0,High rate monitoring,0.02548405387010717
7cb946b1ad19faebe28c3e86c2794ec3,1,0.0,-3.0,0.0,0.0,High rate monitoring,0.005604665660905671
7cf4ea70955b00d6b3c22542598e2715,1,0.0,-11.0,0.0,0.0,High rate monitoring,0.005604665660905671
7d13fca15225358621be4086e1eb0964,558,0.1146953405017921,-10.879928315412188,0.1702508960573476,10.89605734767025,High volume high risk,0.6258267544334273
7d294cf9a6a69dc6a0c3e540fff0e039,5,0.0,-17.8,0.0,0.0,High rate monitoring,0.026583023162619634
7d456afc660226829370f3173d14520c,55,0.0363636363636363,-13.090909090909092,0.0909090909090909,0.1818181818181818,High volume high risk,0.30016490397976975
7d484ca289afaac6bf5fc6a1e96d2226,2,0.0,-2.5,0.0,0.0,High rate monitoring,0.014382177431523306
7d76b645482be4a332374e8223836592,172,0.0930232558139534,-9.05813953488372,0.1395348837209302,2.2325581395348837,High volume high risk,0.5177577158537576
7d7866a99a8656a42c7ff6352a433410,5,0.0,-8.2,0.0,0.0,High rate monitoring,0.026583023162619634
7d7d2b7a51328016102d4528c411d630,7,0.1428571428571428,-9.142857142857142,0.1428571428571428,0.1428571428571428,High volume high risk,0.3059222694928746
7d81e74a4755b552267cd5e081563028,1,0.0,-6.0,0.0,0.0,High rate monitoring,0.005604665660905671
7d948535954aaf8c5d39db007f74372e,4,0.0,-9.25,0.25,0.0,High rate monitoring,0.09258044243368588
7daca0837f033a41a6f3428c18657533,7,0.2857142857142857,-5.571428571428571,0.2857142857142857,0.5714285714285714,High volume high risk,0.4194178624320958
7dc8c42cc750eeafea6c85712ffee9bf,41,0.048780487804878,-13.878048780487806,0.1219512195121951,0.2439024390243902,High volume high risk,0.3541414506708185
7dc9a3355bae96dd82008b313d3a456c,1,0.0,-14.0,0.0,0.0,High rate monitoring,0.005604665660905671
7ddcbb64b5bc1ef36ca8c151f6ec77df,325,0.083076923076923,-10.083076923076923,0.1507692307692307,4.070769230769231,High volume high risk,0.5344667324195944
7dea6f73af847b42cc3985bd620f994d,2,0.0,-11.5,0.0,0.0,High rate monitoring,0.014382177431523306
7df1fc11cc5cbc518b39faa60cf5d67c,5,0.0,-13.6,0.2,0.0,High rate monitoring,0.09830975284422638
7e1fb0a3ebfb01ffb3a7dae98bf3238d,155,0.1161290322580645,-10.63225806451613,0.1032258064516129,1.8580645161290323,High volume high risk,0.4683895201376071
7e26c750b4cb9f6766f58265ff9ebe95,23,0.0,-13.73913043478261,0.0434782608695652,0.0,High volume high risk,0.09773788007709575
7e3f87d16fb353f408d467e74fbd8014,91,0.0659340659340659,-10.373626373626374,0.1098901098901098,0.6593406593406593,High volume high risk,0.3967436838054844
7e79d65b5c6f1f544b7daea036acf720,4,0.0,-14.75,0.0,0.0,High rate monitoring,0.023556294965854933
7e93a43ef30c4f03f38b393420bc753a,319,0.0470219435736677,-12.20689655172414,0.0815047021943573,1.2225705329153604,High volume high risk,0.3398789725870296
7ea5bfa6c340f58f8e71fc1f0412b0d6,96,0.0625,-10.09375,0.09375,0.5625,High volume high risk,0.3683585000698334
7ecd59e5e20407131822c1a68ac59c1f,24,0.125,-12.0,0.0833333333333333,0.25,High volume high risk,0.34139774307064497
7ecef8194babfec876ca720714327841,7,0.0,-8.285714285714286,0.0,0.0,High volume high risk,0.03143622527122511
7f02656561b680def9986c0795a8a080,1,0.0,-10.0,0.0,0.0,High rate monitoring,0.005604665660905671
7f152321c60a266edc53af1925ef96c1,20,0.3,-6.4,0.25,1.5,High volume high risk,0.5914057987394722
7f2617c58d5d06806987308b45654351,22,0.0909090909090909,-9.272727272727272,0.1363636363636363,0.2727272727272727,High volume high risk,0.3940500706483259
7f35f9daf223da737b78738fbae4d977,5,0.0,-19.8,0.2,0.0,High rate monitoring,0.09830975284422638
7f40d06aa0b5f1aa4f41af8c0480e2ef,6,0.0,-10.166666666666666,0.0,0.0,High rate monitoring,0.02921314559567034
7f5e4d5efad7e44b91115dd1decb65f3,3,0.0,-10.666666666666666,0.0,0.0,High rate monitoring,0.01976766622300808
7f7b8245c336066a1f9933c359f11d77,38,0.0263157894736842,-12.052631578947368,0.0789473684210526,0.0789473684210526,High volume high risk,0.25582698445988755
7fc87cc3e89b3d1d5cabdca32f8485aa,14,0.2142857142857142,-9.0,0.2857142857142857,0.8571428571428571,High volume high risk,0.5375449367497374
7fdb0720c8d7c9075538b365dc8c3a22,9,0.1111111111111111,-14.77777777777778,0.5555555555555556,0.5555555555555556,High volume high risk,0.45072364139148713
7fe21dd00d2f4943ae09525efa2fd674,2,0.0,-12.0,0.0,0.0,High rate monitoring,0.014382177431523306
7ff588a03c2aeae4fbd23f9ae64b760d,14,0.0,-9.714285714285714,0.0714285714285714,0.0,High volume high risk,0.09531813310753812
800214c63934acd05d47e84214db8ba8,3,0.0,-15.0,0.0,0.0,High rate monitoring,0.01976766622300808
804287717b9156fb7a787acd9af4fac1,1,0.0,-27.0,0.0,0.0,High rate monitoring,0.005604665660905671
8060d731897e33b5c5ae575ce1e209e1,5,0.0,-17.0,0.0,0.0,High rate monitoring,0.026583023162619634
808d4348b916efa08e766ebad39f61eb,20,0.05,-9.35,0.05,0.05,High volume high risk,0.2261973023741097
8090490573c6c0aa343a7231ebcb8c86,26,0.0769230769230769,-11.5,0.1153846153846153,0.2307692307692307,High volume high risk,0.35933907369828305
809413606dbfe5deefd2db646693ef67,3,0.0,-8.0,0.0,0.0,High rate monitoring,0.01976766622300808
80ceebb4ee9b31afb6c6a916a574a1e2,1,1.0,5.0,0.0,0.0,High rate monitoring,0.019452846636849968
80cfd480be3eb6d6267139f5cb793555,1,0.0,-27.0,0.0,0.0,High rate monitoring,0.005604665660905671
80e6699fe29150b372a0c8a1ebf7dcc8,96,0.03125,-16.052083333333332,0.0833333333333333,0.25,High volume high risk,0.2991941328089283
80f2cf9abf6b5a0e5c612b5eea6646e6,6,0.1666666666666666,-8.833333333333334,0.0,0.0,High rate monitoring,0.09115121150799908
8132b9bd16876e1b0f8808d43825dd48,1,0.0,-16.0,0.0,0.0,High rate monitoring,0.005604665660905671
813348c996469b40f2e028d5429d3495,172,0.0465116279069767,-10.645348837209305,0.1453488372093023,1.162790697674419,High volume high risk,0.4497682251477046
81336a0f57a33776419727a300249e90,15,0.1333333333333333,-8.4,0.1333333333333333,0.2666666666666666,High volume high risk,0.3884698891784903
8160255418d5aaa7dbdc9f4c64ebda44,380,0.1368421052631579,-8.142105263157895,0.1684210526315789,8.757894736842106,High volume high risk,0.643819585509209
817245bcc3badd82bbd222e0366951a6,28,0.0357142857142857,-12.392857142857142,0.0714285714285714,0.0714285714285714,High volume high risk,0.24434082553991662
81783131d2a97c8d44d406a4be81b5d9,8,0.0,-9.375,0.125,0.0,High volume high risk,0.09978077788870196
817f85dbb65aa3e70831d90fe75cdf89,11,0.0,-25.545454545454547,0.0,0.0,High volume high risk,0.03814721227301718
8185694b58b2ba6de20fd41ae608bbea,8,0.0,-10.75,0.0,0.0,High volume high risk,0.03345056507114092
818d28f936e791926d33bcb6ee94ef79,4,0.0,-21.0,0.0,0.0,High rate monitoring,0.023556294965854933
81a1104df0f08b59c68aa5b03cfe398e,72,0.0416666666666666,-13.708333333333334,0.0694444444444444,0.2083333333333333,High volume high risk,0.28791106464204447
81ed90f07c0bacb7594940ba2ef676aa,2,0.0,-7.0,0.0,0.0,High rate monitoring,0.014382177431523306
81f89e42267213cb94da7ddc301651da,46,0.0,-9.673913043478262,0.217391304347826,0.0,High volume high risk,0.20088651149074974
820c7c9eaf76d2b226b6c242bcf3f34d,1,0.0,-21.0,0.0,0.0,High rate monitoring,0.005604665660905671
820cc752a266cdc6c1a1e61dd4583330,15,0.0666666666666666,-11.666666666666666,0.0666666666666666,0.0666666666666666,High volume high risk,0.239648386257264
821fb029fc6e495ca4f08a35d51e53a5,24,0.3333333333333333,-4.333333333333333,0.2916666666666667,2.3333333333333335,High volume high risk,0.6400300354152002
822166ed1e47908f7cfb49946d03c726,69,0.0144927536231884,-13.246376811594205,0.1884057971014492,0.1884057971014492,High volume high risk,0.4063465574834454
822b63912576852aea9a8436d72317b7,6,0.0,-25.666666666666668,0.0,0.0,High rate monitoring,0.02921314559567034
822bad9bc42b51213ba522fe87b7ab5d,18,0.2777777777777778,-4.444444444444445,0.1111111111111111,0.5555555555555556,High volume high risk,0.4110967176097265
827f8f69dfa529c561901c4f2e0f332f,91,0.0659340659340659,-10.34065934065934,0.1098901098901098,0.6593406593406593,High volume high risk,0.3967436838054844
82921991ff5b557b045605b8bbf08d49,1,0.0,-13.0,0.0,0.0,High rate monitoring,0.005604665660905671
82bd0703a4aefd6b599e5bfdaed378fb,20,0.05,-20.0,0.15,0.15,High volume high risk,0.35041160470084953
82cb9f452fe8334df74b22d37824b431,14,0.0,-18.571428571428573,0.0,0.0,High volume high risk,0.04129918439516526
82e0a475a88cc9595229d8029273f045,41,0.0975609756097561,-8.24390243902439,0.2682926829268293,1.0731707317073171,High volume high risk,0.5764654883300006
830379336fad8c6f3b15a4a3ddb5c66e,2,0.0,-14.5,0.0,0.0,High rate monitoring,0.014382177431523306
83353a83fd769dfafa4f21a72b15e3e5,5,0.2,-8.8,0.2,0.2,High rate monitoring,0.31422044751154027
834f3294fba9f932f56edc879193f925,66,0.0606060606060606,-9.56060606060606,0.0454545454545454,0.1818181818181818,High volume high risk,0.2847087341118562
834f8533b2ecb6598dd004ff3de7203a,41,0.1463414634146341,-7.317073170731708,0.1707317073170731,1.024390243902439,High volume high risk,0.5550698716275811
835f0f7810c76831d6c7d24c7a646d4d,42,0.2619047619047619,-5.904761904761905,0.3095238095238095,3.404761904761905,High volume high risk,0.6981322473603306
83645b1645cdee8953ee54c29ceed564,14,0.0,-14.0,0.0,0.0,High volume high risk,0.04129918439516526
8378eb36b6b70c5734e83ad7b8cdc3b7,7,0.1428571428571428,-13.285714285714286,0.2857142857142857,0.2857142857142857,High volume high risk,0.3862055330367238
83a75eea11694e36e56dd0cb2240229a,3,0.0,-14.666666666666666,0.0,0.0,High rate monitoring,0.01976766622300808
83b08de96980757220871b31bf6cffca,5,0.2,-3.4,0.2,0.2,High rate monitoring,0.31422044751154027
83c465a786b06574376909b35ef6752a,3,0.0,-21.666666666666668,0.0,0.0,High rate monitoring,0.01976766622300808
83c8aafbefb034674a70de0eac5b8954,2,0.0,-16.0,0.0,0.0,High rate monitoring,0.014382177431523306
83deb69e889cf80f82be1dc6d5f2d486,40,0.05,-11.8,0.15,0.3,High volume high risk,0.3976753023018143
83e197e95a1bbabc8c75e883ed016c47,46,0.0217391304347826,-14.152173913043478,0.0217391304347826,0.0217391304347826,High volume high risk,0.21807207474763507
83f2b4881141ce3fcd4e985125d3279e,3,0.0,-3.3333333333333335,0.0,0.0,High rate monitoring,0.01976766622300808
8444e55c1f13cd5c179851e5ca5ebd00,92,0.0652173913043478,-22.554347826086957,0.3260869565217391,1.9565217391304348,High volume high risk,0.5850875258554322
845e8036c3f7bf62099352f5ed910240,21,0.0,-13.571428571428571,0.238095238095238,0.0,High volume high risk,0.17762024997506498
8476243f92442881ddd5b578975cf115,12,0.0833333333333333,-7.583333333333333,0.1666666666666666,0.1666666666666666,High volume high risk,0.36223939104223435
84c945f15571830c1a91a33978e94009,2,0.0,-15.5,0.0,0.0,High rate monitoring,0.014382177431523306
84deb808079d1be601c209c1e771b1cc,2,0.0,-11.5,0.0,0.0,High rate monitoring,0.014382177431523306
85044848b1b767db2a4a58526adef4b4,4,0.0,-12.0,0.25,0.0,High rate monitoring,0.09258044243368588
850857dfac77488c307e2b1cbd84ab5a,1,0.0,-26.0,0.0,0.0,High rate monitoring,0.005604665660905671
850913d59ce317156b00f3705f1c3edb,29,0.1724137931034483,-6.862068965517241,0.3103448275862069,1.5517241379310345,High volume high risk,0.6259075118998256
850f4f8af5ea87287ac68de36e29107f,186,0.0483870967741935,-14.758064516129032,0.0913978494623656,0.8225806451612904,High volume high risk,0.3596944420301447
851773c885feb5e2da3b4f82bc2b17ce,10,0.2,-8.5,0.1,0.2,High volume high risk,0.31399381840030754
855668e0971d4dfd7bef1b6a4133b41b,300,0.1266666666666666,-9.03,0.2033333333333333,7.726666666666667,High volume high risk,0.6820555809581872
8581055ce74af1daba164fdbd55a40de,379,0.0817941952506596,-8.96042216358839,0.0949868073878627,2.9445910290237465,High volume high risk,0.4225568199615292
85cc55e048b6bcc90c75afe7f0e72f72,9,0.2222222222222222,-9.333333333333334,0.1111111111111111,0.2222222222222222,High volume high risk,0.3206785292185422
85d9eb9ddc5d00ca9336a2219c97bb13,499,0.0220440881763527,-15.691382765531062,0.0921843687374749,1.0140280561122244,High volume high risk,0.32713959877888726
85e7c62c1d6ea078c3897424f867a7c8,2,0.0,-20.5,0.0,0.0,High rate monitoring,0.014382177431523306
85ecf03781da592876b7844acc1b729f,2,0.5,-0.5,0.0,0.0,High rate monitoring,0.048994323943215214
8602a61d680a10a82cceeeda0d99ea3d,17,0.0,-11.411764705882351,0.1176470588235294,0.0,High volume high risk,0.1263482386757988
8603f0038fe0e52fedd3382d266723de,10,0.0,-11.8,0.1,0.0,High volume high risk,0.09823884768165966
8629a7efec1aab257e58cda559f03ba7,1,1.0,33.0,1.0,1.0,High rate monitoring,0.08845084106949393
8629c241b3622ac12cd4118afdc8d394,13,0.0769230769230769,-14.076923076923077,0.1538461538461538,0.1538461538461538,High volume high risk,0.35198019287525456
863d2ebcd347ce4922de7a0f9a5581d6,17,0.1176470588235294,-10.411764705882351,0.1176470588235294,0.2352941176470588,High volume high risk,0.36899344188406535
8648b1e89e9b349e32d3741b30ec737e,93,0.0967741935483871,-11.935483870967742,0.1397849462365591,1.258064516129032,High volume high risk,0.4996472379476155
866558b3bccef2dbc6d29a2b5995016f,5,0.0,-13.0,0.0,0.0,High rate monitoring,0.026583023162619634
86bb7c4b535e49a541baf3266b1c95b1,16,0.1875,-11.875,0.375,1.125,High volume high risk,0.5773803137686883
86bf77bdb52e615674772d5817c6212f,4,0.0,-13.75,0.0,0.0,High rate monitoring,0.023556294965854933
86ccac0b835037332a596a33b6949ee1,178,0.0224719101123595,-14.98876404494382,0.1179775280898876,0.4719101123595505,High volume high risk,0.3612040645890253
86ff3eaef0267069cc891a2ed9d10a17,7,0.0,-17.285714285714285,0.0,0.0,High volume high risk,0.03143622527122511
870d0118f7a9d85960f29ad89d5d989a,45,0.0444444444444444,-9.977777777777778,0.0888888888888888,0.1777777777777777,High volume high risk,0.29990800138239176
87142160b41353c4e5fca2360caf6f92,305,0.0393442622950819,-14.99672131147541,0.0622950819672131,0.7475409836065575,High volume high risk,0.2992439756924107
8759e7aedd644f487315e5860962f162,3,0.3333333333333333,4.666666666666667,0.3333333333333333,0.3333333333333333,High rate monitoring,0.2754296170561858
876182d1918783bbe15233febfbd4926,3,0.0,-12.333333333333334,0.0,0.0,High rate monitoring,0.01976766622300808
87b4428a334b8f676fd9a7f3bf544fb5,1,0.0,-24.0,0.0,0.0,High rate monitoring,0.005604665660905671
87b740daf17b5d1be335a64164ec6842,11,0.0909090909090909,-12.727272727272728,0.1818181818181818,0.1818181818181818,High volume high risk,0.3720585149526074
87d30a6a0cbf89356e49324971ab1d24,17,0.0588235294117647,-10.764705882352942,0.1176470588235294,0.1176470588235294,High volume high risk,0.30883470478916525
87d3c3aeb3ead335511b3ce315eb341e,15,0.0666666666666666,-8.466666666666667,0.2,0.2,High volume high risk,0.39203975884982073
87d73636a3acf123e842bb890a4db036,1,0.0,-3.0,0.0,0.0,High rate monitoring,0.005604665660905671
87e24fc7052259b1f7f607d61c10d8be,7,0.1428571428571428,-12.142857142857142,0.1428571428571428,0.1428571428571428,High volume high risk,0.3059222694928746
87f3e35268860433e13d577825aada95,1,0.0,-3.0,0.0,0.0,High rate monitoring,0.005604665660905671
880ce4951cf857ab1d9e0b75c1d856f4,1,0.0,-19.0,0.0,0.0,High rate monitoring,0.005604665660905671
883dd81e82754ac2c65e9790a7db8c9a,5,0.0,-18.8,0.2,0.0,High rate monitoring,0.09830975284422638
88460e8ebdecbfecb5f9601833981930,246,0.1707317073170731,-11.182926829268292,0.3048780487804878,12.804878048780488,High volume high risk,0.7753164588670319
888faa8bfb0b159c37de6d898b961c31,19,0.0,-15.736842105263158,0.1052631578947368,0.0,High volume high risk,0.12276795305708173
889009a0ed0bb52c87819941192931b8,1,0.0,-24.0,0.0,0.0,High rate monitoring,0.005604665660905671
88ae906ea2acf6971f26c3e8b7cb4357,3,0.3333333333333333,-2.0,0.0,0.0,High rate monitoring,0.06618731849094397
88cd3681e0a2ba85e190f7d817629c4c,1,0.0,-9.0,0.0,0.0,High rate monitoring,0.005604665660905671
88cf19ec1fc2c58f161aee259d57142c,14,0.0,-13.285714285714286,0.0,0.0,High volume high risk,0.04129918439516526
88ef59b51bdaa941d10a853429f2b6ce,2,0.0,-18.0,0.5,0.0,High rate monitoring,0.0629624726501831
891071be6ba827b591264c90c2ae8a63,85,0.1411764705882353,-11.352941176470589,0.2,2.4000000000000004,High volume high risk,0.633197873942866
8931a84a914b3fe9b1ddaa4d704947ca,29,0.0689655172413793,-10.79310344827586,0.1724137931034483,0.3448275862068966,High volume high risk,0.43397182563771003
8936ba0de1073ee888cb3185ae5dc661,1,0.0,-10.0,0.0,0.0,High rate monitoring,0.005604665660905671
897060da8b9a21f655304d50fd935913,304,0.1052631578947368,-9.769736842105264,0.2302631578947368,7.368421052631579,High volume high risk,0.6640029749134603
89757206b887aed36f3e18d858460fea,2,0.0,-14.5,0.0,0.0,High rate monitoring,0.014382177431523306
89a51f50b8095ea78d5768f34c13a76f,10,0.0,-13.2,0.0,0.0,High volume high risk,0.036821714062709884
89ad3263c0931c47f976d7c5778e60f6,6,0.0,-12.5,0.1666666666666666,0.0,High rate monitoring,0.10037627761305193
89bc797e2e29667aa035d4368f9b7f92,16,0.1875,-19.625,0.1875,0.5625,High volume high risk,0.489557008701556
89c127985a8b130cfa45c1d36764017a,6,0.0,-14.5,0.3333333333333333,0.0,High rate monitoring,0.1215665732933869
89d9a386b0b6e5fc8403071b03f7206a,2,0.0,-18.5,0.0,0.0,High rate monitoring,0.014382177431523306
89dda63a3c907c468ec88c310ed91213,1,0.0,-6.0,0.0,0.0,High rate monitoring,0.005604665660905671
89de2d6f23e9746ff309705b23581faa,8,0.0,-16.875,0.5,0.0,High volume high risk,0.14644029379088302
89f69225956f951295ca4c7fb1266553,11,0.0,-16.727272727272727,0.0909090909090909,0.0,High volume high risk,0.09704011562701577
8a130737016f838139d31878787a39c9,56,0.0714285714285714,-10.714285714285714,0.0535714285714285,0.2142857142857142,High volume high risk,0.29793192682530506
8a1ff5c35f6595a73fef4c7b96e4908a,2,0.0,-19.5,0.0,0.0,High rate monitoring,0.014382177431523306
8a207b6080964f3c1fc9d35bd6096ba4,2,0.5,-5.0,0.0,0.0,High rate monitoring,0.048994323943215214
8a2d12a90e92f012ce5226fc6592b653,18,0.0,-15.944444444444445,0.0555555555555555,0.0,High volume high risk,0.09597643292791039
8a32e327fe2c1b3511609d81aaf9f042,126,0.0317460317460317,-14.896825396825395,0.1587301587301587,0.6349206349206349,High volume high risk,0.4188344921399372
8a40ae794fa3f9892cee24bd5af0488b,6,0.3333333333333333,-6.5,0.3333333333333333,0.6666666666666666,High rate monitoring,0.40703669384385643
8a43128d7f9a3db592b866e6861a6cce,3,0.0,-19.666666666666668,0.6666666666666666,0.0,High rate monitoring,0.08831806809798569
8a432f4e5b471f8da497d7dc517666e2,95,0.0210526315789473,-12.43157894736842,0.1263157894736842,0.2526315789473684,High volume high risk,0.35739142970553606
8a87611c08849ffeeccab52aa798b6c7,6,0.0,-30.0,0.0,0.0,High rate monitoring,0.02921314559567034
8a8835a43bda99fd37310ad76c457510,2,0.0,-5.0,0.0,0.0,High rate monitoring,0.014382177431523306
8a9260f2b0340411d6d2a56bcf4f7378,8,0.0,-10.5,0.0,0.0,High volume high risk,0.03345056507114092
8ab42aa58097fd4668d60cc648225d5f,20,0.0,-17.3,0.05,0.0,High volume high risk,0.09644643772082016
8ae520247981aa06bc94abddf5f46d34,65,0.0,-16.446153846153845,0.0923076923076923,0.0,High volume high risk,0.14235473297978823
8b11118053756a9a2932f447e11fc1b5,1,0.0,-41.0,0.0,0.0,High rate monitoring,0.005604665660905671
8b181ee5518df84f18f4e1a43fe07923,1,0.0,-22.0,0.0,0.0,High rate monitoring,0.005604665660905671
8b2492b7ff4468839593fafeed55bad9,29,0.0689655172413793,-8.448275862068966,0.1379310344827586,0.2758620689655172,High volume high risk,0.3857634042015227
8b28d096634035667e8263d57ba3368c,139,0.1079136690647482,-10.410071942446043,0.1438848920863309,2.158273381294964,High volume high risk,0.5473109474502189
8b2d4ab22f42c5cfc338b846decfda60,6,0.0,-12.833333333333334,0.0,0.0,High rate monitoring,0.02921314559567034
8b321bb669392f5163d04c59e235e066,930,0.0870967741935483,-9.948387096774194,0.1408602150537634,11.40967741935484,High volume high risk,0.5254567573729564
8b655f0855926bcb49f5835d38dfddf6,5,0.0,-5.6,0.0,0.0,High rate monitoring,0.026583023162619634
8b87cd0d43d49b9bdf40f56229364d59,2,0.0,-7.5,0.0,0.0,High rate monitoring,0.014382177431523306
8b8cfc8305aa441e4239358c9f6f2485,15,0.1333333333333333,-16.066666666666666,0.1333333333333333,0.2666666666666666,High volume high risk,0.3884698891784903
8b9d6eec4a7eb7d0f9d579ce0b38324d,48,0.1458333333333333,-10.354166666666666,0.1666666666666666,1.1666666666666663,High volume high risk,0.558225137990111
8bb48dc19fccaa8613b6229bf7f452a2,82,0.024390243902439,-13.353658536585366,0.0853658536585365,0.1707317073170731,High volume high risk,0.2914705850693675
8bd0e3abda539b9479c4b44a691be1ec,6,0.3333333333333333,-9.833333333333334,0.5,1.0,High rate monitoring,0.42820806550352003
8bd0f31cf0a614c658f6763bd02dea69,33,0.0303030303030303,-13.515151515151516,0.0909090909090909,0.0909090909090909,High volume high risk,0.26971089146518523
8bdd8e3fd58bafa48af76b2c5fd71974,9,0.1111111111111111,-12.11111111111111,0.0,0.0,High volume high risk,0.10153491327396486
8c0de775f52fe41590b376a3b7c50f68,8,0.0,-11.5,0.0,0.0,High volume high risk,0.03345056507114092
8c16d1f32a54d92897cc437244442e1b,108,0.0092592592592592,-15.185185185185183,0.074074074074074,0.074074074074074,High volume high risk,0.27133453682833847
8c351ed7c326c62123318f4f3246e906,2,0.0,-14.5,0.0,0.0,High rate monitoring,0.014382177431523306
8c3b533c63cca56240f94f1e3a6b18ef,3,0.6666666666666666,9.0,0.3333333333333333,0.6666666666666666,High rate monitoring,0.2827007262709742
8c5e007d7bd5693fa1386ffefbc99f6c,9,0.0,-12.88888888888889,0.1111111111111111,0.0,High volume high risk,0.09926878221157719
8c91bfea4263b8fba54081460693e2a1,2,0.0,-18.0,0.0,0.0,High rate monitoring,0.014382177431523306
8c9348f33ae3dada25c99c99ade2af78,2,0.0,-20.0,0.0,0.0,High rate monitoring,0.014382177431523306
8ca1551acf9832a4cf467bbbac15851f,11,0.0909090909090909,-14.0,0.1818181818181818,0.1818181818181818,High volume high risk,0.3720585149526074
8ca5b19e0263150d2c57afdde2b3d011,3,0.0,-10.666666666666666,0.0,0.0,High rate monitoring,0.01976766622300808
8cb7c5ddf41f4d506eba76e9a4702a25,1,0.0,-12.0,0.0,0.0,High rate monitoring,0.005604665660905671
8cbac7e12637ed9cffa18c7875207478,66,0.0606060606060606,-13.62121212121212,0.106060606060606,0.4242424242424242,High volume high risk,0.3736011277623358
8cc6a0e5738e61a87b03c78b2ba9db4b,23,0.0869565217391304,-10.608695652173912,0.0434782608695652,0.0869565217391304,High volume high risk,0.2637252521349566
8ccf3cf69651cc1d8a02c8bfaf3b8568,2,0.5,-3.5,0.0,0.0,High rate monitoring,0.048994323943215214
8cf21434553b02cbd37c0bbd07e041b0,1,0.0,-15.0,0.0,0.0,High rate monitoring,0.005604665660905671
8d46553a36e68f95350a200c12f8f2e2,9,0.0,-11.666666666666666,0.0,0.0,High volume high risk,0.03530834996432753
8d79c8a04e42d722a75097ce5cbcf2ef,26,0.0769230769230769,-12.153846153846152,0.0769230769230769,0.1538461538461538,High volume high risk,0.29593771862533547
8d899e15a5925f097cca50faa49b15e3,4,0.25,-12.0,0.25,0.25,High rate monitoring,0.3025640151663063
8d92f3ea807b89465643c219455e7369,3,0.6666666666666666,11.333333333333334,1.0,2.0,High rate monitoring,0.3088942872248657
8d956fec2e4337affcb520f56fd8cbfd,210,0.0619047619047619,-10.561904761904762,0.0952380952380952,1.238095238095238,High volume high risk,0.3884785906200048
8daab2245ebdc277c51098d01c5ad8ef,16,0.0,-17.375,0.0,0.0,High volume high risk,0.04282298548732955
8dd386be0767c330276ea6a3f96532d3,1,0.0,-9.0,0.0,0.0,High rate monitoring,0.005604665660905671
8de8fe3af4449ed695d2434c933ed73e,1,0.0,-20.0,0.0,0.0,High rate monitoring,0.005604665660905671
8def3db7f272735afb2ecd03aeca09a7,2,0.0,-9.5,0.0,0.0,High rate monitoring,0.014382177431523306
8dfbc5ff27df12f6cef751d3b9554222,4,0.0,-12.75,0.0,0.0,High rate monitoring,0.023556294965854933
8e29d051f810eb22959ede205b462b9f,2,0.5,4.0,0.0,0.0,High rate monitoring,0.048994323943215214
8e2b3afb420011ef0c88c9d5f11ea526,11,0.0909090909090909,-10.727272727272728,0.0909090909090909,0.0909090909090909,High volume high risk,0.26555939715489757
8e34331b7eedd03be4e5d965c1956225,5,0.2,-7.8,0.0,0.0,High rate monitoring,0.08496541993756564
8e4f041ff58e7845456d3482524014b3,2,0.5,-8.5,0.5,0.5,High rate monitoring,0.21448795190966907
8e670472e453ba34a379331513d6aab1,1,1.0,35.0,1.0,1.0,High rate monitoring,0.08845084106949393
8e6cc767478edae941d9bd9eb778d77a,100,0.06,-13.47,0.15,0.8999999999999999,High volume high risk,0.4655915238498649
8e6d7754bc7e0f22c96d255ebda59eba,84,0.1309523809523809,-6.0476190476190474,0.2619047619047619,2.880952380952381,High volume high risk,0.67705968725257
8e8a7ce9f2f970dc00e2acf6f6e199f6,63,0.0634920634920634,-10.984126984126984,0.1269841269841269,0.5079365079365079,High volume high risk,0.41300443677670495
8ea394aed8138685abe1eb9f25e1021d,2,0.0,-9.5,0.0,0.0,High rate monitoring,0.014382177431523306
8eb88b0acb3f90a717ad659221471fa7,2,0.0,-18.0,0.0,0.0,High rate monitoring,0.014382177431523306
8ec76bb0965af3f007692b26fa9d6623,1,0.0,-13.0,0.0,0.0,High rate monitoring,0.005604665660905671
8ed8ea9a57c862f2c18c2fe41f601d56,19,0.0,-15.736842105263158,0.0526315789473684,0.0,High volume high risk,0.09627628800217482
8f0fbe2cd4d472157dc1cdef6edecaa9,2,0.0,-11.5,0.5,0.0,High rate monitoring,0.0629624726501831
8f119a0aee85c0c8fc534629734e94fd,75,0.04,-10.946666666666667,0.08,0.24,High volume high risk,0.30025929235329635
8f2b51a30523cdecddc2f179f351c7d6,7,0.0,-15.714285714285714,0.1428571428571428,0.0,High volume high risk,0.10055202233767349
8f2ce03f928b567e3d56181ae20ae952,151,0.1258278145695364,-9.019867549668874,0.119205298013245,2.2649006622516556,High volume high risk,0.5175555001316318
8f54d64f28a993550aa7943f12572959,15,0.0666666666666666,-11.933333333333334,0.2666666666666666,0.2666666666666666,High volume high risk,0.42362005408756587
8f580d36c1e9d6fbce95283403c7d447,8,0.125,-10.375,0.125,0.125,High volume high risk,0.29557924009811715
8f78f0903005064036736c7173a5c2ed,13,0.0,-11.846153846153848,0.2307692307692307,0.0,High volume high risk,0.15616512671084626
8fb67a334bacec338885b4e9e1708073,1,0.0,-11.0,0.0,0.0,High rate monitoring,0.005604665660905671
8fb791022c1fc8909664f48ab7dc636d,5,0.0,-18.0,0.2,0.0,High rate monitoring,0.09830975284422638
8fbd63429be6d3e5e6d1a709b6464802,6,0.0,-18.166666666666668,0.0,0.0,High rate monitoring,0.02921314559567034
8fbe2ee446b97e128471be4ce983dc0d,3,0.3333333333333333,-4.666666666666667,0.6666666666666666,0.6666666666666666,High rate monitoring,0.2957119993710988
8fd3b4468f6425810648177996c14cbd,1,0.0,-19.0,0.0,0.0,High rate monitoring,0.005604665660905671
8fdca8e349553f99bc738833a62c8802,22,0.0454545454545454,-12.454545454545457,0.0909090909090909,0.0909090909090909,High volume high risk,0.2705051061579987
8fe8786ee000001ab51d030dfd4a7bf1,5,0.0,-21.6,0.0,0.0,High rate monitoring,0.026583023162619634
8fec2e460530482132c436cfb5439925,3,0.3333333333333333,-6.333333333333333,0.0,0.0,High rate monitoring,0.06618731849094397
8ff1a9df749e454105c55cda13e79143,13,0.0,-10.076923076923077,0.2307692307692307,0.0,High volume high risk,0.15616512671084626
8ff38bc3969e67c36c48343a07090f66,2,0.0,-11.0,0.5,0.0,High rate monitoring,0.0629624726501831
8fff28c4263ddec387f28d237fb42773,2,0.0,-5.5,0.0,0.0,High rate monitoring,0.014382177431523306
900ba814c251a692506d7834c1218441,86,0.1395348837209302,-8.593023255813954,0.0813953488372093,0.9767441860465116,High volume high risk,0.413038500961502
901b460cdce0c64e471230d7f2f9f3a3,5,0.0,-19.0,0.2,0.0,High rate monitoring,0.09830975284422638
902c99f1ac505c0d18778b61bcd636f7,3,0.0,-3.3333333333333335,0.0,0.0,High rate monitoring,0.01976766622300808
903037660cf848a717166eb7a06d616e,44,0.1136363636363636,-16.318181818181817,0.1818181818181818,0.9090909090909092,High volume high risk,0.5411663612052688
90b36c5aeb728d5504a39f435bef0c5f,4,0.0,-10.25,0.0,0.0,High rate monitoring,0.023556294965854933
90b57083da5d803237da74daec6dcb2b,2,0.0,-19.0,0.0,0.0,High rate monitoring,0.014382177431523306
910a922b426b7ff95eaee129ad6c0e1f,2,0.0,-6.0,0.0,0.0,High rate monitoring,0.014382177431523306
913fd0ebba70bb919f7254a02239173c,1,0.0,-8.0,1.0,0.0,High rate monitoring,0.02548405387010717
9140bd1d9de28b197dce077bdd687438,6,0.0,-8.5,0.0,0.0,High rate monitoring,0.02921314559567034
9140ef75cc8211c4035935e80e567204,1,0.0,-14.0,0.0,0.0,High rate monitoring,0.005604665660905671
91543f9849d68d023e17194926598543,4,0.0,-15.5,0.0,0.0,High rate monitoring,0.023556294965854933
916748bc99315c2d202898ae58b1617e,25,0.0,-10.08,0.08,0.0,High volume high risk,0.1139734295533874
916c9de0b5ad957346eeeb12f332687e,22,0.0,-17.954545454545453,0.0454545454545454,0.0,High volume high risk,0.09721950398794599
918717417d88a9f9ae9735567e6c7682,4,0.0,-13.25,0.0,0.0,High rate monitoring,0.023556294965854933
918f6fbcf3ab724d805867303e593a1b,2,0.0,-17.0,0.0,0.0,High rate monitoring,0.014382177431523306
9198786624eaeb375793215cad26cfa6,8,0.0,-18.0,0.25,0.0,High volume high risk,0.1314666894107059
91f0eec23d4a61d7d7caeefa3f0ad1ca,11,0.2727272727272727,-5.7272727272727275,0.2727272727272727,0.8181818181818181,High volume high risk,0.5039627801298592
91f5779a8731baca4809fdeade81803f,6,0.0,-12.833333333333334,0.1666666666666666,0.0,High rate monitoring,0.10037627761305193
91f848e9f4be368f4318775aac733370,60,0.0166666666666666,-11.766666666666667,0.05,0.05,High volume high risk,0.23509242311447867
9200e6ce317b67196b6b0bad4d4bd567,1,0.0,-8.0,0.0,0.0,High rate monitoring,0.005604665660905671
921323538c9f1c4e816f2720eac02bea,15,0.2,-9.266666666666667,0.1333333333333333,0.4,High volume high risk,0.41363578305931126
9261d76c62caaf0b24677c2ceb7f8f20,6,0.0,-16.5,0.0,0.0,High rate monitoring,0.02921314559567034
929f342384a6607afe143d789ade1316,4,0.0,-15.25,0.0,0.0,High rate monitoring,0.023556294965854933
92c8bc6e8f925792247656fed09aad65,2,0.5,-3.5,0.5,0.5,High rate monitoring,0.21448795190966907
92d14edfb62ee5ae7fdff70b0f4e7233,8,0.0,-13.125,0.25,0.0,High volume high risk,0.1314666894107059
92eb0f42c21942b6552362b9b114707d,334,0.0479041916167664,-10.2874251497006,0.1407185628742515,2.251497005988024,High volume high risk,0.4465951823250512
9315e491484b1b0081ca166fc164108d,1,0.0,-24.0,0.0,0.0,High rate monitoring,0.005604665660905671
933446e9a59dece7ae9175103820ca8f,1,0.0,-66.0,0.0,0.0,High rate monitoring,0.005604665660905671
934ed5cd1b9c1c7382d0a94a94b9e639,1,0.0,-32.0,0.0,0.0,High rate monitoring,0.005604665660905671
939e6227d6964a11a70aa91243e418f2,4,0.0,-7.0,0.0,0.0,High rate monitoring,0.023556294965854933
939f6e231201f26803cb5c3a3d2940b3,3,0.0,-45.333333333333336,0.0,0.0,High rate monitoring,0.01976766622300808
93b9a99027bd8bd6af682aff18dd19bf,19,0.0,-17.526315789473685,0.0526315789473684,0.0,High volume high risk,0.09627628800217482
93bef6edaa84956e8e575016449b6351,1,0.0,-21.0,0.0,0.0,High rate monitoring,0.005604665660905671
93dc87703c046b603023e75222018b45,33,0.0909090909090909,-10.969696969696969,0.0909090909090909,0.2727272727272727,High volume high risk,0.34773386450980576
94144541854e298c2d976cb893b81343,68,0.0441176470588235,-14.279411764705882,0.1176470588235294,0.3529411764705882,High volume high risk,0.36555810518010234
941554c5757b73ba0e50aa7732310afc,3,0.0,-22.333333333333332,0.0,0.0,High rate monitoring,0.01976766622300808
94165aea8a35c3c21499cbcae239b16c,1,0.0,-13.0,1.0,0.0,High rate monitoring,0.02548405387010717
94231344608e603693b0a8891143f65d,3,0.0,-15.666666666666666,0.0,0.0,High rate monitoring,0.01976766622300808
9449f25aeaf531019b76999ea49a6949,9,0.2222222222222222,-7.555555555555555,0.1111111111111111,0.2222222222222222,High volume high risk,0.3206785292185422
9485a23c0430ba1d58d359391606fce6,4,0.25,-7.75,0.0,0.0,High rate monitoring,0.07698480370102029
94b9108d4b637ba65bb4f1e53cfcf8d8,7,0.1428571428571428,-3.142857142857143,0.1428571428571428,0.1428571428571428,High volume high risk,0.3059222694928746
94c49f20a123aeb9360dbf80ff912bf6,3,0.0,-13.666666666666666,0.3333333333333333,0.0,High rate monitoring,0.08226048224997312
94ca168e8bcb407ab85c5da308863027,5,0.0,-8.4,0.0,0.0,High rate monitoring,0.026583023162619634
94d76e96eedd976258cd3278ce56d5f2,1,0.0,-7.0,0.0,0.0,High rate monitoring,0.005604665660905671
94e93ce877be27a515118dbfd2c2be41,29,0.0,-11.137931034482758,0.1379310344827586,0.0,High volume high risk,0.15195926112580876
951e8cef368f09bb3f3d03c00ca4702c,62,0.064516129032258,-10.35483870967742,0.1290322580645161,0.5161290322580645,High volume high risk,0.415808870083689
9523fb39dd240aa958e040f8183d64f3,1,0.0,-17.0,1.0,0.0,High rate monitoring,0.02548405387010717
9535a841eecebed61a9fb1ac1cbb5597,2,0.0,-17.5,0.5,0.0,High rate monitoring,0.0629624726501831
9539213aa8e023c01937bef95dc006da,9,0.1111111111111111,-4.333333333333333,0.0,0.0,High volume high risk,0.10153491327396486
954e95f20808d7e5d11f0de292d078e0,3,0.0,-14.0,0.0,0.0,High rate monitoring,0.01976766622300808
9558aa23f77a9e0a0eca83540999f43b,1,0.0,-2.0,0.0,0.0,High rate monitoring,0.005604665660905671
955fee9216a65b617aa5c0531780ce60,1261,0.0610626486915146,-10.222839016653449,0.1015067406819984,7.816019032513878,High volume high risk,0.410907020909515
9596c870880d900012f2e8e6e30d06d7,21,0.0476190476190476,-12.38095238095238,0.0476190476190476,0.0476190476190476,High volume high risk,0.22413014817921917
9599519be538b98748162a2b48248960,1,0.0,-8.0,1.0,0.0,High rate monitoring,0.02548405387010717
95b293867b5862941c9cd74f756a3c68,9,0.4444444444444444,2.6666666666666665,0.3333333333333333,1.3333333333333333,High volume high risk,0.4975045461931495
95cca791657aabeff15a07eb152d7841,1,0.0,-26.0,0.0,0.0,High rate monitoring,0.005604665660905671
95e03ca3d4146e4011985981aeb959b9,172,0.0348837209302325,-15.151162790697674,0.1395348837209302,0.8372093023255813,High volume high risk,0.4071408221894794
95ec4458365c4d11f452ccf538377619,27,0.037037037037037,-10.74074074074074,0.037037037037037,0.037037037037037,High volume high risk,0.2175798282472913
95f83f51203c626648c875dd41874c7f,50,0.04,-13.76,0.28,0.56,High volume high risk,0.47862960180315556
960945e1a9535cbc0cd6ddd35fbe7ae8,28,0.0,-10.285714285714286,0.0,0.0,High volume high risk,0.048438088142017166
9616352088dcf83a7c06637f4ebf1c80,91,0.0,-15.45054945054945,0.0769230769230769,0.0,High volume high risk,0.1351206088707364
961dff0a659b4561334372337dd897d9,3,0.0,-4.0,0.0,0.0,High rate monitoring,0.01976766622300808
9646c3513289980f17226a2fc4720dbd,69,0.0289855072463768,-13.942028985507246,0.0579710144927536,0.1159420289855072,High volume high risk,0.2557533398162529
96493fab2fbb13a14d0c0e8772eef5c3,63,0.0634920634920634,-10.126984126984128,0.1428571428571428,0.5714285714285714,High volume high risk,0.43617246230285717
964ff64dc05b13811c6d0f41e0aa5f6b,1,0.0,-14.0,0.0,0.0,High rate monitoring,0.005604665660905671
966cb4760537b1404caedd472cc610a5,67,0.0298507462686567,-15.537313432835822,0.1194029850746268,0.2388059701492537,High volume high risk,0.34305554198585525
9674754b5a0cb32b638cec001178f799,84,0.0238095238095238,-11.13095238095238,0.1547619047619047,0.3095238095238095,High volume high risk,0.3911395596729576
96804ea39d96eb908e7c3afdb671bb9e,37,0.027027027027027,-13.64864864864865,0.1351351351351351,0.1351351351351351,High volume high risk,0.33047359513808516
968268a686aa05d1f529fb07dff08130,12,0.0,-11.833333333333334,0.3333333333333333,0.0,High volume high risk,0.16434723592074885
968ee78631915a63fef426d6733d7422,2,0.0,-16.5,0.5,0.0,High rate monitoring,0.0629624726501831
96e5dc09087bad639b4ee193104ec2e5,2,0.0,-8.5,0.0,0.0,High rate monitoring,0.014382177431523306
96f7c797de9ca20efbe14545bed63eec,1,0.0,-14.0,1.0,0.0,High rate monitoring,0.02548405387010717
972d0f9cf61b499a4812cf0bfa3ad3c4,81,0.1111111111111111,-9.765432098765432,0.4074074074074074,3.6666666666666665,High volume high risk,0.697348901959316
973f21788dfab357250f69a8dcb7ddee,9,0.5555555555555556,-2.5555555555555554,0.6666666666666666,3.333333333333333,High volume high risk,0.5406474254423217
974cf2cb8f4b7add98709c30df02fe10,30,0.0333333333333333,-13.8,0.1,0.1,High volume high risk,0.28267326699467554
97512d3fc193b2d1dfcdba0f9d1f0f8a,12,0.0833333333333333,-8.666666666666666,0.0833333333333333,0.0833333333333333,High volume high risk,0.25755065305757413
977f9f63dd360c2a32ece2f93ad6d306,23,0.0869565217391304,-11.130434782608695,0.1739130434782608,0.3478260869565217,High volume high risk,0.44428240690641635
979e9f8b5b39dd243a2550c8b05aecf0,3,0.0,-13.0,0.0,0.0,High rate monitoring,0.01976766622300808
97e4a63591ca439a2b8b7efd20e6e19e,5,0.0,-12.6,0.0,0.0,High rate monitoring,0.026583023162619634
97e50a621f8e801f4baf69e08687c192,1,0.0,-5.0,0.0,0.0,High rate monitoring,0.005604665660905671
97e995629983723d11830a829bc2b246,5,0.0,-19.4,0.0,0.0,High rate monitoring,0.026583023162619634
9803a40e82e45418ab7fb84091af5231,11,0.0,-16.454545454545453,0.2727272727272727,0.0,High volume high risk,0.15285519890623253
980640c45d7a4635885491d077167e4d,14,0.0714285714285714,-10.357142857142858,0.0,0.0,High volume high risk,0.10591281702283982
98115075dd26cb8835946fc6086f5d30,4,0.0,-7.0,0.0,0.0,High rate monitoring,0.023556294965854933
984c273121e743dd14767befe6cb17f5,1,1.0,3.0,1.0,1.0,High rate monitoring,0.08845084106949393
9853a239ab7b7ebbdc3a21248d5b8e1f,4,0.25,-13.25,0.25,0.25,High rate monitoring,0.3025640151663063
985c92cc412091f8529c12d7f23d3fef,12,0.0,-14.0,0.0,0.0,High volume high risk,0.03949358447088838
989becdce12ebc39863c2bceab6f3ca1,15,0.0666666666666666,-15.533333333333331,0.0,0.0,High volume high risk,0.1060078139621185
98dac6635aee4995d501a3972e047414,89,0.0449438202247191,-11.02247191011236,0.1797752808988764,0.7191011235955056,High volume high risk,0.4589426370023475
98dddbc4601dd4443ca174359b237166,2,0.0,-10.5,0.0,0.0,High rate monitoring,0.014382177431523306
98e164d549402270247f3c96a1a158ef,2,0.0,-11.0,0.5,0.0,High rate monitoring,0.0629624726501831
98f52e1020fe788c10c0418de4393fec,1,0.0,-13.0,0.0,0.0,High rate monitoring,0.005604665660905671
99002261c568a84cce14d43fcffb43ea,36,0.0555555555555555,-12.25,0.1666666666666666,0.3333333333333333,High volume high risk,0.41991939839430176
9906e7aa42a3c067b7c9a564d01c4320,12,0.1666666666666666,-12.0,0.0833333333333333,0.1666666666666666,High volume high risk,0.30104430638848895
994f04b3718c2bab35c2adfa8afecd2a,47,0.0638297872340425,-8.148936170212766,0.0425531914893617,0.1276595744680851,High volume high risk,0.2734457636254392
9996ae921c50e8dff411ac69c0b4bb8b,2,0.0,-7.5,0.5,0.0,High rate monitoring,0.0629624726501831
999f6d9a1c7c81f43be44c6b7d076210,2,0.0,-23.5,0.0,0.0,High rate monitoring,0.014382177431523306
99a25c39b28a74d1151c35c18d178292,1,0.0,-10.0,0.0,0.0,High rate monitoring,0.005604665660905671
99a54764c341d5dc80b4a8fac4eba3fb,44,0.1136363636363636,-9.931818181818182,0.2045454545454545,1.0227272727272727,High volume high risk,0.5708515860689448
99cd94252748d2bdde08e17858233602,2,0.0,-17.5,0.0,0.0,High rate monitoring,0.014382177431523306
99eaacc9e6046db1c82b163c5f84869f,63,0.1111111111111111,-8.793650793650794,0.1746031746031746,1.222222222222222,High volume high risk,0.555844943252124
9a03a4e9eb0b947652fae4f6121a3f5e,7,0.0,-14.571428571428571,0.1428571428571428,0.0,High volume high risk,0.10055202233767349
9a1aea68d3efa00862ec88c0768037d0,7,0.0,-11.714285714285714,0.0,0.0,High volume high risk,0.03143622527122511
9a84ba99f5367fdbd4598363496f1ea2,15,0.0,-22.266666666666666,0.1333333333333333,0.0,High volume high risk,0.12941370277500944
9aa388272ee334b6ae07bc73706e254a,6,0.0,-15.166666666666666,0.1666666666666666,0.0,High rate monitoring,0.10037627761305193
9ac4f14370b1e24ddc58be041b7f99df,5,0.0,-15.2,0.0,0.0,High rate monitoring,0.026583023162619634
9ac75591b69c3402684b6ce0310f22ee,1,0.0,0.0,0.0,0.0,High rate monitoring,0.005604665660905671
9add47bf45ce8e8c7db6b9cf670b1e09,41,0.024390243902439,-13.731707317073171,0.073170731707317,0.073170731707317,High volume high risk,0.25052827299549857
9b00cad94ef3078faf6fba2e792c158f,1,0.0,-16.0,0.0,0.0,High rate monitoring,0.005604665660905671
9b00ed88b7fdb95d6ff76e27c1b52d16,46,0.0652173913043478,-10.521739130434783,0.0652173913043478,0.1956521739130434,High volume high risk,0.29500925848630166
9b013e03b2ab786505a1d3b5c0756754,170,0.0411764705882352,-9.864705882352942,0.1235294117647058,0.8647058823529412,High volume high risk,0.39478393601697354
9b1585752613ec342d03bbab9997ec48,3,0.0,-6.333333333333333,0.3333333333333333,0.0,High rate monitoring,0.08226048224997312
9b1ab052f5fca308ba743ac789ebb2e1,2,0.0,-16.5,0.0,0.0,High rate monitoring,0.014382177431523306
9b1f656ca3060f8af17a50d8a024b533,2,0.5,-6.5,0.0,0.0,High rate monitoring,0.048994323943215214
9b522ba7eae9e1d04082f267144583cc,3,0.3333333333333333,23.666666666666668,0.0,0.0,High rate monitoring,0.06618731849094397
9b76ad3d04236f76bc71c59470305e13,2,0.0,-10.5,0.0,0.0,High rate monitoring,0.014382177431523306
9bade61a92bed55a25d2b67b9f4ed739,2,0.0,-18.5,0.5,0.0,High rate monitoring,0.0629624726501831
9baf5cb77970f539089d09a38bcec5c3,31,0.0,-18.06451612903226,0.064516129032258,0.0,High volume high risk,0.11034832720807367
9bc484c87d79cd4874e05ca182658045,8,0.125,-5.125,0.125,0.125,High volume high risk,0.29557924009811715
9bcdfa7b615b3abb9461d9e3ad9886ae,14,0.0714285714285714,-14.571428571428571,0.0714285714285714,0.0714285714285714,High volume high risk,0.24444579568886615
9bf11dfc0bec77e5a23028043c3c5a8f,1,1.0,12.0,1.0,1.0,High rate monitoring,0.08845084106949393
9c068d10aca38e85c50202e17b4a7e88,17,0.1764705882352941,-13.411764705882351,0.1764705882352941,0.5294117647058824,High volume high risk,0.48408566523194285
9c0e69c7bf2619675bbadf47b43f655a,151,0.086092715231788,-8.23841059602649,0.1059602649006622,1.3774834437086092,High volume high risk,0.4384022668384808
9c1c0c36cd23c20897e473901a8fb149,6,0.0,-8.833333333333334,0.0,0.0,High rate monitoring,0.02921314559567034
9c3a1c416c765687bc79a04113269929,1,0.0,-11.0,1.0,0.0,High rate monitoring,0.02548405387010717
9c3c24eca51c52b91c1de727d2a2ae06,6,0.0,-24.166666666666668,0.0,0.0,High rate monitoring,0.02921314559567034
9c4d31c7e46ab03a43fc06e3142afd4e,2,0.0,-8.0,0.0,0.0,High rate monitoring,0.014382177431523306
9c54608f0996c32ae4743089d915f845,3,0.0,-20.666666666666668,0.0,0.0,High rate monitoring,0.01976766622300808
9c57bc60cfad5ee62d35d3f1ce4593a1,1,1.0,14.0,1.0,1.0,High rate monitoring,0.08845084106949393
9c690ceacd5c66731bf443ea810195cb,10,0.0,-18.2,0.1,0.0,High volume high risk,0.09823884768165966
9c7fd21e0aa159b20da593371f08ff7c,7,0.1428571428571428,-11.285714285714286,0.4285714285714285,0.4285714285714285,High volume high risk,0.41195256857250534
9cad4b68bb993ee401a3c5aaa2bc26dd,5,0.2,-7.6,0.4,0.4,High rate monitoring,0.36372318635801953
9cea4682e16655f7da87f406902e989e,4,0.0,-17.75,0.25,0.0,High rate monitoring,0.09258044243368588
9cf787a239c1aa29dbd76f153dc13f9a,4,0.0,-17.5,0.0,0.0,High rate monitoring,0.023556294965854933
9d213f303afae4983637247556438ede,2,0.0,-11.5,0.0,0.0,High rate monitoring,0.014382177431523306
9d39404483343dd55c7ae254494d8388,10,0.1,-11.6,0.3,0.3,High volume high risk,0.41994300725858735
9d489893ff6af05029671b785f54b998,5,0.0,-13.4,0.2,0.0,High rate monitoring,0.09830975284422638
9d4db00d65d7760644ac0c14edb5fd86,97,0.0412371134020618,-11.463917525773196,0.0412371134020618,0.1649484536082474,High volume high risk,0.26842637280993914
9d5604a1f112324ad6b2aa552122e0fb,13,0.0,-14.23076923076923,0.3076923076923077,0.0,High volume high risk,0.16528288123996757
9d5a9018aee56acb367ba9c3f05d1d6a,66,0.0151515151515151,-13.454545454545457,0.106060606060606,0.106060606060606,High volume high risk,0.30779790971648946
9d681c7e12db302cb261e721040dde65,13,0.0,-14.538461538461538,0.0,0.0,High volume high risk,0.040526846855301155
9d69ba0a7a626a64dc5db08e529559cf,1,0.0,-3.0,0.0,0.0,High rate monitoring,0.005604665660905671
9d7a1d34a5052409006425275ba1c2b4,13,0.0769230769230769,-12.076923076923077,0.0769230769230769,0.0769230769230769,High volume high risk,0.25095570242895343
9da15f4a4ea758d9eeb49000dbe57e22,1,1.0,6.0,1.0,1.0,High rate monitoring,0.08845084106949393
9da1ca0bef29ee170e541927a5aeabdc,6,0.1666666666666666,-6.5,0.3333333333333333,0.3333333333333333,High rate monitoring,0.3793134976950404
9dc79dd988ac42f4d56c340d7048420a,4,0.0,-10.0,0.0,0.0,High rate monitoring,0.023556294965854933
9dd459b29a14bf89d47183cf2cd0e4c7,2,0.5,-6.0,0.0,0.0,High rate monitoring,0.048994323943215214
9dd59e43f0c9f0553244e8f9c2fb247e,10,0.1,-13.7,0.0,0.0,High volume high risk,0.1032830636054797
9dda5bbacd45e18d6485fee649205d09,19,0.0526315789473684,-8.473684210526315,0.1578947368421052,0.1578947368421052,High volume high risk,0.35585471563118404
9de4643a8dbde634fe55621059d92273,72,0.0277777777777777,-11.75,0.0555555555555555,0.1111111111111111,High volume high risk,0.25384559266534606
9df5750209b83567ec144eb299d7d634,11,0.0909090909090909,-20.272727272727273,0.1818181818181818,0.1818181818181818,High volume high risk,0.3720585149526074
9e25199f6ef7e7c347120ff175652c3b,1,0.0,-14.0,0.0,0.0,High rate monitoring,0.005604665660905671
9e6229250fedbe05838fef417b74e7fb,73,0.0273972602739726,-15.232876712328768,0.1506849315068493,0.3013698630136986,High volume high risk,0.386
9e6967d3cf386d284251784b18ccb485,9,0.1111111111111111,-6.666666666666667,0.2222222222222222,0.2222222222222222,High volume high risk,0.38841633619388727
9e7c5f4d7770eab65738cca38f9efccf,2,0.0,-14.0,0.0,0.0,High rate monitoring,0.014382177431523306
9e94fa26a70ede4d26226e918e8706a2,1,0.0,-8.0,0.0,0.0,High rate monitoring,0.005604665660905671
9e9b539eb2806acee3f5c28085c1db9f,3,0.3333333333333333,-3.0,0.3333333333333333,0.3333333333333333,High rate monitoring,0.2754296170561858
9ed65337433adfbedefd23dd76eaa494,6,0.0,-10.333333333333334,0.0,0.0,High rate monitoring,0.02921314559567034
9ef932e837d8b7f392c0bfee9d359dc2,1,1.0,9.0,0.0,0.0,High rate monitoring,0.019452846636849968
9f50216bfd01913736a55a11b55ea842,17,0.1176470588235294,-8.176470588235293,0.0588235294117647,0.1176470588235294,High volume high risk,0.2786720691250842
9f505651f4a6abe901a56cdc21508025,393,0.0407124681933842,-10.806615776081426,0.094147582697201,1.5063613231552162,High volume high risk,0.35687819527795045
9fbd5666d8618fa571c4230fafa09bd6,1,0.0,-6.0,0.0,0.0,High rate monitoring,0.005604665660905671
9fc70243fb26800cba56e8f014797004,6,0.0,-11.0,0.0,0.0,High rate monitoring,0.02921314559567034
9fe7c6641c79970ab48185498f547c09,1,0.0,-17.0,0.0,0.0,High rate monitoring,0.005604665660905671
a00824eb9093d40e589b940ec45c4eb0,3,0.0,-15.0,0.0,0.0,High rate monitoring,0.01976766622300808
a0415d9b25ede3c4b1e477e9916ffc03,9,0.0,-17.555555555555557,0.1111111111111111,0.0,High volume high risk,0.09926878221157719
a066df7361163e7ddc5d7452dd17448b,15,0.2,-8.6,0.1333333333333333,0.4,High volume high risk,0.41363578305931126
a06c8ff043abea0528ee44171e2140a2,8,0.0,-10.875,0.0,0.0,High volume high risk,0.03345056507114092
a080fc8a850289b27500f6b49cca2553,4,0.0,-9.5,0.0,0.0,High rate monitoring,0.023556294965854933
a08692680c77d30a0b4280da5df01c5a,6,0.0,-9.833333333333334,0.0,0.0,High rate monitoring,0.02921314559567034
a09a13f18ed27932d08438aa6f12756e,1,0.0,-23.0,0.0,0.0,High rate monitoring,0.005604665660905671
a0a14e50070f3225b3eabba5b85da517,4,0.0,-12.75,0.0,0.0,High rate monitoring,0.023556294965854933
a0d7fbb07bb5ebc3b05980e750db56f3,3,0.0,-13.666666666666666,0.6666666666666666,0.0,High rate monitoring,0.08831806809798569
a1040efe9ff4a6f93c28b0499eada8f5,1,0.0,-15.0,0.0,0.0,High rate monitoring,0.005604665660905671
a1043bafd471dff536d0c462352beb48,702,0.0498575498575498,-12.433048433048434,0.094017094017094,3.2905982905982905,High volume high risk,0.37429413560302705
a11a0e0ca67423425691db355cff69b0,2,0.0,-6.0,0.0,0.0,High rate monitoring,0.014382177431523306
a13580f0e8f782b7a543885a0ef99f08,10,0.2,-8.5,0.0,0.0,High volume high risk,0.11769061701599198
a13aaf2d2886ab9fb30fb9a920160b8f,4,0.25,-6.5,0.0,0.0,High rate monitoring,0.07698480370102029
a1474fd46fd3430168f7ec202da39408,12,0.1666666666666666,-12.666666666666666,0.0833333333333333,0.1666666666666666,High volume high risk,0.30104430638848895
a150c540f572d0fb53992264bc5c10b5,1,0.0,-20.0,0.0,0.0,High rate monitoring,0.005604665660905671
a1544b9ea0b2390e020537d4daa89049,8,0.0,-20.0,0.125,0.0,High volume high risk,0.09978077788870196
a154d7316f158bb42e6fa18bbe3afd3a,2,0.5,16.5,0.5,0.5,High rate monitoring,0.21448795190966907
a17f621c590ea0fab3d5d883e1630ec6,63,0.0634920634920634,-10.428571428571429,0.1428571428571428,0.5714285714285714,High volume high risk,0.43617246230285717
a1bea7061f61f6fdd9a85a6325ba1033,9,0.1111111111111111,-6.111111111111111,0.0,0.0,High volume high risk,0.10153491327396486
a1bea9970d8f65b240555f99c2214f7f,1,0.0,-13.0,0.0,0.0,High rate monitoring,0.005604665660905671
a20d8058c866dbaeca014d2cd20ac62e,2,0.0,-3.5,0.0,0.0,High rate monitoring,0.014382177431523306
a213f1bd6458f4a158f3746cb2514559,1,0.0,-26.0,0.0,0.0,High rate monitoring,0.005604665660905671
a218df5c097b0ca409cfaac1488cc7f6,4,0.0,-18.25,0.25,0.0,High rate monitoring,0.09258044243368588
a21c11ec5c3f03e7cc9f9203bff9e1c6,3,0.0,-13.666666666666666,0.3333333333333333,0.0,High rate monitoring,0.08226048224997312
a23266650e7c84bb93fbbba502137478,11,0.0,-16.818181818181817,0.1818181818181818,0.0,High volume high risk,0.13595678291872842
a254c682cc01e119f83530446f1df9a9,6,0.1666666666666666,-10.333333333333334,0.1666666666666666,0.1666666666666666,High rate monitoring,0.313195279882799
a2a41aedb70551d4a85aa04dc2fced48,2,0.0,-14.5,0.0,0.0,High rate monitoring,0.014382177431523306
a2b5b6105ea5942300631d2e76f4ffe0,16,0.0625,-8.0625,0.0,0.0,High volume high risk,0.10585882387704623
a2b911e9ad40dc7d61c142a4683e2d85,1,0.0,-16.0,0.0,0.0,High rate monitoring,0.005604665660905671
a2deecd5398f5df4987110c80a1972a3,13,0.0,-13.692307692307692,0.0769230769230769,0.0,High volume high risk,0.0958307441543506
a2e874074c877c5a05abae80ad6e488f,40,0.05,-16.275,0.075,0.15,High volume high risk,0.2829684875105127
a2fa0bdc798ee84cdb08281337cf4fb6,8,0.0,-7.5,0.0,0.0,High volume high risk,0.03345056507114092
a3082f442524a1be452e3189e003b361,3,0.0,-12.333333333333334,0.0,0.0,High rate monitoring,0.01976766622300808
a35124e2d763d7ca3fbe3b97d143200f,4,0.0,-12.25,0.0,0.0,High rate monitoring,0.023556294965854933
a353b1083c9863d756d9404695016d64,1,0.0,-8.0,0.0,0.0,High rate monitoring,0.005604665660905671
a35ef466c6fd6d052f5d241240d3c5e2,3,0.0,-20.666666666666668,0.0,0.0,High rate monitoring,0.01976766622300808
a369d693961cb93b61ca2cc518872a85,11,0.0,-15.454545454545457,0.1818181818181818,0.0,High volume high risk,0.13595678291872842
a36ac007a4d18f865c8d32c3b2402c2d,8,0.0,-23.125,0.5,0.0,High volume high risk,0.14644029379088302
a36b125ac6d5fdbc7f50de85c9157bdc,23,0.0869565217391304,-10.826086956521738,0.1304347826086956,0.2608695652173913,High volume high risk,0.386712037622958
a37c340b91cb0169e8b029db6440fba2,5,0.0,-12.4,0.0,0.0,High rate monitoring,0.026583023162619634
a3a38f4affed601eb87a97788c949667,251,0.0438247011952191,-14.689243027888446,0.0796812749003984,0.8764940239043825,High volume high risk,0.3296465014048934
a3b0df0065e264a91b7bbf5f844af5cd,2,0.0,-6.5,0.0,0.0,High rate monitoring,0.014382177431523306
a3b42d266fa8afc874b909422ce88582,1,0.0,-4.0,0.0,0.0,High rate monitoring,0.005604665660905671
a3dd39f583bc80bd8c5901c95878921e,34,0.0294117647058823,-11.794117647058824,0.0294117647058823,0.0294117647058823,High volume high risk,0.21571476573868617
a3e9a2c700480d9bb01fba070ba80a0e,129,0.0930232558139534,-10.178294573643411,0.1627906976744186,1.9534883720930232,High volume high risk,0.5480785359671301
a3f0b55de503387383c7b1de3ad7f678,24,0.0416666666666666,-14.333333333333334,0.0416666666666666,0.0416666666666666,High volume high risk,0.2208220799293139
a3fa18b3f688ec0fca3eb8bfcbd2d5b3,1,0.0,-3.0,0.0,0.0,High rate monitoring,0.005604665660905671
a414555ce331b8c8aea4a9cb8395194d,7,0.0,-12.714285714285714,0.2857142857142857,0.0,High volume high risk,0.12693991663050946
a416b6a846a11724393025641d4edd5e,157,0.10828025477707,-10.248407643312104,0.1401273885350318,2.3821656050955413,High volume high risk,0.5332594904594701
a420f60ff1aa9acc80d0e42959f2b313,67,0.0746268656716417,-13.014925373134329,0.1492537313432835,0.7462686567164178,High volume high risk,0.47214035081893235
a425f92c199eb576938df686728acd20,16,0.0,-15.25,0.125,0.0,High volume high risk,0.12773807540634766
a435b009cd956ea60748b5cfbddf2e24,3,0.3333333333333333,2.6666666666666665,0.0,0.0,High rate monitoring,0.06618731849094397
a44fb5a447105f8469bdf16bf9159f25,19,0.2105263157894736,-7.0,0.1578947368421052,0.631578947368421,High volume high risk,0.48307189301671155
a45314082d50d578a4721c9787ce09ab,2,0.0,-6.0,0.0,0.0,High rate monitoring,0.014382177431523306
a45765f8afb1e594b22bf9e974b46765,1,0.0,-14.0,0.0,0.0,High rate monitoring,0.005604665660905671
a478c7961d6a992065b24e63b366f90b,8,0.0,-16.875,0.0,0.0,High volume high risk,0.03345056507114092
a49928bcdf77c55c6d6e05e09a9b4ca5,96,0.21875,-4.447916666666667,0.40625,8.53125,High volume high risk,0.796405836413999
a4b6b9b992b46e9ef863637af96e04bc,6,0.1666666666666666,-10.5,0.1666666666666666,0.1666666666666666,High rate monitoring,0.313195279882799
a4b8d97cd5d3674eeff96abc99d8ed67,1,0.0,-16.0,1.0,0.0,High rate monitoring,0.02548405387010717
a4bd6e9adf39b63f43dc545d3ca1f53d,4,0.0,-16.5,0.0,0.0,High rate monitoring,0.023556294965854933
a4fc6eadaff1576af888509a53420f6a,1,0.0,-6.0,0.0,0.0,High rate monitoring,0.005604665660905671
a513150f33f99a06569e9cd5c4bb889b,2,0.0,-15.0,0.0,0.0,High rate monitoring,0.014382177431523306
a5259c149128e82c9d6d46e0c1c812bb,8,0.0,-23.375,0.25,0.0,High volume high risk,0.1314666894107059
a53f60f05f822b5c621a50ff6a5cb362,4,0.0,-19.25,0.25,0.0,High rate monitoring,0.09258044243368588
a56a8043ebf66e42119618fb8cf232c6,1,0.0,-9.0,0.0,0.0,High rate monitoring,0.005604665660905671
a56e351445e5863fc8960640ba9190c7,3,0.0,-7.666666666666667,0.0,0.0,High rate monitoring,0.01976766622300808
a5a1bfcf728ab0e19182959cf0771ee4,21,0.0476190476190476,-10.238095238095235,0.0476190476190476,0.0476190476190476,High volume high risk,0.22413014817921917
a5bff0f43eb51f0cad7c37fac7244c8a,4,0.0,-11.75,0.0,0.0,High rate monitoring,0.023556294965854933
a5cba26a62b8b4d0145b68b841e62e7f,53,0.0188679245283018,-14.81132075471698,0.0377358490566037,0.0377358490566037,High volume high risk,0.22617939790361682
a5dd1946fb63ada8bcaa0c9cd8f11e22,6,0.0,-10.5,0.1666666666666666,0.0,High rate monitoring,0.10037627761305193
a5ff20ff766e7f50bd5066f33da14413,2,0.0,-27.0,0.5,0.0,High rate monitoring,0.0629624726501831
a61cc04793308395a840807104365121,1,0.0,-10.0,0.0,0.0,High rate monitoring,0.005604665660905671
a63bfbaa882c8f4542891b4e2246cc7f,6,0.0,-10.333333333333334,0.0,0.0,High rate monitoring,0.02921314559567034
a64e44665225d19dfc0277eeeaaccc57,6,0.0,-6.833333333333333,0.0,0.0,High rate monitoring,0.02921314559567034
a663d9c3797e90eac99ff60939416a56,1,0.0,-7.0,0.0,0.0,High rate monitoring,0.005604665660905671
a673821011d0cec28146ea42f5ab767f,125,0.104,-9.136,0.16,2.08,High volume high risk,0.5561278987198791
a67780aba9dd436e7ac0aa1f889e73ec,6,0.1666666666666666,-4.333333333333333,0.1666666666666666,0.1666666666666666,High rate monitoring,0.313195279882799
a69aa24cec11168e7e39a3fbc727e925,3,0.0,-9.666666666666666,0.0,0.0,High rate monitoring,0.01976766622300808
a6bd7d1ccdac48c6b33b28596b7eb122,15,0.0666666666666666,-16.333333333333332,0.3333333333333333,0.3333333333333333,High volume high risk,0.44113724910225266
a6fe7de3d16f6149ffe280349a8535a0,50,0.12,-9.34,0.16,0.96,High volume high risk,0.5229016264574116
a70e9066dbfd10b6b97a3f54a1356762,2,0.0,-8.5,0.0,0.0,High rate monitoring,0.014382177431523306
a72c2f59332659e361d647515c698798,5,0.0,-17.4,0.0,0.0,High rate monitoring,0.026583023162619634
a72f15980dc3e9bfd1a49ac9b2f3af65,1,0.0,-14.0,0.0,0.0,High rate monitoring,0.005604665660905671
a7a9b880c49781da66651ccf4ba9ac38,3,0.0,-12.0,0.0,0.0,High rate monitoring,0.01976766622300808
a7b7354cc588f7566a848bcbb1ce3d96,2,0.0,-7.0,0.0,0.0,High rate monitoring,0.014382177431523306
a7c53f6b3b61adbdaa99dda97e8cbd56,1,0.0,-10.0,0.0,0.0,High rate monitoring,0.005604665660905671
a7c88262832dfc683781d6a421edefae,5,0.0,-12.0,0.0,0.0,High rate monitoring,0.026583023162619634
a7d0f8dd44f57ef6de7f7f02e3d82630,2,0.0,-11.0,0.0,0.0,High rate monitoring,0.014382177431523306
a7dc4098e4da6e41b426269d12ae7e91,2,0.0,-6.0,0.5,0.0,High rate monitoring,0.0629624726501831
a7ecf689b40a44361e259b28939023e4,1,0.0,-9.0,0.0,0.0,High rate monitoring,0.005604665660905671
a7f13822ceb966b076af67121f87b063,73,0.0410958904109589,-16.410958904109588,0.273972602739726,0.821917808219178,High volume high risk,0.5027601265177022
a806a4bb063ea7ca6d374eafa50a6058,5,0.0,-23.0,0.0,0.0,High rate monitoring,0.026583023162619634
a81466620e46a6970b22ef40379fdfc9,2,0.0,-17.0,0.0,0.0,High rate monitoring,0.014382177431523306
a8739afb32aaa45e01815ca76f76f54b,13,0.0,-10.384615384615383,0.2307692307692307,0.0,High volume high risk,0.15616512671084626
a888faf2d1baececa6baf9c3d603ee1f,53,0.0943396226415094,-10.679245283018869,0.1509433962264151,0.7547169811320754,High volume high risk,0.4905951755449724
a89e143d5211473ae18db9577ee34b64,1,0.0,-7.0,0.0,0.0,High rate monitoring,0.005604665660905671
a90a5da8b09e44264a177c0374a5ac87,3,0.0,-17.0,0.0,0.0,High rate monitoring,0.01976766622300808
a938325a4b357fd23a6a4d5bb126408e,24,0.0416666666666666,-11.458333333333334,0.2083333333333333,0.2083333333333333,High volume high risk,0.40084276771043426
a9415cf907dfa12f9ed18693244f5329,1,0.0,-15.0,0.0,0.0,High rate monitoring,0.005604665660905671
a99504ac23ed125aaf5302af6cc30af9,1,0.0,-8.0,0.0,0.0,High rate monitoring,0.005604665660905671
a9ae440659f48b7849df83e82734150b,1,0.0,-32.0,0.0,0.0,High rate monitoring,0.005604665660905671
a9b533a26e898b12e8b8d4c07279bf4d,4,0.0,-10.5,0.0,0.0,High rate monitoring,0.023556294965854933
aa17b35ce4de7b565be3249ba838944f,2,0.0,-9.5,0.0,0.0,High rate monitoring,0.014382177431523306
aa1eb17b9fdf6dfd546e25c45c7b9235,3,0.0,-9.0,0.0,0.0,High rate monitoring,0.01976766622300808
aa2640d851ec322526f1295bbeb20092,1,0.0,-5.0,0.0,0.0,High rate monitoring,0.005604665660905671
aa762680c40618316a896838866140ea,3,0.3333333333333333,-9.333333333333334,0.3333333333333333,0.3333333333333333,High rate monitoring,0.2754296170561858
aa8af66c623d7d544dfe4bb85b5ebe3b,1,0.0,-18.0,0.0,0.0,High rate monitoring,0.005604665660905671
aac29b1b99776be73c3049939652091d,94,0.0957446808510638,-10.76595744680851,0.0957446808510638,0.8617021276595744,High volume high risk,0.4186420361909825
aac51c486b672a9850d59f3e84b1cf88,10,0.0,-8.5,0.0,0.0,High volume high risk,0.036821714062709884
aadfe0417e61315688b6bd7043361e25,1,0.0,-16.0,0.0,0.0,High rate monitoring,0.005604665660905671
aae3bfea055532c57fb453ed3ec80b30,48,0.0,-13.770833333333334,0.2083333333333333,0.0,High volume high risk,0.1999491091291333
aae5953b9edddf14749c0d65d60eb4b9,2,0.0,-12.5,0.0,0.0,High rate monitoring,0.014382177431523306
aae5e7b457a3c72ee230a47d98fceda5,5,0.0,-19.4,0.0,0.0,High rate monitoring,0.026583023162619634
aaed1309374718fdd995ee4c58c9dfcd,104,0.0288461538461538,-17.240384615384617,0.1346153846153846,0.4038461538461538,High volume high risk,0.3771055057370059
aafe36600ce604f205b86b5084d3d767,129,0.0387596899224806,-13.131782945736434,0.0930232558139534,0.4651162790697674,High volume high risk,0.3384368806533977
ab27bbbad5239bc31a34709275a70db4,3,0.0,-11.333333333333334,0.0,0.0,High rate monitoring,0.01976766622300808
ab3e0c171fe84a7ba7de130f19cfb485,6,0.3333333333333333,-8.0,0.1666666666666666,0.3333333333333333,High rate monitoring,0.33608603971559287
ab75b89cc49c9ab3160d0c91565a442a,1,0.0,-24.0,1.0,0.0,High rate monitoring,0.02548405387010717
ab91571efab27993ff2f6b36e38055c3,3,0.3333333333333333,-4.666666666666667,0.0,0.0,High rate monitoring,0.06618731849094397
ab9db4cf53b08b828b64dccaafc2d9f0,4,0.0,-19.5,0.0,0.0,High rate monitoring,0.023556294965854933
aba1721a889e04decc910aa13b768ef4,83,0.072289156626506,-11.626506024096386,0.0963855421686747,0.5783132530120483,High volume high risk,0.383427081010882
abbf6046bbdf1028606a5bc7f00c99e7,6,0.0,-17.166666666666668,0.0,0.0,High rate monitoring,0.02921314559567034
abc015ebac1d283a323ca9db35ede4b9,12,0.0,-15.0,0.0833333333333333,0.0,High volume high risk,0.09648199961119279
abcd2cb37d46c2c8fb1bf071c859fc5b,44,0.0454545454545454,-16.65909090909091,0.0227272727272727,0.0454545454545454,High volume high risk,0.24100397918579738
abe021b01ba992245271b9aa422032df,2,0.0,-31.0,0.5,0.0,High rate monitoring,0.0629624726501831
abe42c5d03695b4257b5c6cbf4e6784e,49,0.1632653061224489,-9.346938775510203,0.1632653061224489,1.3061224489795915,High volume high risk,0.5557096562980033
ac3508719a1d8f5b7614b798f70af136,101,0.0198019801980198,-18.10891089108911,0.0297029702970297,0.0594059405940594,High volume high risk,0.2404361195191723
ac51cac5e20d69ff485a54746488ef48,3,0.0,-10.333333333333334,0.3333333333333333,0.0,High rate monitoring,0.08226048224997312
ac6417315ae5da8f9a38ee11de6f7780,7,0.1428571428571428,-13.571428571428571,0.1428571428571428,0.1428571428571428,High volume high risk,0.3059222694928746
ac9b01377919cdbd2a1bbb8d5837c70b,1,0.0,-30.0,0.0,0.0,High rate monitoring,0.005604665660905671
acadd4d36859671cb635527c6c977533,12,0.0833333333333333,-7.083333333333333,0.0833333333333333,0.0833333333333333,High volume high risk,0.25755065305757413
acb6c2ca5c82411c1fdb88d5fd5eb95e,10,0.0,-14.2,0.2,0.0,High volume high risk,0.13617463998210863
acce39e832338debb07b02385cde5967,44,0.0,-10.295454545454543,0.0681818181818181,0.0,High volume high risk,0.11940633419870235
aced59e9b31ef866a94f9e7f29d8d418,61,0.0327868852459016,-11.442622950819672,0.0655737704918032,0.1311475409836065,High volume high risk,0.2632122926369431
acf974e4d5950ad143a247471b831eb9,5,0.0,-16.6,0.0,0.0,High rate monitoring,0.026583023162619634
ad14615bdd492b01b0d97922e87cb87f,1,0.0,-14.0,0.0,0.0,High rate monitoring,0.005604665660905671
ad273c9eb54ecb4532de4bf75bae9e4e,10,0.0,-11.7,0.1,0.0,High volume high risk,0.09823884768165966
ad420dd0c4f92f8af951ac24b86d0cf5,42,0.0714285714285714,-10.976190476190476,0.1428571428571428,0.4285714285714285,High volume high risk,0.4261846257165556
ad75519a07f039025e83795a4418470f,3,0.0,-18.333333333333332,0.3333333333333333,0.0,High rate monitoring,0.08226048224997312
ad781527c93d00d89a11eecd9dcad7c1,38,0.3157894736842105,-9.078947368421051,0.3421052631578947,4.105263157894737,High volume high risk,0.7179915528901687
ad87df7699e83b8a91822a4a0b765c3a,5,0.0,-16.8,0.0,0.0,High rate monitoring,0.026583023162619634
ad8b531ae67582f096925cff5630d0d1,2,0.0,-11.5,0.0,0.0,High rate monitoring,0.014382177431523306
ad97a199236354e53fcd91a5a913e9a2,16,0.125,-10.4375,0.0625,0.125,High volume high risk,0.2810666195563315
adbc26658d6c7b4b6219f9d934598091,88,0.1363636363636363,-8.261363636363637,0.1590909090909091,1.9090909090909092,High volume high risk,0.5730532535732685
adbe70ab2c97442046d393988c8d1d27,5,0.0,-8.8,0.0,0.0,High rate monitoring,0.026583023162619634
adcf50477d6a1f5d91bb9d54c4903cb5,16,0.1875,-13.375,0.25,0.75,High volume high risk,0.5334686612351222
ade45994b717ccee333492330fbf037b,10,0.0,-25.2,0.0,0.0,High volume high risk,0.036821714062709884
aded58c8142dedc5494a81f948431fab,4,0.0,-13.25,0.25,0.0,High rate monitoring,0.09258044243368588
ae45ad30c2d2e5913094769690a239d2,1,0.0,-15.0,0.0,0.0,High rate monitoring,0.005604665660905671
ae45df84722b1d15c5f32b23a095746c,9,0.0,-16.444444444444443,0.0,0.0,High volume high risk,0.03530834996432753
ae7ab174effdead6c241e547e4ca13f0,6,0.0,-11.166666666666666,0.1666666666666666,0.0,High rate monitoring,0.10037627761305193
ae8bfdbf1c2a2a2dee92d799db0a31c6,8,0.0,-15.625,0.0,0.0,High volume high risk,0.03345056507114092
ae9690c6e8fee182c28c9ff8e11ca52c,1,0.0,-47.0,0.0,0.0,High rate monitoring,0.005604665660905671
aeb36d67f1414f234d42a29e27cf1f17,4,0.25,-2.75,0.0,0.0,High rate monitoring,0.07698480370102029
aec99834ab5d38ead22766ada8497e87,1,0.0,-13.0,0.0,0.0,High rate monitoring,0.005604665660905671
af3ef48d0e13835e529c29ac573c63e5,21,0.0476190476190476,-11.38095238095238,0.238095238095238,0.238095238095238,High volume high risk,0.41155145721977343
af4a0e4cfe1d9c26b6712b1be25a72e5,21,0.0476190476190476,-12.666666666666666,0.3809523809523809,0.3809523809523809,High volume high risk,0.45304481921246653
af7cdac9d9897cddead9c6b08976c642,6,0.1666666666666666,-7.666666666666667,0.1666666666666666,0.1666666666666666,High rate monitoring,0.313195279882799
afa6714acee029b2dfdf357e5579cc03,16,0.125,-14.125,0.125,0.25,High volume high risk,0.37839676197272215
afe0067131b73e40875c9b6c10bd2e21,45,0.0444444444444444,-11.4,0.0888888888888888,0.1777777777777777,High volume high risk,0.29990800138239176
b00af24704019bd2e1b335e70ad11f7c,1,0.0,-20.0,0.0,0.0,High rate monitoring,0.005604665660905671
b01c2b7b8599b325103ebcddc67413e1,4,0.0,-10.25,0.0,0.0,High rate monitoring,0.023556294965854933
b026643914f651e8371425e5b8a1e780,1,0.0,-15.0,0.0,0.0,High rate monitoring,0.005604665660905671
b0398568231ba5e6734af1881671a317,4,0.0,-12.75,0.25,0.0,High rate monitoring,0.09258044243368588
b05b432bf68945d4d9783f9e3ca29ee8,2,0.0,-16.5,0.0,0.0,High rate monitoring,0.014382177431523306
b080809eaacb49e5ca07290981472431,11,0.0,-10.363636363636363,0.0,0.0,High volume high risk,0.03814721227301718
b0b346d3a89f5eb4c2968af3f083cd43,9,0.3333333333333333,2.4444444444444446,0.2222222222222222,0.6666666666666666,High volume high risk,0.4522503324290303
b0f2a6122a90a93eb03e68653dd960e3,6,0.0,-17.333333333333332,0.0,0.0,High rate monitoring,0.02921314559567034
b1204cfda1d4948679db3cfc0d3cb95c,6,0.0,-20.666666666666668,0.1666666666666666,0.0,High rate monitoring,0.10037627761305193
b127efdabeffb5d559349c7b172eb75d,10,0.1,-19.8,0.0,0.0,High volume high risk,0.1032830636054797
b12cfd255810394b60caef18ae163547,2,0.0,-16.0,0.0,0.0,High rate monitoring,0.014382177431523306
b14db04aa7881970e83ffa9426897925,78,0.1025641025641025,-10.17948717948718,0.1666666666666666,1.3333333333333333,High volume high risk,0.5458483000257308
b16d3dadc47d4eb18be3d88bad0775ce,10,0.0,-21.2,0.1,0.0,High volume high risk,0.09823884768165966
b17b679f4f5ce2e03ce6968c62648246,50,0.16,-11.42,0.16,1.28,High volume high risk,0.552472034393522
b18871c324516afa228a13e8f1ef0ae9,9,0.1111111111111111,-8.11111111111111,0.4444444444444444,0.4444444444444444,High volume high risk,0.4380416235194093
b18dc380845b24038cfc48006478f099,43,0.1162790697674418,-11.255813953488373,0.0930232558139534,0.4651162790697674,High volume high risk,0.39256563326241595
b19c48688808720822399ffa9f2dbe2f,1,0.0,-17.0,0.0,0.0,High rate monitoring,0.005604665660905671
b19f3ca2ea475913750f25a5c37c8d8f,19,0.3157894736842105,-7.052631578947368,0.3684210526315789,2.2105263157894735,High volume high risk,0.6331463991168358
b1a81260566c1bac3114a6d124413f27,51,0.0,-16.235294117647058,0.1372549019607843,0.0,High volume high risk,0.16622249407427794
b1aaae6b66ad3c40f54b389d7ea4bee0,15,0.0,-19.333333333333332,0.0666666666666666,0.0,High volume high risk,0.09508611444437154
b1ac6ea7895bc3dd6f0f6f4abbdd2821,38,0.0,-16.81578947368421,0.0263157894736842,0.0,High volume high risk,0.10339090084030227
b1b3948701c5c72445495bd161b83a4c,14,0.6428571428571429,4.071428571428571,0.7142857142857143,6.428571428571429,High volume high risk,0.6353391521582523
b1fc4f64df5a0e8b6913ab38803c57a9,107,0.1214953271028037,-9.841121495327103,0.205607476635514,2.6728971962616823,High volume high risk,0.6401972441828069
b1fecf4da1fa2689bccffa0121953643,19,0.0,-21.68421052631579,0.0,0.0,High volume high risk,0.04493125823128289
b2479f944e1b90cf8a5de1bbfde284d6,101,0.1188118811881188,-8.227722772277227,0.297029702970297,3.564356435643564,High volume high risk,0.6851517370762347
b248792ac0b60ec3f93d80af1b4fae47,7,0.1428571428571428,-9.428571428571429,0.1428571428571428,0.1428571428571428,High volume high risk,0.3059222694928746
b26741d31a563d769b4af0465ab20c56,2,0.0,-18.0,0.0,0.0,High rate monitoring,0.014382177431523306
b274baf5bbd142410eb2958cf685d684,7,0.0,-22.714285714285715,0.1428571428571428,0.0,High volume high risk,0.10055202233767349
b29d3380981c51df13fc6fbe87e1763d,6,0.0,-9.666666666666666,0.1666666666666666,0.0,High rate monitoring,0.10037627761305193
b2a6d334e2833acea353624840e25a0e,25,0.0,-17.0,0.08,0.0,High volume high risk,0.1139734295533874
b2ac621f0d0322434d04a12b078b9369,30,0.1,-11.666666666666666,0.0666666666666666,0.2,High volume high risk,0.3112519951371996
b2ba3715d723d245138f291a6fe42594,324,0.0679012345679012,-9.842592592592592,0.1172839506172839,2.580246913580247,High volume high risk,0.4453512783173022
b2c97074649f92197d9387d9033dda5f,10,0.1,-9.2,0.0,0.0,High volume high risk,0.1032830636054797
b2eecf5ea250510da76590ca79d60e5d,9,0.0,-12.88888888888889,0.0,0.0,High volume high risk,0.03530834996432753
b2f4d63c7203f539a78252565ca32257,1,0.0,-11.0,0.0,0.0,High rate monitoring,0.005604665660905671
b32be1695eb7ec5f10f72d9610a12527,44,0.0454545454545454,-13.613636363636363,0.1136363636363636,0.2272727272727272,High volume high risk,0.34289562289562286
b335c59ab742f751a85db9c411a86739,30,0.0333333333333333,-11.733333333333333,0.0666666666666666,0.0666666666666666,High volume high risk,0.23952018029150465
b33aaadd1a8891d2dfef0c4c3bdf0371,16,0.125,-8.625,0.1875,0.375,High volume high risk,0.45752055823437854
b33e7c55446eabf8fe1a42d037ac7d6d,149,0.1140939597315436,-11.51006711409396,0.1275167785234899,2.167785234899329,High volume high risk,0.522079474414015
b347677812ea483b0f528eaf8cbc09b7,21,0.0,-17.0,0.0476190476190476,0.0,High volume high risk,0.09673165347409332
b372ee768ed69e46ca8cdbd267aa7a38,63,0.0,-19.19047619047619,0.0952380952380952,0.0,High volume high risk,0.14346715943573407
b37c4c02bda3161a7546a4e6d222d5b2,4,0.0,-5.5,0.75,0.0,High rate monitoring,0.10562869270957449
b3809b8d4394588a47c8470ea331e135,1,0.0,-8.0,0.0,0.0,High rate monitoring,0.005604665660905671
b39d7fe263ef469605dbb32608aee0af,43,0.0465116279069767,-15.27906976744186,0.1395348837209302,0.2790697674418604,High volume high risk,0.3763561852144622
b3b17aab11f273023a5f22ca52e1eb70,7,0.1428571428571428,-9.857142857142858,0.0,0.0,High volume high risk,0.09564244612571315
b3e2faf2c1004d674f16a3aa3197f0e1,3,0.0,-13.666666666666666,0.0,0.0,High rate monitoring,0.01976766622300808
b3f19518fcec265b2e97af287725f981,8,0.0,-13.0,0.0,0.0,High volume high risk,0.03345056507114092
b410bdd36d5db7a65dcd42b7ead933b8,42,0.0,-15.452380952380953,0.0,0.0,High volume high risk,0.05195535504653339
b416191c9813d821a295cfabafff4161,2,0.0,-8.5,0.5,0.0,High rate monitoring,0.0629624726501831
b43d8b707f887a30f4675391098354a0,3,0.3333333333333333,-5.333333333333333,0.3333333333333333,0.3333333333333333,High rate monitoring,0.2754296170561858
b44dbfbf62e52125f3c15d230569ea91,4,0.0,-9.0,0.0,0.0,High rate monitoring,0.023556294965854933
b452cb0ae35044c4a53179c39f49fb06,2,0.0,-9.0,0.0,0.0,High rate monitoring,0.014382177431523306
b45d7ebfb7378630f1bcd74b6ff86ff7,3,0.0,-12.333333333333334,0.0,0.0,High rate monitoring,0.01976766622300808
b494891378bd8f4560abe576c52deacd,19,0.0,-7.842105263157895,0.0526315789473684,0.0,High volume high risk,0.09627628800217482
b499c00f28f4b7069ff6550af8c1348a,147,0.1292517006802721,-11.408163265306122,0.1020408163265306,1.9387755102040816,High volume high risk,0.47854313829207973
b4a476fbd28de64b1e347abf9089366a,30,0.0666666666666666,-11.333333333333334,0.1,0.2,High volume high risk,0.3300555727371628
b4b447d715f9ab302a188fb43d3e96b3,5,0.0,-6.4,0.0,0.0,High rate monitoring,0.026583023162619634
b4f8921fcc4ff77b66bea6dda43dcd51,18,0.0555555555555555,-16.72222222222222,0.1111111111111111,0.1111111111111111,High volume high risk,0.30013438457859093
b4ffb71f0cb1b1c3d63fad021ecf93e1,143,0.0209790209790209,-14.86013986013986,0.1048951048951049,0.3146853146853147,High volume high risk,0.33096584897675485
b55638ad525e906c698fa2ce742c1742,11,0.1818181818181818,-9.636363636363637,0.0,0.0,High volume high risk,0.12055598080152687
b561927807645834b59ef0d16ba55a24,85,0.1411764705882353,-8.623529411764705,0.0941176470588235,1.1294117647058823,High volume high risk,0.4444472595369896
b566ab0ef88016e00422755e305103c6,5,0.2,-8.8,0.4,0.4,High rate monitoring,0.36372318635801953
b56828a9f9027f3c918c04ca720d9e3c,3,0.3333333333333333,-9.333333333333334,0.3333333333333333,0.3333333333333333,High rate monitoring,0.2754296170561858
b56906f7fd1696e043f1bcce164c487b,40,0.05,-14.675,0.2,0.4,High volume high risk,0.4471033410548936
b586cd24c010a13916af621b0325fbba,6,0.0,-14.333333333333334,0.1666666666666666,0.0,High rate monitoring,0.10037627761305193
b5abf4f36adc043117b4fca82c22984c,8,0.25,-3.25,0.375,0.75,High volume high risk,0.4650148371122563
b5b800c4065bebf4d3442311c9857344,1,0.0,-3.0,0.0,0.0,High rate monitoring,0.005604665660905671
b5bb2b985208834bd5bd86c7a402bbad,2,0.0,-19.0,0.0,0.0,High rate monitoring,0.014382177431523306
b5d034ac251546e25afe9067f05c1539,1,0.0,-19.0,0.0,0.0,High rate monitoring,0.005604665660905671
b5dd7151a92ccaaa282cbe9681a05f44,1,0.0,-6.0,0.0,0.0,High rate monitoring,0.005604665660905671
b5e3e38609125694d2ea2417522a60b7,16,0.125,-7.1875,0.0625,0.125,High volume high risk,0.2810666195563315
b5f0712d22a873b6797ab6cc65c3fcba,1,0.0,-4.0,0.0,0.0,High rate monitoring,0.005604665660905671
b5f49fe968dff6b112861e6cd8e192ef,1,0.0,-14.0,0.0,0.0,High rate monitoring,0.005604665660905671
b64d51f0435e884e8de603b1655155ae,17,0.1176470588235294,-10.647058823529411,0.1176470588235294,0.2352941176470588,High volume high risk,0.36899344188406535
b67d6c666e8dce1d078c882825e12704,7,0.0,-9.428571428571429,0.0,0.0,High volume high risk,0.03143622527122511
b6d44737c043328708f6749c2dbe50bd,61,0.0655737704918032,-13.9672131147541,0.081967213114754,0.3278688524590163,High volume high risk,0.32985319005619224
b6dc74ed30f124f95227bed4e43a3bed,9,0.1111111111111111,-10.88888888888889,0.0,0.0,High volume high risk,0.10153491327396486
b6e1504972665f739dec4facb9943775,14,0.0714285714285714,-9.0,0.1428571428571428,0.1428571428571428,High volume high risk,0.3387731144958639
b6f52e346160519c24a23af05410ad32,1,0.0,-3.0,0.0,0.0,High rate monitoring,0.005604665660905671
b74d1c09cb380e1d03a6f859c6f4224b,30,0.1333333333333333,-12.833333333333334,0.1,0.4,High volume high risk,0.3931033639287134
b76a1f8356322f12529c37b67d5c96c2,5,0.0,-11.2,0.0,0.0,High rate monitoring,0.026583023162619634
b76dba6c951ab00dc4edf0a1aa88037e,157,0.0318471337579617,-16.337579617834393,0.1019108280254777,0.5095541401273885,High volume high risk,0.34355842506049966
b76f4d90e85657a240495c876313adc5,1,0.0,-6.0,0.0,0.0,High rate monitoring,0.005604665660905671
b77a27b1864483e721dc831d5ba4afa0,1,0.0,-21.0,0.0,0.0,High rate monitoring,0.005604665660905671
b7ba853e9551f4558440881fd3e5c815,1,0.0,-26.0,1.0,0.0,High rate monitoring,0.02548405387010717
b7cc6c5e001441ae8cdd5c69a480cbe4,5,0.0,-14.6,0.0,0.0,High rate monitoring,0.026583023162619634
b7d5b4b87af9d42b601865d3f3810bff,1,0.0,-21.0,0.0,0.0,High rate monitoring,0.005604665660905671
b7e1750c1157341d2abd0251e07c186b,3,0.0,-18.333333333333332,0.0,0.0,High rate monitoring,0.01976766622300808
b7ed9fb14c8eadb37adb9c45d67ab0fb,7,0.0,-13.428571428571429,0.4285714285714285,0.0,High volume high risk,0.13540257773921008
b8114f2f589a6804810f04f99b36b498,8,0.0,-10.0,0.0,0.0,High volume high risk,0.03345056507114092
b81e3a6c866a764974fe849821abeebd,8,0.0,-7.0,0.0,0.0,High volume high risk,0.03345056507114092
b839e41795b7f3ad94cc2014a52f6796,33,0.0303030303030303,-12.787878787878787,0.1818181818181818,0.1818181818181818,High volume high risk,0.37787491167766424
b83cedfb587e7911540e3f576d6917ce,24,0.0416666666666666,-9.666666666666666,0.125,0.125,High volume high risk,0.31693202587839187
b8555308bfdb4ca1ed54325a58da9a97,26,0.0769230769230769,-10.884615384615383,0.1153846153846153,0.2307692307692307,High volume high risk,0.35933907369828305
b8578d2d823bd8e251f6fdd02b40902d,9,0.0,-22.22222222222222,0.1111111111111111,0.0,High volume high risk,0.09926878221157719
b8630e1121437d41cb08e3c749c2c2e2,12,0.0833333333333333,-9.583333333333334,0.1666666666666666,0.1666666666666666,High volume high risk,0.36223939104223435
b86a47b3366e3b5424a7b225781f4908,1,0.0,-14.0,0.0,0.0,High rate monitoring,0.005604665660905671
b87a7ea0c30fad2dd6781b74a0064859,9,0.2222222222222222,-7.111111111111111,0.3333333333333333,0.6666666666666666,High volume high risk,0.47464669722082237
b88e7c57cb2d8b973b7dd4a2bfa14b36,4,0.0,-15.5,0.0,0.0,High rate monitoring,0.023556294965854933
b8a0adc91af209270c2c725168eb00fd,6,0.0,-13.333333333333334,0.1666666666666666,0.0,High rate monitoring,0.10037627761305193
b8bc237ba3788b23da09c0f1f3a3288c,45,0.0222222222222222,-14.444444444444445,0.0666666666666666,0.0666666666666666,High volume high risk,0.24555664994902485
b8d890108a7a80e4f5d59eea9f362438,2,0.0,-2.5,0.0,0.0,High rate monitoring,0.014382177431523306
b906dd0e57f282c7089171b6ed07982e,2,0.0,-19.0,0.0,0.0,High rate monitoring,0.014382177431523306
b90e891671cffd9557f33a97dc523645,34,0.0,-16.029411764705884,0.088235294117647,0.0,High volume high risk,0.12543320014414802
b92e3c8f9738272ff7c59e111e108d7c,62,0.032258064516129,-43.403225806451616,0.1774193548387097,0.3548387096774194,High volume high risk,0.4140763612842822
b94cc9f10ddc85e4ba73a6f7974e7101,39,0.0512820512820512,-12.717948717948715,0.1282051282051282,0.2564102564102564,High volume high risk,0.3674500410774488
b98b715fe9e276204e2a3464f48cd796,4,0.0,-22.75,0.25,0.0,High rate monitoring,0.09258044243368588
b9a03475e6447e631b6799ec8274800f,10,0.0,-21.3,0.1,0.0,High volume high risk,0.09823884768165966
b9c0ffa92f3ff9a5a3d45ef7213c0842,3,0.0,-11.666666666666666,0.0,0.0,High rate monitoring,0.01976766622300808
b9ca8e8baa5d4aa038394a700f63e69f,14,0.0714285714285714,-9.071428571428571,0.0714285714285714,0.0714285714285714,High volume high risk,0.24444579568886615
b9de031b671cd48b28fae9d828cbf2b4,1,0.0,-13.0,0.0,0.0,High rate monitoring,0.005604665660905671
b9ec22de23f18567de0e09d776ca0309,2,0.0,-27.5,0.0,0.0,High rate monitoring,0.014382177431523306
ba143b05f0110f0dc71ad71b4466ce92,83,0.1204819277108433,-8.481927710843374,0.0843373493975903,0.8433734939759036,High volume high risk,0.40963675045870745
ba5daa4041e1f15cdf34b76e3e18a450,15,0.0,-10.933333333333334,0.1333333333333333,0.0,High volume high risk,0.12941370277500944
ba6b4a237f92479743cf0ca06b67a9ac,8,0.125,-5.25,0.125,0.125,High volume high risk,0.29557924009811715
ba6b68b55fe8704377a7d43c8e5c0185,5,0.0,-13.4,0.2,0.0,High rate monitoring,0.09830975284422638
ba6ce6de456f6c11d08c17701ba5c26f,6,0.0,-4.5,0.1666666666666666,0.0,High rate monitoring,0.10037627761305193
ba89796db68db180bd389de96b2ff3b6,2,0.0,-11.5,0.0,0.0,High rate monitoring,0.014382177431523306
ba8e85df286308fe68a2ce83a8f8b2d6,1,0.0,-21.0,0.0,0.0,High rate monitoring,0.005604665660905671
ba90964cff9b9e0e6f32b23b82465f7b,38,0.0526315789473684,-12.0,0.0526315789473684,0.1052631578947368,High volume high risk,0.2599995414166531
baa49d93c8c8841e27400a300f5d74b2,6,0.0,-9.833333333333334,0.0,0.0,High rate monitoring,0.02921314559567034
bab0a8cd684e41ba6e2637dca0979d3b,1,0.0,-10.0,0.0,0.0,High rate monitoring,0.005604665660905671
babcc0ab201e4c60188427cae51a5b8b,1,0.0,-11.0,0.0,0.0,High rate monitoring,0.005604665660905671
bac44fa8e13424950488659b5f765c41,1,0.0,-46.0,0.0,0.0,High rate monitoring,0.005604665660905671
bac692d6c0ed08467878018e6cc9c26c,1,0.0,-17.0,0.0,0.0,High rate monitoring,0.005604665660905671
bacb1f0ed56ad24198f5810d2b3fe9a5,38,0.0263157894736842,-13.342105263157896,0.0789473684210526,0.0789473684210526,High volume high risk,0.25582698445988755
baeda7047354773262ba2405f97038ba,1,0.0,-9.0,0.0,0.0,High rate monitoring,0.005604665660905671
baf15155e37ef5492731459bdc05be8a,1,0.0,-9.0,0.0,0.0,High rate monitoring,0.005604665660905671
bafc5aa11e413978be29040f51342e70,9,0.1111111111111111,-12.333333333333334,0.3333333333333333,0.3333333333333333,High volume high risk,0.4225238749430159
bb135baca94c82fcb731335ad5b04a03,18,0.0,-19.444444444444443,0.3888888888888889,0.0,High volume high risk,0.18906428815394172
bb2afe2061d53c6968aa0cffa233a8ec,5,0.0,-10.8,0.0,0.0,High rate monitoring,0.026583023162619634
bb3dca718920a4d7ec3cc9ffb025108b,2,0.0,-40.0,0.5,0.0,High rate monitoring,0.0629624726501831
bb5bd94c8f59cc050072d2930c869cac,16,0.0,-10.875,0.0625,0.0,High volume high risk,0.09488164976866811
bb5d956dece964a06c12bceb66b923ae,2,0.0,-13.5,0.0,0.0,High rate monitoring,0.014382177431523306
bb7a14e229b1c95156719c3d9552eeee,10,0.1,-10.6,0.1,0.1,High volume high risk,0.27555504712121387
bb7ad8a45c027be8ab075b8e465f8ca0,2,0.0,-14.0,0.0,0.0,High rate monitoring,0.014382177431523306
bba3293d6f5d5af2f415e004e8b93ae3,17,0.0588235294117647,-9.0,0.1176470588235294,0.1176470588235294,High volume high risk,0.30883470478916525
bba74270a87732727b5a3b4fd9ac1c39,35,0.0,-16.0,0.1428571428571428,0.0,High volume high risk,0.1613773160625211
bba8d0c234a52b87b3957037a215d1a4,1,0.0,-10.0,0.0,0.0,High rate monitoring,0.005604665660905671
bbad7e518d7af88a0897397ffdca1979,68,0.1617647058823529,-9.382352941176473,0.3970588235294117,4.367647058823529,High volume high risk,0.7330947060495633
bbaff50f3b708fda865918715276cd87,12,0.1666666666666666,-9.166666666666666,0.0,0.0,High volume high risk,0.1232283616814107
bbd3acfe6de99892e73940d3fdceaf68,2,0.0,-8.0,0.5,0.0,High rate monitoring,0.0629624726501831
bbe87dce25ba8b38bb61cc7210a3f10b,2,0.0,-17.0,0.0,0.0,High rate monitoring,0.014382177431523306
bbf4a892cac7b82422baa711dffb8997,1,0.0,-29.0,0.0,0.0,High rate monitoring,0.005604665660905671
bbf9ad41dca6603e614efcdad7aab8c4,14,0.0,-21.714285714285715,0.0714285714285714,0.0,High volume high risk,0.09531813310753812
bc07d855eac23aab5ac8a120f21d16b2,11,0.1818181818181818,-10.363636363636363,0.0909090909090909,0.1818181818181818,High volume high risk,0.3066742133810757
bc2ac6b95e1accce9858528ee566c17e,18,0.0,-10.055555555555555,0.1111111111111111,0.0,High volume high risk,0.12462149513821114
bc302730ea8cf49b5c74f579febb5bbf,11,0.0909090909090909,-10.090909090909092,0.1818181818181818,0.1818181818181818,High volume high risk,0.3720585149526074
bc30de0d71bd6260b936a026b5cf7200,3,0.0,-20.333333333333332,0.0,0.0,High rate monitoring,0.01976766622300808
bc39d8938f90a3a2b98193723ed59774,2,0.0,-13.0,0.0,0.0,High rate monitoring,0.014382177431523306
bc47d5d1490df2b36add65d733eafaba,21,0.0952380952380952,-12.238095238095235,0.2857142857142857,0.5714285714285714,High volume high risk,0.5143263463976911
bc503e244f187939d10c92a5c8e378ce,6,0.0,-11.333333333333334,0.3333333333333333,0.0,High rate monitoring,0.1215665732933869
bc8c8d665ec4664d286be0d521722b19,1,1.0,4.0,1.0,1.0,High rate monitoring,0.08845084106949393
bca9230d3bbb4efa51872bf605a2f1ad,5,0.2,-5.0,0.2,0.2,High rate monitoring,0.31422044751154027
bcc9dd23e2a8bd8267cf92b19304a1b9,3,0.6666666666666666,0.0,0.6666666666666666,1.3333333333333333,High rate monitoring,0.3035185463449926
bccf933e006e9b94a6184af782963e77,45,0.0222222222222222,-13.266666666666667,0.0666666666666666,0.0666666666666666,High volume high risk,0.24555664994902485
bcd2d7510d58e293f20fad6438c1b314,1,1.0,4.0,0.0,0.0,High rate monitoring,0.019452846636849968
bce6a5ecf98e99fd2a8868b15c51f04b,14,0.1428571428571428,-8.642857142857142,0.2142857142857142,0.4285714285714285,High volume high risk,0.476474910998225
bd0389da23d89b726abf911cccc54596,87,0.0689655172413793,-12.505747126436782,0.1149425287356321,0.6896551724137931,High volume high risk,0.41329441234093817
bd0a1b0aadca9a83d9304f7e8ff5fbd5,4,0.0,-7.25,0.0,0.0,High rate monitoring,0.023556294965854933
bd149ed516d4c5d418d5781f8e18919f,8,0.0,-7.0,0.0,0.0,High volume high risk,0.03345056507114092
bd15ee794d5e640d9dd71b665b2ab15b,12,0.1666666666666666,-14.25,0.1666666666666666,0.3333333333333333,High volume high risk,0.4234122683374461
bd1d49a326abfa9b1036772e40445430,12,0.0833333333333333,-12.083333333333334,0.0833333333333333,0.0833333333333333,High volume high risk,0.25755065305757413
bd23da7354813347129d751591d1a6e2,86,0.0232558139534883,-10.093023255813954,0.1511627906976744,0.3023255813953488,High volume high risk,0.38833757887459885
bd43e172d599bed47a85da877172ca8c,1,0.0,-8.0,0.0,0.0,High rate monitoring,0.005604665660905671
bd4431c1a8dfa744b59e1e2a8bc99b9e,7,0.0,-10.571428571428571,0.0,0.0,High volume high risk,0.03143622527122511
bd4889b5e9133b35b66e42a8665cea5c,36,0.0,-13.694444444444445,0.0833333333333333,0.0,High volume high risk,0.12396815066321863
bd4ff04377f974574f7f0bf9d6ce7dde,4,0.25,-23.75,0.25,0.25,High rate monitoring,0.3025640151663063
bd65d163ded559eb90a10cd09fec178f,1,0.0,-17.0,0.0,0.0,High rate monitoring,0.005604665660905671
bd697db56ff8e7c9cd1abeb7f72029b2,21,0.0,-12.666666666666666,0.0952380952380952,0.0,High volume high risk,0.11983759499219658
bdae679a9b282249bc23b9b69dae9a99,6,0.0,-20.666666666666668,0.3333333333333333,0.0,High rate monitoring,0.1215665732933869
bdb3edbaee43a761e2d4f258dc08f348,5,0.2,-10.8,0.2,0.2,High rate monitoring,0.31422044751154027
bdf0d02d36a1d839d0c39c4a887cdd49,5,0.0,-23.6,0.0,0.0,High rate monitoring,0.026583023162619634
be1e9e378700cecaa4ebf71433d7915c,2,1.0,23.5,0.5,1.0,High rate monitoring,0.2185320942307474
be3b4b0f050a6aa1b2d901c4b77e979f,3,0.0,-14.333333333333334,0.3333333333333333,0.0,High rate monitoring,0.08226048224997312
be67f78487e2cecb0d55bc769709e4f5,1,0.0,-17.0,0.0,0.0,High rate monitoring,0.005604665660905671
be7a093e5b4d147b36b72bb1f9e415e5,1,0.0,-22.0,0.0,0.0,High rate monitoring,0.005604665660905671
be8e909810184b9b19e886129149d8e5,15,0.1333333333333333,-7.4,0.2,0.4,High volume high risk,0.46692787738624897
be9a160a9011f627c3e121d076c1ec7b,5,0.0,-17.4,0.0,0.0,High rate monitoring,0.026583023162619634
beadbee30901a7f61d031b6b686095ad,64,0.234375,-9.453125,0.1875,2.8125,High volume high risk,0.6439205519047144
bec568278124768c474ee90971ca94d1,2,0.0,-13.0,0.0,0.0,High rate monitoring,0.014382177431523306
bede56095ba33c42038fb85f707b8a42,2,0.0,-18.0,0.0,0.0,High rate monitoring,0.014382177431523306
bee36b4f9a2b9fdcaff6ec05df202ed0,1,0.0,-13.0,0.0,0.0,High rate monitoring,0.005604665660905671
bf00385a5f7fc1ef39a13c2e9ee50a5f,28,0.0,-10.821428571428571,0.0714285714285714,0.0,High volume high risk,0.11179465649534606
bf0045791395e66460eb04749c68672a,2,0.0,-21.5,0.0,0.0,High rate monitoring,0.014382177431523306
bf100ecb7997df312b285358fb32f92c,20,0.0,-16.6,0.0,0.0,High volume high risk,0.04542179693903441
bf3c6d2a28b2b5501e6c15448982dcc9,35,0.0285714285714285,-11.942857142857145,0.0285714285714285,0.0285714285714285,High volume high risk,0.2160896969406872
bf84056e679dbe9c69929847a40e338f,35,0.0571428571428571,-6.6571428571428575,0.1714285714285714,0.3428571428571428,High volume high risk,0.429062572293008
bf961104a38e01b9062ee026bb657dee,4,0.0,-25.75,0.0,0.0,High rate monitoring,0.023556294965854933
bfd27a966d91cfaafdb25d076585f0da,114,0.0526315789473684,-15.473684210526317,0.1052631578947368,0.631578947368421,High volume high risk,0.3776381313617991
bfd938b22bc99bce1ae60dc602889f52,4,0.0,-20.75,0.0,0.0,High rate monitoring,0.023556294965854933
bff9deb0ec77d437f3305a79cf25529e,5,0.0,-13.2,0.2,0.0,High rate monitoring,0.09830975284422638
c003204e1ab016dfa150abc119207b24,195,0.0512820512820512,-11.528205128205128,0.0461538461538461,0.4615384615384615,High volume high risk,0.2975852460598915
c00396cbdd2e088fe4281baa5920aef1,1,0.0,-10.0,0.0,0.0,High rate monitoring,0.005604665660905671
c004e5ea15737026cecaee0447e00b75,1,1.0,15.0,1.0,1.0,High rate monitoring,0.08845084106949393
c0098efcf800861dcae589affca31408,9,0.0,-11.0,0.0,0.0,High volume high risk,0.03530834996432753
c013e57c075a06e5b5c48ee03c525719,42,0.0476190476190476,-11.761904761904765,0.0952380952380952,0.1904761904761904,High volume high risk,0.3143570308396347
c026ef0d72e9132d9fa112308090c8dc,1,0.0,-7.0,0.0,0.0,High rate monitoring,0.005604665660905671
c03121937e54a93fcc1825c3098bbb6e,7,0.0,-16.428571428571427,0.0,0.0,High volume high risk,0.03143622527122511
c04d70d515d15a7e3db3a73320598566,3,0.0,-20.666666666666668,0.0,0.0,High rate monitoring,0.01976766622300808
c0563dd588b775f2e37747ef6ad6c92c,28,0.1071428571428571,-9.107142857142858,0.1428571428571428,0.4285714285714285,High volume high risk,0.44097371059505025
c092292535a57dacd95a8765f5518f87,1,0.0,-17.0,0.0,0.0,High rate monitoring,0.005604665660905671
c0aff2da32c17759d30b22fb0af6649d,4,0.0,-17.0,0.0,0.0,High rate monitoring,0.023556294965854933
c0e0b73d039eb9a99b6ce4cb7a429cd3,1,0.0,-13.0,0.0,0.0,High rate monitoring,0.005604665660905671
c0e6839516f5398edc34adf5f1d53d1a,1,0.0,-18.0,0.0,0.0,High rate monitoring,0.005604665660905671
c0f3eea2e14555b6faeea3dd58c1b1c3,1,0.0,-16.0,0.0,0.0,High rate monitoring,0.005604665660905671
c0f783394e37cd9c9d7f5f81141450fa,6,0.0,-13.166666666666666,0.1666666666666666,0.0,High rate monitoring,0.10037627761305193
c113b8df1fc375bc3d73d29c1b1144d1,3,0.0,-21.666666666666668,0.0,0.0,High rate monitoring,0.01976766622300808
c12b92bf1c350f3e6bf88d3596219c86,17,0.0588235294117647,-13.117647058823527,0.2352941176470588,0.2352941176470588,High volume high risk,0.412055302426251
c12d7463a579237ffb9248bd7cff378b,1,0.0,-42.0,0.0,0.0,High rate monitoring,0.005604665660905671
c13ef0cfbe42f190780f621ce81f2234,1,1.0,6.0,0.0,0.0,High rate monitoring,0.019452846636849968
c13fb473e7cb8b83ccd543c094df0608,2,0.0,-20.5,0.0,0.0,High rate monitoring,0.014382177431523306
c1552b1dab6e6f760950368ae61fb600,2,0.0,-1.0,0.5,0.0,High rate monitoring,0.0629624726501831
c157bdeedcbc9a8e3c8bf0d87ff24428,7,0.0,-13.285714285714286,0.0,0.0,High volume high risk,0.03143622527122511
c161d1327ebc3a156c09582ab2f59f6c,2,0.0,-11.0,0.0,0.0,High rate monitoring,0.014382177431523306
c18309219e789960add0b2255ca4b091,1,0.0,-9.0,0.0,0.0,High rate monitoring,0.005604665660905671
c1849d4d32d7a6cecd5aa471809d3135,3,0.0,-2.6666666666666665,0.0,0.0,High rate monitoring,0.01976766622300808
c1d1ebb4745cc43cb6f05e9c8a705c9a,1,1.0,5.0,1.0,1.0,High rate monitoring,0.08845084106949393
c1dde11f12d05c478f5de2d7319ad3b2,1,0.0,-9.0,1.0,0.0,High rate monitoring,0.02548405387010717
c1ed9e3daf6154542826a6996af0fb8c,8,0.125,-7.875,0.125,0.125,High volume high risk,0.29557924009811715
c1f12f926d0ba950578b4fa41115cbb6,2,0.5,15.5,0.0,0.0,High rate monitoring,0.048994323943215214
c240c4061717ac1806ae6ee72be3533b,1,0.0,-15.0,0.0,0.0,High rate monitoring,0.005604665660905671
c24173065483e421f9e5e7f599de101d,9,0.1111111111111111,-6.0,0.2222222222222222,0.2222222222222222,High volume high risk,0.38841633619388727
c26a2be5b53b7db6b276280da212a779,13,0.0,-11.384615384615383,0.3846153846153846,0.0,High volume high risk,0.17279716859327784
c26ba52cf8d2f34915f2f6b7ffa0a3f3,3,0.0,-14.0,0.0,0.0,High rate monitoring,0.01976766622300808
c273175f7c6c80fb02f051e2fc6d0d72,14,0.0714285714285714,-12.357142857142858,0.2142857142857142,0.2142857142857142,High volume high risk,0.40163060481585805
c286ec035ee04ba81c97508f0b5df544,1,0.0,-9.0,0.0,0.0,High rate monitoring,0.005604665660905671
c2bda99904207edd1834f03e0022b007,1,0.0,-7.0,0.0,0.0,High rate monitoring,0.005604665660905671
c2d70ce2c5d0a2eb75e78668236e6dc8,13,0.0,-12.923076923076923,0.0,0.0,High volume high risk,0.040526846855301155
c31eff8334d6b3047ed34bebd4d62c36,120,0.1166666666666666,-10.25,0.175,2.4499999999999997,High volume high risk,0.5984842378865041
c3251e13f1bbda6c74e37c160f991e19,2,0.0,-30.0,0.0,0.0,High rate monitoring,0.014382177431523306
c32fc744b9160ac853450488e3cfea93,2,0.0,-13.0,0.5,0.0,High rate monitoring,0.0629624726501831
c33847515fa6305ce6feb1e818569f13,114,0.0350877192982456,-15.535087719298245,0.2105263157894736,0.8421052631578947,High volume high risk,0.47900962902882205
c33a5c3c983090c8b78a28e65052a20d,8,0.0,-14.75,0.25,0.0,High volume high risk,0.1314666894107059
c353f8fc0ce8344999f17d578eb69a5e,2,0.0,-33.5,0.0,0.0,High rate monitoring,0.014382177431523306
c35672b10ad50968f567ea3f4b91e877,18,0.0555555555555555,-12.11111111111111,0.0555555555555555,0.0555555555555555,High volume high risk,0.23114654176568633
c35affa65afd250151285c5917fc1c8a,8,0.125,-7.125,0.125,0.125,High volume high risk,0.29557924009811715
c360e4787614ed31ac7a2f95d3b22dc6,1,0.0,-17.0,1.0,0.0,High rate monitoring,0.02548405387010717
c37b2059d4f90d4feead554e5246565e,12,0.25,-6.166666666666667,0.4166666666666667,1.25,High volume high risk,0.5549299689332112
c3867b4666c7d76867627c2f7fb22e21,228,0.1096491228070175,-9.758771929824562,0.1535087719298245,3.8377192982456143,High volume high risk,0.5723050699186921
c394e193cda3b4225ff2094d32184849,2,0.0,-11.0,0.0,0.0,High rate monitoring,0.014382177431523306
c398bc00a606d33758afd91f4e64fd15,2,0.0,-28.0,0.0,0.0,High rate monitoring,0.014382177431523306
c3aad7dc65449ae90a5e9c3c6c1e78e0,6,0.0,-13.833333333333334,0.0,0.0,High rate monitoring,0.02921314559567034
c3acdfac4e3e97ff87529454fbc03642,12,0.0833333333333333,-9.5,0.0833333333333333,0.0833333333333333,High volume high risk,0.25755065305757413
c3cfdc648177fdbbbb35635a37472c53,278,0.014388489208633,-16.18345323741007,0.0755395683453237,0.302158273381295,High volume high risk,0.28816003314442246
c3e1abd72a42fe690fcd89cf5720fe29,13,0.0,-11.384615384615383,0.0769230769230769,0.0,High volume high risk,0.0958307441543506
c3e2398fcc7e581cda2e546557bf6968,1,0.0,-14.0,0.0,0.0,High rate monitoring,0.005604665660905671
c3ee2331a724e6fc02c4b698b57a73f3,2,0.0,-9.0,0.0,0.0,High rate monitoring,0.014382177431523306
c3f5668699a1b04c0fa61ecea1e2bff6,3,0.0,-5.333333333333333,0.0,0.0,High rate monitoring,0.01976766622300808
c3fe93ba3085f92855c97e57f38c8c05,6,0.0,-11.166666666666666,0.0,0.0,High rate monitoring,0.02921314559567034
c42fd8e4d47dfb18ce5222f2dd7752f9,7,0.2857142857142857,0.4285714285714285,0.1428571428571428,0.2857142857142857,High volume high risk,0.33223051811864185
c43d924a0f1688ee9fae0efcd6f539d4,1,0.0,-32.0,0.0,0.0,High rate monitoring,0.005604665660905671
c447f8dd3ed213f291d65ef074a268eb,7,0.0,-17.428571428571427,0.2857142857142857,0.0,High volume high risk,0.12693991663050946
c458e2045a8aa8964f8879af03fdcce6,4,0.0,-18.75,0.5,0.0,High rate monitoring,0.10312503684431294
c4af86330efa7a2620772227d2d670c9,4,0.0,-18.75,0.0,0.0,High rate monitoring,0.023556294965854933
c4d51195486dc781531876a7d00453d8,17,0.2941176470588235,-12.823529411764708,0.1176470588235294,0.5882352941176471,High volume high risk,0.41828191212765914
c4f7fee5b0db50e87766f5a4d1b1b758,5,0.0,-15.6,0.2,0.0,High rate monitoring,0.09830975284422638
c4fabeea6e569d42d02993bb1f4f1cbc,11,0.0909090909090909,-5.2727272727272725,0.1818181818181818,0.1818181818181818,High volume high risk,0.3720585149526074
c4fb51fb1c5b7c07bc5e67be6e7e8f6e,15,0.1333333333333333,-10.8,0.2,0.4,High volume high risk,0.46692787738624897
c500367424994318b9e779ff1ae9a330,9,0.1111111111111111,-12.22222222222222,0.2222222222222222,0.2222222222222222,High volume high risk,0.38841633619388727
c510bc1718f0f2961eaa42a23330681a,12,0.0,-9.916666666666666,0.1666666666666666,0.0,High volume high risk,0.13569983368624097
c522be04e020c1e7b79f3acff36513d5,6,0.3333333333333333,-6.333333333333333,0.1666666666666666,0.3333333333333333,High rate monitoring,0.33608603971559287
c52c644cc0dc85121207a27013efc6af,1,0.0,-5.0,0.0,0.0,High rate monitoring,0.005604665660905671
c53bcd3be457a342a97e39e5a9f0be22,5,0.0,-20.6,0.4,0.0,High rate monitoring,0.11379761195603968
c54679b132454625907c773d273d4126,7,0.0,-13.0,0.0,0.0,High volume high risk,0.03143622527122511
c5e60e39c0f42b8e827daa13cff74afa,6,0.0,-5.5,0.0,0.0,High rate monitoring,0.02921314559567034
c5ebe6598748b0aeaa61cfb820478b92,3,0.0,-19.0,0.0,0.0,High rate monitoring,0.01976766622300808
c5f7e746b7e6d07def6c0dae9903279b,10,0.0,-17.6,0.0,0.0,High volume high risk,0.036821714062709884
c5f7feb04a6a1fb3596322bfc3cf1917,11,0.0909090909090909,-8.636363636363637,0.1818181818181818,0.1818181818181818,High volume high risk,0.3720585149526074
c60b801f2d52c7f7f91de00870882a75,39,0.1538461538461538,-10.666666666666666,0.282051282051282,1.6923076923076923,High volume high risk,0.6364563764193648
c611f4ce9ce875bcc063fa97fd4d7d12,1,1.0,1.0,0.0,0.0,High rate monitoring,0.019452846636849968
c6218512d16fcac0af02fe92691cf274,8,0.0,-11.875,0.125,0.0,High volume high risk,0.09978077788870196
c6381b1321d7d97717a5bb4ed5b77882,2,0.0,-6.5,0.5,0.0,High rate monitoring,0.0629624726501831
c6381d2d013342748761e906d45aff76,15,0.0,-16.466666666666665,0.2666666666666666,0.0,High volume high risk,0.1680811858280569
c64a2aec32cc408a8a4c6d7c46017f91,9,0.0,-12.22222222222222,0.1111111111111111,0.0,High volume high risk,0.09926878221157719
c66dccfb3f109511246da627dd5a2498,44,0.0454545454545454,-14.977272727272728,0.0681818181818181,0.1363636363636363,High volume high risk,0.2735720844811754
c679fb69a36e1d8349e8c50a217b4d58,14,0.0714285714285714,-9.642857142857142,0.2142857142857142,0.2142857142857142,High volume high risk,0.40163060481585805
c68fb906c8f4b4b946d8386bfa6e5467,45,0.0222222222222222,-13.22222222222222,0.0666666666666666,0.0666666666666666,High volume high risk,0.24555664994902485
c6a7539d424a8402232c2228d7a03c5e,10,0.1,-10.2,0.4,0.4,High volume high risk,0.44213804885573077
c6bda72e4dbf5c5866b13cb1810c6d03,59,0.0338983050847457,-12.271186440677964,0.0847457627118644,0.1694915254237288,High volume high risk,0.2909009155940591
c70a353f02429c00775a46a75fb787da,6,0.0,-11.166666666666666,0.0,0.0,High rate monitoring,0.02921314559567034
c70c1b0d8ca86052f45a432a38b73958,260,0.0538461538461538,-8.988461538461538,0.0884615384615384,1.2384615384615385,High volume high risk,0.36304669656428545
c714262700f93defc16bf17a51a4cb23,4,0.0,-10.5,0.25,0.0,High rate monitoring,0.09258044243368588
c716e0b86ed568878475b60fbb6323ad,1,0.0,-9.0,0.0,0.0,High rate monitoring,0.005604665660905671
c7246702dc991a06d788120dc7544391,1,0.0,-4.0,0.0,0.0,High rate monitoring,0.005604665660905671
c72de06d72748d1a0dfb2125be43ba63,21,0.0,-18.571428571428573,0.0476190476190476,0.0,High volume high risk,0.09673165347409332
c731d18cea9bf687ffee82a241c25b11,24,0.0,-16.541666666666668,0.1666666666666666,0.0,High volume high risk,0.16209388167595382
c747d5b92c7648417faea95d36d763e8,1,0.0,-15.0,0.0,0.0,High rate monitoring,0.005604665660905671
c74f14c1e26cf1bd5bd34b6a1e274426,1,0.0,-26.0,0.0,0.0,High rate monitoring,0.005604665660905671
c76d418370990614e89e956c7a7567d9,2,0.0,-15.5,0.0,0.0,High rate monitoring,0.014382177431523306
c79151301b9d90985d1fa52879213105,3,0.0,-17.666666666666668,0.0,0.0,High rate monitoring,0.01976766622300808
c794dab4928dd97beb41d05514441e86,16,0.125,-7.4375,0.0625,0.125,High volume high risk,0.2810666195563315
c7a0a13cbcf29d5ce51c8f80afdc0b89,8,0.0,-14.125,0.125,0.0,High volume high risk,0.09978077788870196
c7b7db6c8f3c64a7cc1afa634db21d50,1,1.0,16.0,1.0,1.0,High rate monitoring,0.08845084106949393
c7bb64409aa480bb7d0335faaaf3d242,4,0.0,-17.75,0.5,0.0,High rate monitoring,0.10312503684431294
c7c7b2682c648339a0e9846bb1023a39,2,0.0,-11.5,0.0,0.0,High rate monitoring,0.014382177431523306
c7dcd301ecfe5ab7f778ac172cf74be7,3,0.0,-29.0,0.3333333333333333,0.0,High rate monitoring,0.08226048224997312
c7fdb77fdbff3c41981bc52f787e959e,9,0.1111111111111111,-6.333333333333333,0.3333333333333333,0.3333333333333333,High volume high risk,0.4225238749430159
c8025364abeecb115431bf95c11a747f,2,0.0,-1.5,0.0,0.0,High rate monitoring,0.014382177431523306
c8143b3069f6746a77421b5ce30a450c,1,0.0,-7.0,0.0,0.0,High rate monitoring,0.005604665660905671
c826c40d7b19f62a09e2d7c5e7295ee2,346,0.0751445086705202,-9.852601156069364,0.1416184971098266,3.682080924855492,High volume high risk,0.5008211401655381
c840d3fdbba0790404fdae73d253b253,9,0.0,-17.77777777777778,0.2222222222222222,0.0,High volume high risk,0.135070189041194
c8417879a15366a17c30af34c798c332,25,0.04,-11.44,0.08,0.08,High volume high risk,0.25467722148877137
c84592044b180dec206770c38603814b,14,0.0,-13.285714285714286,0.0714285714285714,0.0,High volume high risk,0.09531813310753812
c8467937e403e76a8ee9f0ab13f6f5ef,30,0.1333333333333333,-9.266666666666667,0.1333333333333333,0.5333333333333333,High volume high risk,0.4533433967261638
c847e075301870dd144a116762eaff9a,41,0.073170731707317,-10.24390243902439,0.1463414634146341,0.4390243902439024,High volume high risk,0.4365197948719358
c864036feaab8c1659f65ea4faebe1da,58,0.0344827586206896,-13.362068965517242,0.0517241379310344,0.1034482758620689,High volume high risk,0.2513180996174795
c8660dcf9ba70575f45d80fe28c27713,4,0.25,-9.0,0.0,0.0,High rate monitoring,0.07698480370102029
c8665a4dd081a2c436b1cd921079d0d9,1,0.0,-24.0,0.0,0.0,High rate monitoring,0.005604665660905671
c8771b1a10bb99bb34d3c459c5cffb53,1,0.0,-16.0,0.0,0.0,High rate monitoring,0.005604665660905671
c878515173c84a492ebe50d6b493230b,9,0.2222222222222222,-12.11111111111111,0.2222222222222222,0.4444444444444444,High volume high risk,0.43633163012600207
c87abc38c8ed3240861729e1aeadf221,1,0.0,-31.0,1.0,0.0,High rate monitoring,0.02548405387010717
c89cf7c468a48af70aada384e722f9e2,14,0.0714285714285714,-10.214285714285714,0.1428571428571428,0.1428571428571428,High volume high risk,0.3387731144958639
c8b0e2b0a7095e5d8219575d5e7e1181,84,0.0714285714285714,-10.821428571428571,0.1428571428571428,0.8571428571428571,High volume high risk,0.4645395297585437
c8b3445d737de6befde0c88ede534a5e,30,0.0333333333333333,-11.833333333333334,0.0666666666666666,0.0666666666666666,High volume high risk,0.23952018029150465
c8c1bea22194a4eefa2dc9a9fa89f536,7,0.0,-25.571428571428573,0.0,0.0,High volume high risk,0.03143622527122511
c8cc60ffd415254af5d9b9f34f32c369,8,0.0,-12.375,0.0,0.0,High volume high risk,0.03345056507114092
c8e135e7b21ecbc36c1153a29d2f5a06,7,0.0,-11.0,0.0,0.0,High volume high risk,0.03143622527122511
c963a25b8671419c6ce9eebe8fd03218,1,0.0,-15.0,0.0,0.0,High rate monitoring,0.005604665660905671
c97aa4ee7420f937da13b7f9e2228b99,1,0.0,-28.0,1.0,0.0,High rate monitoring,0.02548405387010717
c990d6cf976a5718aaedc539f383ab88,8,0.375,-1.5,0.25,0.75,High volume high risk,0.4441358458406464
c9a06ece156bb057372c68718ec8909b,11,0.0,-32.90909090909091,0.2727272727272727,0.0,High volume high risk,0.15285519890623253
c9aafcd0621b2207c10e32c649cada4d,40,0.075,-10.15,0.1,0.3,High volume high risk,0.35731559048732325
c9c7905cffc4ef9ff9f113554423e671,127,0.0787401574803149,-10.133858267716535,0.1102362204724409,1.1023622047244095,High volume high risk,0.4290019601250825
c9d2ba8dde44a275ae06475ed1d2fafc,1,0.0,-20.0,0.0,0.0,High rate monitoring,0.005604665660905671
c9e5ad1f6647f5dbd1172adf6ae3cada,4,0.0,-22.75,0.0,0.0,High rate monitoring,0.023556294965854933
ca3bd7cd9f149df75950150d010fe4a2,68,0.0147058823529411,-16.5,0.1470588235294117,0.1470588235294117,High volume high risk,0.36665973872391305
ca4b77513ac2040591b0d8fae6958380,14,0.1428571428571428,-3.2142857142857144,0.0714285714285714,0.1428571428571428,High volume high risk,0.28999853932481984
ca5832c6960267b71041f74bb39e8b12,1,1.0,14.0,1.0,1.0,High rate monitoring,0.08845084106949393
ca77545ca4d2dfd1431bf61334e2fa3c,6,0.0,-13.666666666666666,0.0,0.0,High rate monitoring,0.02921314559567034
ca7c6bd577e559472af1c699de9e764e,6,0.0,-8.333333333333334,0.1666666666666666,0.0,High rate monitoring,0.10037627761305193
caa9bc43a9fe8cf9c564ddd8a03cc4a6,13,0.0,-11.692307692307692,0.0,0.0,High volume high risk,0.040526846855301155
cab85505710c7cb9b720bceb52b01cee,201,0.0199004975124378,-15.71641791044776,0.0646766169154228,0.2587064676616915,High volume high risk,0.27624334308863097
cac4c8e7b1ca6252d8f20b2fc1a2e4af,74,0.1756756756756756,-6.756756756756757,0.2837837837837837,3.689189189189189,High volume high risk,0.7078502090592693
cac4e0bc1a3269fa2b6ea5e763f6115b,2,0.0,-12.0,0.0,0.0,High rate monitoring,0.014382177431523306
cac63f48c38cd7d002a7e846dcd99a23,10,0.0,-12.7,0.0,0.0,High volume high risk,0.036821714062709884
cac876b37d3abcd6bd76caca30277996,27,0.0,-16.48148148148148,0.037037037037037,0.0,High volume high risk,0.09880464772160914
cad10cc982ab6a391570c211b995c17c,1,0.0,-14.0,0.0,0.0,High rate monitoring,0.005604665660905671
cad9969167c09b48ae6f1d123f7fa68d,1,0.0,-11.0,0.0,0.0,High rate monitoring,0.005604665660905671
cb0b3bcf14e0a709df412a99424a59d7,2,0.0,-10.0,0.0,0.0,High rate monitoring,0.014382177431523306
cb162c8eef257253782d245c08d9097c,1,0.0,-8.0,0.0,0.0,High rate monitoring,0.005604665660905671
cb32766839f443db85c82a43c4a6c19e,2,0.0,-9.0,0.5,0.0,High rate monitoring,0.0629624726501831
cb3dd9ce66268c7a3ca7241ac70ab58c,48,0.0416666666666666,-13.083333333333334,0.125,0.25,High volume high risk,0.3560577051793084
cb41bfbcbda0aea354a834ab222f9a59,11,0.3636363636363636,9.545454545454543,0.3636363636363636,1.4545454545454546,High volume high risk,0.5467003892328263
cb4a705d00e100b9732d0ca34817d441,1,0.0,-2.0,1.0,0.0,High rate monitoring,0.02548405387010717
cb5df0dcb9e280b1780e9d589889f2c7,11,0.1818181818181818,-15.454545454545457,0.2727272727272727,0.5454545454545454,High volume high risk,0.4830656639564672
cb5ff1b9715e99589f3e0c7a6afab9e3,4,0.0,-12.25,0.0,0.0,High rate monitoring,0.023556294965854933
cb6c9f5888a7a090c75beaf615925792,11,0.0,-11.181818181818182,0.1818181818181818,0.0,High volume high risk,0.13595678291872842
cb810bd318f51b3dc3c753944d61a1fa,1,0.0,-27.0,0.0,0.0,High rate monitoring,0.005604665660905671
cb8bcce248bb1fb274ba762d8b971456,66,0.0151515151515151,-11.969696969696969,0.0454545454545454,0.0454545454545454,High volume high risk,0.2345623359397464
cb9fb4ca75d7ba8437480e8dde64fe98,10,0.0,-11.7,0.2,0.0,High volume high risk,0.13617463998210863
cbbd5ae8f53de5f5097cd8217b529e24,1,0.0,-18.0,0.0,0.0,High rate monitoring,0.005604665660905671
cbd996ad3c1b7dc71fd0e5f5df9087e2,160,0.08125,-10.89375,0.1125,1.4625,High volume high risk,0.450676372266006
cbf09e831b0c11f6f23ffb51004db972,10,0.0,-13.5,0.0,0.0,High volume high risk,0.036821714062709884
cc1f04647be106ba74e62b21f358af25,1,0.0,-6.0,1.0,0.0,High rate monitoring,0.02548405387010717
cc3d14116804f7209f3884f6367f1152,27,0.0,-17.22222222222222,0.037037037037037,0.0,High volume high risk,0.09880464772160914
cc419e0650a3c5ba77189a1882b7556a,1651,0.052695336159903,-12.993337371290128,0.1290127195639006,11.224106602059358,High volume high risk,0.449436174332364
cc5a78bbad32776dc4e3af205218368c,33,0.0303030303030303,-16.87878787878788,0.0909090909090909,0.0909090909090909,High volume high risk,0.26971089146518523
cc63f0dd2acba93ffed4fe9f8e0321fa,55,0.0,-11.872727272727271,0.0909090909090909,0.0,High volume high risk,0.13707746018667097
cc80e2f693fa6e2408f47ccf62413fc1,2,0.0,-17.0,0.0,0.0,High rate monitoring,0.014382177431523306
cca3071e3e9bb7d12640c9fbe2301306,699,0.0486409155937052,-14.852646638054363,0.1874105865522174,6.371959942775393,High volume high risk,0.5168634548044813
ccada0ef508e698917a6eab263375905,3,0.0,-22.666666666666668,0.3333333333333333,0.0,High rate monitoring,0.08226048224997312
ccb83a794700270fde70898fe9ff368b,12,0.1666666666666666,-9.916666666666666,0.0833333333333333,0.1666666666666666,High volume high risk,0.30104430638848895
ccbd753e6863fe7314dc6c0ca5a074e7,1,0.0,-19.0,0.0,0.0,High rate monitoring,0.005604665660905671
ccc4bbb5f32a6ab2b7066a4130f114e3,184,0.0652173913043478,-16.91304347826087,0.108695652173913,1.3043478260869563,High volume high risk,0.41426951331496786
cce6ab8d1682639fe45ab70234f1665f,61,0.0327868852459016,-13.770491803278688,0.0491803278688524,0.0983606557377049,High volume high risk,0.24862989415290196
ccf8813e5a7d6c84d865cd38bfc2b130,26,0.0384615384615384,-13.5,0.1153846153846153,0.1153846153846153,High volume high risk,0.3049207126274135
cd06602b43d8800bd0afad514919d35c,43,0.0465116279069767,-11.372093023255816,0.2558139534883721,0.5116279069767442,High volume high risk,0.4797538180479916
cd2169d9f31ff6fbb9ca3373b0c9e354,1,0.0,-17.0,0.0,0.0,High rate monitoring,0.005604665660905671
cd233f8bfa30ebfd651f47ee7d054951,1,0.0,-20.0,0.0,0.0,High rate monitoring,0.005604665660905671
cd3d09fbe6e3e9ff0c0ac0c300e93ae7,12,0.0833333333333333,-9.75,0.1666666666666666,0.1666666666666666,High volume high risk,0.36223939104223435
cd52a8efd71af3336b14b5039b951cc1,2,0.0,-8.5,0.0,0.0,High rate monitoring,0.014382177431523306
cd68562d3f44870c08922d380acae552,122,0.1557377049180328,-8.19672131147541,0.1639344262295081,3.1147540983606556,High volume high risk,0.6097609427609427
cd6efc47efaabf134f8bdb654e10b4f1,31,0.064516129032258,-14.064516129032258,0.064516129032258,0.1290322580645161,High volume high risk,0.2748629222796272
cd843d4cf8ef32827de0396605163ba3,5,0.0,-6.2,0.0,0.0,High rate monitoring,0.026583023162619634
cda598c48d7c614bc1cad7d8ff6f0010,17,0.0,-13.882352941176473,0.0588235294117647,0.0,High volume high risk,0.09542100510598625
ce20a2ec1514c25e16f2b5b39bc818f0,4,0.0,-18.5,0.0,0.0,High rate monitoring,0.023556294965854933
ce248b21cb2adc36282ede306b7660e5,64,0.078125,-10.46875,0.125,0.625,High volume high risk,0.4327297459530706
ce27a3cc3c8cc1ea79d11e561e9bebb6,122,0.0163934426229508,-12.40983606557377,0.1065573770491803,0.2131147540983606,High volume high risk,0.32739248199667204
ce33c6211beaa8fef4cae8b52db39862,1,0.0,-11.0,0.0,0.0,High rate monitoring,0.005604665660905671
ce3ad9de960102d0677a81f5d0bb7b2d,1,0.0,-13.0,0.0,0.0,High rate monitoring,0.005604665660905671
ce4755084bc097113867e6454f8f5e52,1,0.0,-11.0,0.0,0.0,High rate monitoring,0.005604665660905671
ce616e1913288884e7742faac9d981db,14,0.0714285714285714,-12.428571428571429,0.0,0.0,High volume high risk,0.10591281702283982
ce69a8021d18961dd2a40269b7c2c293,19,0.0526315789473684,-11.473684210526317,0.1052631578947368,0.1052631578947368,High volume high risk,0.2914020712515764
ce7d1888639e6fb06b2749cbfdac1ff7,78,0.0897435897435897,-12.192307692307692,0.1666666666666666,1.1666666666666663,High volume high risk,0.524670205781929
cea729054f157f5870bdd321a958d994,24,0.0416666666666666,-9.375,0.125,0.125,High volume high risk,0.31693202587839187
ceaec5548eefc6e23e6607c5435102e7,198,0.0505050505050505,-15.141414141414142,0.1111111111111111,1.1111111111111112,High volume high risk,0.3980790645174552
cecd97bc34ed8330bd4cd15713eda670,1,0.0,-9.0,1.0,0.0,High rate monitoring,0.02548405387010717
cee48807215b30a12ca2ca10ffb5f250,39,0.1282051282051282,-12.82051282051282,0.2307692307692307,1.153846153846154,High volume high risk,0.5908105663153164
cf1313c6e2c01c2f4b014f97db4bcd2b,5,0.0,-11.2,0.0,0.0,High rate monitoring,0.026583023162619634
cf2384dd2f1dddea3f838efed0945e65,16,0.0,-8.6875,0.125,0.0,High volume high risk,0.12773807540634766
cf654707ed6a99f112c7ec3d6f314b8b,3,0.0,-6.666666666666667,0.0,0.0,High rate monitoring,0.01976766622300808
cf8ab1616079e2793aa29d524df01bb1,6,0.1666666666666666,-9.666666666666666,0.6666666666666666,0.6666666666666666,High rate monitoring,0.40724579292053276
cfa5ab0e4d3fc212fd0b3410e7081c62,15,0.0,-16.6,0.2,0.0,High volume high risk,0.15555096347162634
cfb1a033743668a192316f3c6d1d2671,143,0.0979020979020979,-11.237762237762238,0.1608391608391608,2.2517482517482517,High volume high risk,0.5542168866771231
cfd7ddab722b902f7ac5b5f3ba6d723d,12,0.0,-13.166666666666666,0.0833333333333333,0.0,High volume high risk,0.09648199961119279
cfe94489ddd337d1e29e12f2a7205d10,20,0.05,-8.1,0.05,0.05,High volume high risk,0.2261973023741097
d03698c2efd04a549382afa6623e27fb,18,0.0555555555555555,-15.27777777777778,0.0555555555555555,0.0555555555555555,High volume high risk,0.23114654176568633
d05ae8f7a5bd1d2a690a44cd079e4e27,77,0.0649350649350649,-11.25974025974026,0.2077922077922078,1.0389610389610389,High volume high risk,0.5277949606255392
d06d019f72a04e5497a0b64190af170c,17,0.0,-12.529411764705882,0.0588235294117647,0.0,High volume high risk,0.09542100510598625
d0d70d21e2234dd7cd3cf63fe414148a,8,0.0,-18.125,0.125,0.0,High volume high risk,0.09978077788870196
d101c6da914ae3d53f7bee42283f2fe2,13,0.0769230769230769,-17.692307692307693,0.3076923076923077,0.3076923076923077,High volume high risk,0.4328327190515119
d12c926d74ceff0a90a21184466ce161,76,0.0131578947368421,-14.63157894736842,0.0657894736842105,0.0657894736842105,High volume high risk,0.2535265099841504
d13e50eaa47b4cbe9eb81465865d8cfc,66,0.0909090909090909,-4.484848484848484,0.0303030303030303,0.1818181818181818,High volume high risk,0.30792481080574136
d149de2f383552baea37a7198c2296ce,3,0.0,-6.333333333333333,0.0,0.0,High rate monitoring,0.01976766622300808
d1582f4043306e6b91afa6a8a884f898,9,0.1111111111111111,-14.444444444444445,0.1111111111111111,0.1111111111111111,High volume high risk,0.28546355756776465
d17f467e4bf608a510c20d82f4ba3b6b,11,0.1818181818181818,-7.181818181818182,0.0,0.0,High volume high risk,0.12055598080152687
d180e07dc1e58c31c3f0cd599dc4d945,1,0.0,-16.0,0.0,0.0,High rate monitoring,0.005604665660905671
d197aa8fbc64087f61984deef05f6227,6,0.0,-11.5,0.0,0.0,High rate monitoring,0.02921314559567034
d1a5cc844736958c11b8efab9a2b4c87,1,1.0,8.0,1.0,1.0,High rate monitoring,0.08845084106949393
d1aa1ec0839dcab73a6161130eb1f94a,1,1.0,2.0,0.0,0.0,High rate monitoring,0.019452846636849968
d1b65fc7debc3361ea86b5f14c68d2e2,39,0.0256410256410256,-15.974358974358974,0.0256410256410256,0.0256410256410256,High volume high risk,0.2163915075643159
d1b9d4be4b6f9ebd85f8acd6745ba612,11,0.0,-17.818181818181817,0.0909090909090909,0.0,High volume high risk,0.09704011562701577
d1c281d3ae149232351cd8c8cc885f0d,214,0.0654205607476635,-11.457943925233645,0.2149532710280373,3.009345794392523,High volume high risk,0.5739688236993615
d1c7fa84e48cfa21a0e595167c1c500e,12,0.0,-19.083333333333332,0.1666666666666666,0.0,High volume high risk,0.13569983368624097
d1ef48b38baca7e831711c4a0aeb398f,28,0.0714285714285714,-15.642857142857142,0.0,0.0,High volume high risk,0.1242207186765225
d20b021d3efdf267a402c402a48ea64b,86,0.1627906976744186,-5.651162790697675,0.1976744186046511,2.7674418604651163,High volume high risk,0.6408969942178573
d23019c84ffae2d5ef2270367b8605fc,39,0.0256410256410256,-14.384615384615383,0.0512820512820512,0.0512820512820512,High volume high risk,0.2284455869330542
d2374cbcbb3ca4ab1086534108cc3ab7,514,0.0525291828793774,-14.80544747081712,0.1964980544747081,5.30544747081712,High volume high risk,0.5293443164693831
d2572f31e9023e9850ef986a636ff9bf,1,0.0,-21.0,0.0,0.0,High rate monitoring,0.005604665660905671
d25aa0aaacb370e912f8cf6efeba38b3,17,0.0588235294117647,-17.0,0.0588235294117647,0.0588235294117647,High volume high risk,0.2332388504299534
d263fa444c1504a75cbca5cc465f592a,1,0.0,-14.0,0.0,0.0,High rate monitoring,0.005604665660905671
d26aa40b90272d4843d63be7c1462c8d,2,0.0,-12.0,0.0,0.0,High rate monitoring,0.014382177431523306
d297f1055de2956aedfd3b04113dce3e,1,0.0,-4.0,0.0,0.0,High rate monitoring,0.005604665660905671
d29ba1220fb8634fa3a107e54497b8a4,9,0.0,-13.11111111111111,0.3333333333333333,0.0,High volume high risk,0.1469309458562086
d2df77822373f19934e87694d8640767,2,0.0,-16.5,0.5,0.0,High rate monitoring,0.0629624726501831
d2e753bb80b7d4faa77483ed00edc8ca,14,0.0714285714285714,-15.428571428571429,0.0714285714285714,0.0714285714285714,High volume high risk,0.24444579568886615
d2f3e277560ed4c6361284429b00f037,7,0.0,-16.0,0.0,0.0,High volume high risk,0.03143622527122511
d32e3909cfb714fb2a6cb092c85b9c5f,10,0.2,-11.1,0.3,0.6,High volume high risk,0.47852329230474316
d354c38a7182125a748cb10474fe963b,17,0.0588235294117647,-12.117647058823527,0.0,0.0,High volume high risk,0.1066116589376631
d3674f271c91f824f82d24d92011f669,20,0.1,-11.4,0.15,0.3,High volume high risk,0.4190852357728754
d36b07fd3c5088e477a72d1fccfe29d4,1,0.0,-11.0,0.0,0.0,High rate monitoring,0.005604665660905671
d379f449f2a3b271bc01c0782020f705,28,0.0357142857142857,-14.714285714285714,0.2142857142857142,0.2142857142857142,High volume high risk,0.40145813621482773
d3891911c2feae53c52fea2bd14054e5,2,0.0,-15.5,0.0,0.0,High rate monitoring,0.014382177431523306
d3dcf0604eabf0224fbd5948b5e02f69,9,0.3333333333333333,-5.0,0.2222222222222222,0.6666666666666666,High volume high risk,0.4522503324290303
d3e7d37c0df9aef383f3f2a15b0dddfb,1,0.0,-24.0,0.0,0.0,High rate monitoring,0.005604665660905671
d3f39f05462b79a4562d35893a28f159,33,0.1212121212121212,-12.363636363636363,0.3333333333333333,1.3333333333333333,High volume high risk,0.6098798078393017
d4828feed4cda2cd9d6b37899a95a71e,1,0.0,-23.0,1.0,0.0,High rate monitoring,0.02548405387010717
d4910f1cdcfdabd48d6b316e395d4a23,11,0.0,-9.0,0.0,0.0,High volume high risk,0.03814721227301718
d4a5e99e0dd915df64ba55a7fbd583fd,2,0.0,-11.0,0.5,0.0,High rate monitoring,0.0629624726501831
d4d99b60c4c94cd35acd502cec65dc8d,1,0.0,-35.0,0.0,0.0,High rate monitoring,0.005604665660905671
d4e12e7884759a14fa0f5f896c791cae,29,0.0689655172413793,-12.551724137931034,0.0689655172413793,0.1379310344827586,High volume high risk,0.2830084023355458
d4e4b5192cba4e0e66eb12a9d347239d,11,0.0,-16.09090909090909,0.0909090909090909,0.0,High volume high risk,0.09704011562701577
d4f117125b59ce73c3302f88ee40c458,17,0.0,-11.705882352941176,0.0,0.0,High volume high risk,0.043616197014757545
d4f91e8be86b38da2ee35bc489645a9d,1,0.0,-36.0,0.0,0.0,High rate monitoring,0.005604665660905671
d4ffeb15b67e81ff9af2b4252d99fb7e,11,0.0,-13.181818181818182,0.0,0.0,High volume high risk,0.03814721227301718
d50d79cb34e38265a8649c383dcffd48,70,0.0428571428571428,-13.285714285714286,0.0857142857142857,0.2571428571428571,High volume high risk,0.31262955867021214
d51e0a403fe2e689ece6c73359d96e12,18,0.1111111111111111,-14.833333333333334,0.0555555555555555,0.1111111111111111,High volume high risk,0.2759958707649986
d52cbce9845184537284a23c3bc3da0e,2,0.0,-21.5,0.0,0.0,High rate monitoring,0.014382177431523306
d558ebe531605a1285ab2b1bc3256dfb,3,0.0,-13.0,0.0,0.0,High rate monitoring,0.01976766622300808
d566c37fa119d5e66c4e9052e83ee4ea,65,0.0,-10.892307692307693,0.0307692307692307,0.0,High volume high risk,0.11239432615902703
d57e18d5f73c7ccb7f7339b61166898d,61,0.0,-11.42622950819672,0.081967213114754,0.0,High volume high risk,0.1318014748117161
d58d521f3789def2e7a22715e0badd93,2,0.0,-9.0,0.0,0.0,High rate monitoring,0.014382177431523306
d594982fd877af63ace38ea1fca27c76,7,0.0,-13.285714285714286,0.1428571428571428,0.0,High volume high risk,0.10055202233767349
d598f929fc44e1e38678e7f47250ec04,1,0.0,-23.0,0.0,0.0,High rate monitoring,0.005604665660905671
d5b9a084373da994a6e37f732169a853,7,0.1428571428571428,-6.0,0.2857142857142857,0.2857142857142857,High volume high risk,0.3862055330367238
d5ba419e26d246a0719437cf37d9b46d,33,0.0909090909090909,-8.878787878787879,0.1515151515151515,0.4545454545454546,High volume high risk,0.4513434972106537
d5c530f4884a75ae0dba9c148718d278,5,0.2,-10.6,0.2,0.2,High rate monitoring,0.31422044751154027
d624126b9206f595fb3fbb6ba03b28a8,23,0.0434782608695652,-14.521739130434783,0.0,0.0,High volume high risk,0.10615477446089258
d63c73efd41eb002280e7ec831424edb,2,0.0,-20.5,0.0,0.0,High rate monitoring,0.014382177431523306
d63f306de130e0391d38a792541723b8,1,0.0,-4.0,0.0,0.0,High rate monitoring,0.005604665660905671
d650b663c3b5f6fb392b6326366efa9a,57,0.0526315789473684,-11.63157894736842,0.0701754385964912,0.2105263157894736,High volume high risk,0.2950500240991007
d66c11a9572221d92fbb8c4897db5f9b,16,0.0,-11.25,0.0,0.0,High volume high risk,0.04282298548732955
d66c305afaec317ebee552073a674429,38,0.0263157894736842,-18.842105263157897,0.0526315789473684,0.0526315789473684,High volume high risk,0.22933921813638736
d673a59aac7a70d8b01e6902bf090a11,79,0.0759493670886076,-12.025316455696204,0.1518987341772152,0.9113924050632912,High volume high risk,0.48424314633751875
d6ab728cf30867cf3f1a2e216ae2f9b7,12,0.0,-10.0,0.0833333333333333,0.0,High volume high risk,0.09648199961119279
d6b1ce66b035a475f00c017792ff9769,92,0.0543478260869565,-12.576086956521738,0.0760869565217391,0.3804347826086957,High volume high risk,0.3214709699736313
d6b664fa0667064c6d76394e7848d790,6,0.0,-15.333333333333334,0.0,0.0,High rate monitoring,0.02921314559567034
d6cd01c59123df02fc226eadbadb5f89,1,0.0,-10.0,0.0,0.0,High rate monitoring,0.005604665660905671
d71d863e5ef30d94e440c11be17dcd8f,23,0.1304347826086956,-9.91304347826087,0.3478260869565217,1.0434782608695652,High volume high risk,0.5937478015940333
d73cbd89533ce8b041a9190241453ac8,3,0.0,-13.0,0.0,0.0,High rate monitoring,0.01976766622300808
d7485b33791774c36108f8c69602d48d,10,0.1,-12.3,0.1,0.1,High volume high risk,0.27555504712121387
d7827b2af99326a03b0ed9c7a24db0d3,1,0.0,-13.0,0.0,0.0,High rate monitoring,0.005604665660905671
d79e8478eed9999493990b44955fb22e,5,0.2,-10.0,0.2,0.2,High rate monitoring,0.31422044751154027
d7ab82074b5f1dfba46db123df101bff,2,0.0,-22.5,0.0,0.0,High rate monitoring,0.014382177431523306
d7b2377bae6ace1b11fc69a11900ac36,3,0.3333333333333333,-2.3333333333333335,0.3333333333333333,0.3333333333333333,High rate monitoring,0.2754296170561858
d7d517afce974cd491b8d52bb5b5b1fc,1,0.0,-23.0,0.0,0.0,High rate monitoring,0.005604665660905671
d7f1cfc638473be93baedbfd02208016,1,0.0,-10.0,0.0,0.0,High rate monitoring,0.005604665660905671
d85efbc8eff2b7adf524e2820569adc8,1,0.0,-9.0,0.0,0.0,High rate monitoring,0.005604665660905671
d8b8f2cf9ff6ba0389072541cb42498c,1,0.0,-17.0,0.0,0.0,High rate monitoring,0.005604665660905671
d8bf0fc082fd4a77fc2e5679b6c00133,1,0.0,-5.0,0.0,0.0,High rate monitoring,0.005604665660905671
d8c7ba53e7e38711eaef8c2849d6d2e1,22,0.0,-18.545454545454547,0.0,0.0,High volume high risk,0.0464133113483194
d8cf3b6a2151949f930d0252b180ec42,6,0.0,-15.333333333333334,0.3333333333333333,0.0,High rate monitoring,0.1215665732933869
d8d9567d0bfb0bc7eb845a205ba42657,4,0.25,-3.25,0.25,0.25,High rate monitoring,0.3025640151663063
d8dd176509baa37f359644d082bf7f7b,2,1.0,10.0,1.0,2.0,High rate monitoring,0.22697441153400863
d90fe2229fee1a5da999ccd0c06c1667,3,0.0,-15.333333333333334,0.0,0.0,High rate monitoring,0.01976766622300808
d91fb3b7d041e83b64a00a3edfb37e4f,524,0.0381679389312977,-12.6793893129771,0.1374045801526717,2.7480916030534353,High volume high risk,0.4248687475029174
d921b68bf747894be13a97ae52b0f386,77,0.0129870129870129,-16.09090909090909,0.0519480519480519,0.0519480519480519,High volume high risk,0.24171172159303475
d93844a9c55ba7ce353388bcf849ea56,12,0.0,-9.75,0.0833333333333333,0.0,High volume high risk,0.09648199961119279
d93919c944be9cff128f6c9cb899eacb,33,0.1515151515151515,-8.06060606060606,0.1818181818181818,0.9090909090909092,High volume high risk,0.547404577771808
d93b8458c6fe139d85cfa5eadbf55bd2,1,0.0,-19.0,0.0,0.0,High rate monitoring,0.005604665660905671
d9442042130b7fe579d1295f9f4a248f,19,0.0526315789473684,-7.947368421052632,0.1052631578947368,0.1052631578947368,High volume high risk,0.2914020712515764
d94a40fd42351c259927028d163af842,100,0.03,-13.7,0.1,0.3,High volume high risk,0.3257061483968688
d94ba08b99bedd6a5f6c875ecc4a6fac,8,0.0,-12.0,0.0,0.0,High volume high risk,0.03345056507114092
d97df38225e5abadaff1e72cb72b823c,28,0.1428571428571428,-9.321428571428571,0.2142857142857142,0.8571428571428571,High volume high risk,0.5588375188129295
d98eec89afa3380e14463da2aabaea72,168,0.0238095238095238,-18.261904761904763,0.0773809523809523,0.3095238095238095,High volume high risk,0.29537582401575874
d9a84e1403de8da0c3aa531d6d108ba6,53,0.0566037735849056,-10.320754716981131,0.0566037735849056,0.169811320754717,High volume high risk,0.28300486946120046
d9b00a97818674c7f8d8b1ef0e689679,1,0.0,-5.0,0.0,0.0,High rate monitoring,0.005604665660905671
d9bd94811c3338dceb4181f3dbc0c73e,54,0.0555555555555555,-7.944444444444445,0.037037037037037,0.1111111111111111,High volume high risk,0.2659863724375835
d9c349beabc06aa6ff1c6d68b5e9e22e,1,0.0,-11.0,0.0,0.0,High rate monitoring,0.005604665660905671
d9cb0052a666de5308b32f32ad5f1b1c,3,0.0,-10.666666666666666,0.3333333333333333,0.0,High rate monitoring,0.08226048224997312
d9cd369bffa979d1634f8e1318bf2f1b,3,0.0,-24.666666666666668,0.0,0.0,High rate monitoring,0.01976766622300808
d9d43faf741ceaa8da52fdbb81d9e0e3,4,0.0,-14.0,0.25,0.0,High rate monitoring,0.09258044243368588
d9e7e7778b32987280a6f2cb9a39c57d,11,0.1818181818181818,-10.090909090909092,0.2727272727272727,0.5454545454545454,High volume high risk,0.4830656639564672
d9e8c084b68fe958861d8f2c21202e6b,9,0.0,-9.0,0.1111111111111111,0.0,High volume high risk,0.09926878221157719
da03c298e3999e9d828591fc2179d109,4,0.0,-8.0,0.0,0.0,High rate monitoring,0.023556294965854933
da20530872245d6cd9d2f5725613c430,2,0.0,-14.0,0.0,0.0,High rate monitoring,0.014382177431523306
da2782c804606d2a5d8e1760dbb3e7ec,1,1.0,13.0,1.0,1.0,High rate monitoring,0.08845084106949393
da3fede3469bf49b7293ce3fc45b294d,1,0.0,-8.0,0.0,0.0,High rate monitoring,0.005604665660905671
da6a60cc8cc724fe51be021ff8be779c,12,0.0,-13.416666666666666,0.0,0.0,High volume high risk,0.03949358447088838
da7039f29f90ce5b4846ffc0fcc93beb,17,0.0588235294117647,-11.764705882352942,0.0588235294117647,0.0588235294117647,High volume high risk,0.2332388504299534
da8622b14eb17ae2831f4ac5b9dab84a,1311,0.0663615560640732,-10.984744469870328,0.1167048054919908,10.153318077803204,High volume high risk,0.44735823066070546
dace965ca58120f92f8d742a9fa1864b,8,0.0,-11.0,0.125,0.0,High volume high risk,0.09978077788870196
daeb5653dd96c1b11860f72209795012,38,0.0789473684210526,-11.5,0.131578947368421,0.3947368421052631,High volume high risk,0.41318697180514
daf565f087a52def0fd5c5825b3661bc,9,0.0,-17.666666666666668,0.3333333333333333,0.0,High volume high risk,0.1469309458562086
db1f0f7c7e5e87f40b62226f020bb297,3,0.0,-33.0,0.0,0.0,High rate monitoring,0.01976766622300808
db2956745b3a8e9f3785c99f34b5d25e,45,0.0888888888888888,-11.977777777777778,0.2,0.8,High volume high risk,0.5273595964863522
db4350fd57ae30082dec7acbaacc17f9,136,0.0367647058823529,-15.808823529411764,0.1176470588235294,0.5882352941176471,High volume high risk,0.3751288408884119
db46ca7bce82b11f7e247539271fc390,16,0.0,-13.4375,0.0625,0.0,High volume high risk,0.09488164976866811
db6a4d4b5f1f5f98820ce6ce2619e2de,1,0.0,-19.0,0.0,0.0,High rate monitoring,0.005604665660905671
db7ed69a53aa9fb1c01930ba54a88bbe,1,0.0,-9.0,0.0,0.0,High rate monitoring,0.005604665660905671
dbb9b48c841a0e39e21f98e1a6b2ec3e,108,0.037037037037037,-11.87962962962963,0.1111111111111111,0.4444444444444444,High volume high risk,0.3592101716412501
dbbcfe2c8d026742134ac3e28ccde274,4,0.0,-16.0,0.25,0.0,High rate monitoring,0.09258044243368588
dbc22125167c298ef99da25668e1011f,394,0.0253807106598984,-13.692893401015228,0.0761421319796954,0.7614213197969544,High volume high risk,0.3006565736724223
dbc51f5e45d654ecc16cb68e6817ecea,1,0.0,-7.0,0.0,0.0,High rate monitoring,0.005604665660905671
dbd66278cbfe1aa1000f90a217ca4695,85,0.0352941176470588,-12.24705882352941,0.0235294117647058,0.0705882352941176,High volume high risk,0.24875517371067712
dbdd0ec73a4817971d962698f2fea022,16,0.0625,-17.25,0.125,0.125,High volume high risk,0.3157697267705529
dbec9a0a7efeff029d4d9dce7dc4cc95,3,0.0,-12.0,0.3333333333333333,0.0,High rate monitoring,0.08226048224997312
dc120d932ddf9d4dfb6fd68beefda622,1,0.0,-6.0,1.0,0.0,High rate monitoring,0.02548405387010717
dc317f341ab0e22f39acbd9dbf9b4a1f,55,0.0545454545454545,-14.981818181818182,0.1636363636363636,0.4909090909090909,High volume high risk,0.43568352109332614
dc4a0fc896dc34b0d5bfec8438291c80,225,0.0666666666666666,-11.422222222222222,0.2088888888888889,3.1333333333333337,High volume high risk,0.5755464727882847
dc50afafdfa325eadc890c7fa42a8f4e,4,0.0,-11.75,0.0,0.0,High rate monitoring,0.023556294965854933
dc64d75cc406bb0697be983831430e60,4,0.0,-13.5,0.0,0.0,High rate monitoring,0.023556294965854933
dc7192adf8ba09569261f4a8d576afe0,7,0.0,-14.571428571428571,0.2857142857142857,0.0,High volume high risk,0.12693991663050946
dc8798cbf453b7e0f98745e396cc5616,35,0.0571428571428571,-10.2,0.3142857142857143,0.6285714285714286,High volume high risk,0.5008423733302828
dcb7367a92f5ffb89f1e2152ed260285,1,0.0,-14.0,0.0,0.0,High rate monitoring,0.005604665660905671
dcf3755cefcdc158ad0b7bdde51e871b,3,0.0,-14.333333333333334,0.0,0.0,High rate monitoring,0.01976766622300808
dd264199fc8b687ad029de7de6d760e6,1,0.0,-11.0,0.0,0.0,High rate monitoring,0.005604665660905671
dd2bdf855a9172734fbc3744021ae9b9,105,0.0571428571428571,-23.00952380952381,0.1714285714285714,1.0285714285714285,High volume high risk,0.49181541437227083
dd39ad39b5d3df33037e141c72497ba6,2,0.0,-19.0,0.0,0.0,High rate monitoring,0.014382177431523306
dd4d95ba2d15c071e6c695e2ef6ce169,4,0.5,-4.0,0.0,0.0,High rate monitoring,0.08024687165445336
dd533b429f380718b70ad9922c294bae,39,0.1025641025641025,-9.307692307692308,0.1538461538461538,0.6153846153846154,High volume high risk,0.48100726554392
dd5450b022b2d00a2145a66331e1aef6,1,0.0,-32.0,0.0,0.0,High rate monitoring,0.005604665660905671
dd55f1bb788714a40e7954c3be6df745,35,0.1714285714285714,-9.342857142857143,0.2,1.2000000000000002,High volume high risk,0.5863596092258389
dd58ee93286b0821565574c570e9e1dc,2,0.0,-14.0,0.0,0.0,High rate monitoring,0.014382177431523306
dd7ddc04e1b6c2c614352b383efe2d36,121,0.1239669421487603,-7.826446280991736,0.1818181818181818,2.7272727272727275,High volume high risk,0.6123277454796008
dd88d13bea9e4c2bf47daf224f8141e5,1,0.0,-7.0,0.0,0.0,High rate monitoring,0.005604665660905671
dd8a29ce82d5c705ba932d81494600a5,2,0.0,-10.0,0.0,0.0,High rate monitoring,0.014382177431523306
dd9661d3cda1e6feb237f0c4d8b26f2e,1,0.0,-11.0,0.0,0.0,High rate monitoring,0.005604665660905671
dda37071807e404c5bb2a1590c66326f,1,0.0,-4.0,0.0,0.0,High rate monitoring,0.005604665660905671
ddd51ae8cda92f3995a51fc0f0f3eec7,8,0.0,-15.0,0.0,0.0,High volume high risk,0.03345056507114092
dde698c6d0bd24834c586e5111c2bba7,1,0.0,-15.0,0.0,0.0,High rate monitoring,0.005604665660905671
de09d00cfc265b8804c7df34075a68fa,3,0.0,-16.666666666666668,0.3333333333333333,0.0,High rate monitoring,0.08226048224997312
de0c78824586e9a5f5f04fd84e25df39,14,0.0,-20.071428571428573,0.0714285714285714,0.0,High volume high risk,0.09531813310753812
de23c3b98a88888289c6f5cc1209054a,161,0.0745341614906832,-10.397515527950311,0.1055900621118012,1.267080745341615,High volume high risk,0.4246384953580364
de66a66f2dd06bb9ec37aa96987466a3,7,0.0,-26.142857142857142,0.1428571428571428,0.0,High volume high risk,0.10055202233767349
de722cd6dad950a92b7d4f82673f8833,337,0.0356083086053412,-15.504451038575668,0.0919881305637982,1.1038575667655786,High volume high risk,0.34373683587338655
de9727ca376d1be6ec121b110aa7954c,9,0.1111111111111111,-18.666666666666668,0.3333333333333333,0.3333333333333333,High volume high risk,0.4225238749430159
debe6615cd90cc0c2eac2b8988e1f628,5,0.0,-14.0,0.0,0.0,High rate monitoring,0.026583023162619634
dedcab67899479e4ea5dcc4eba47f587,2,0.0,-5.0,0.0,0.0,High rate monitoring,0.014382177431523306
dee656f0f566ed1aa85bd137c943f08f,92,0.0434782608695652,-14.08695652173913,0.0760869565217391,0.3043478260869565,High volume high risk,0.30459730890798725
df0f42bc4c2142eacf0eaf2cffd0cfbb,14,0.0,-9.785714285714286,0.1428571428571428,0.0,High volume high risk,0.1320997185890352
df47da4ae86fa4db890d05aaf24e21d8,5,0.0,-18.2,0.2,0.0,High rate monitoring,0.09830975284422638
df560393f3a51e74553ab94004ba5c87,26,0.0769230769230769,-13.615384615384617,0.0769230769230769,0.1538461538461538,High volume high risk,0.29593771862533547
df56d7b40d437f88407c5f78b63bc328,22,0.0454545454545454,-11.363636363636363,0.1363636363636363,0.1363636363636363,High volume high risk,0.329902384728831
df683dfda87bf71ac3fc63063fba369d,1,1.0,167.0,1.0,1.0,High rate monitoring,0.08845084106949393
df91910b6a03bb2e3358fa6a35e32f6f,13,0.0,-13.307692307692308,0.0,0.0,High volume high risk,0.040526846855301155
dfa0c4c6229ab200a4a1336b4d7128ff,77,0.0129870129870129,-14.948051948051948,0.1818181818181818,0.1818181818181818,High volume high risk,0.4032039393603492
dfc475d54e1b6dbeeb7d7d9bdaa63827,18,0.0,-15.944444444444445,0.1111111111111111,0.0,High volume high risk,0.12462149513821114
dfc5fb7259bb2b599ca565e6e9448f0f,33,0.0303030303030303,-13.030303030303031,0.0909090909090909,0.0909090909090909,High volume high risk,0.26971089146518523
e00d85ce20ea50c1224c66ca5050527d,1,0.0,-11.0,0.0,0.0,High rate monitoring,0.005604665660905671
e0482f2c769468c3bbcd8a01e09d98c5,1,0.0,-14.0,0.0,0.0,High rate monitoring,0.005604665660905671
e0487761face83d64fcada2408959a36,2,0.0,-3.5,0.0,0.0,High rate monitoring,0.014382177431523306
e067ad2c1c0b48758eb1b5228bcf7a68,54,0.074074074074074,-10.796296296296296,0.1111111111111111,0.4444444444444444,High volume high risk,0.39151558001995035
e06f09ec0a4aca210779cf1cfc63cf19,29,0.0689655172413793,-16.96551724137931,0.1724137931034483,0.3448275862068966,High volume high risk,0.43397182563771003
e0878efa0e0b7e5313ac0b43bc04c081,26,0.1538461538461538,-11.0,0.2692307692307692,1.0769230769230769,High volume high risk,0.5890373845244266
e09887ca8c7bf8a4621ce481820414ef,2,0.5,41.0,0.5,0.5,High rate monitoring,0.21448795190966907
e0a366315b1b726b6c7832d664c0f530,43,0.0232558139534883,-11.651162790697674,0.1395348837209302,0.1395348837209302,High volume high risk,0.3381820908020602
e0a3c37054ade6478d923a6efc10f308,2,0.0,-16.0,0.0,0.0,High rate monitoring,0.014382177431523306
e0b162a693bc7f9eab00f783a31d60ea,1,0.0,-13.0,0.0,0.0,High rate monitoring,0.005604665660905671
e0eabded302882513ced4ea3eb0c7059,8,0.0,-17.125,0.0,0.0,High volume high risk,0.03345056507114092
e1643dff33666ca629e3644c02738179,3,0.0,-12.333333333333334,0.0,0.0,High rate monitoring,0.01976766622300808
e1b12447a7563944843191754aeb5562,9,0.2222222222222222,-8.0,0.1111111111111111,0.2222222222222222,High volume high risk,0.3206785292185422
e1bed63d68ac36fe1f3061befe196af5,1,0.0,-26.0,0.0,0.0,High rate monitoring,0.005604665660905671
e1c76f339ebd5460999f25a2aa8c92c5,1,0.0,-15.0,0.0,0.0,High rate monitoring,0.005604665660905671
e1dc0754bada9ee4cfe9713f22f61292,12,0.0,-13.083333333333334,0.25,0.0,High volume high risk,0.1552168339251517
e21a1e8be4715b0fcfd5385643bc49c4,20,0.0,-11.45,0.25,0.0,High volume high risk,0.17851576671307087
e24d3429d294b2eb200b064ebb035879,19,0.0526315789473684,-10.947368421052632,0.1052631578947368,0.1052631578947368,High volume high risk,0.2914020712515764
e24fc9fcd865784fb25705606fe3dfe7,51,0.0784313725490196,-13.784313725490197,0.1176470588235294,0.4705882352941176,High volume high risk,0.40809037107423896
e250d617a0ad591ba9bd663e584a895d,8,0.0,-13.125,0.375,0.0,High volume high risk,0.14228816779291362
e256a62e0ac58c0edfba09966142d561,12,0.0,-17.0,0.0833333333333333,0.0,High volume high risk,0.09648199961119279
e26901d5ab434ce92fd9b5c256820a4e,197,0.015228426395939,-13.47715736040609,0.1015228426395939,0.3045685279187817,High volume high risk,0.32923430505747503
e2a1ac9bf33e5549a2a4f834e70df2f8,5,0.0,-9.8,0.0,0.0,High rate monitoring,0.026583023162619634
e2aee0892199b1d92530e371abd825bf,36,0.1388888888888889,-11.88888888888889,0.2222222222222222,1.1111111111111112,High volume high risk,0.5854514738354992
e2c92f9c1c7746d899d18f2e158bbff7,12,0.0,-10.083333333333334,0.0,0.0,High volume high risk,0.03949358447088838
e333046ce6517bd8bb510291d44f0130,68,0.0441176470588235,-13.426470588235292,0.088235294117647,0.2647058823529412,High volume high risk,0.31543337302900104
e38db885400cd35c71dfd162f2c1dbcf,30,0.1,-12.333333333333334,0.0666666666666666,0.2,High volume high risk,0.3112519951371996
e3a386fc36e22064434e1fa256f6a9fa,16,0.125,-10.3125,0.125,0.25,High volume high risk,0.37839676197272215
e3b4998c7a498169dc7bce44e6bb6277,1,0.0,-6.0,0.0,0.0,High rate monitoring,0.005604665660905671
e3d3b3efac954a60d61be70b7e05b49b,3,0.0,-17.666666666666668,0.0,0.0,High rate monitoring,0.01976766622300808
e3dd723429d1b23614b7fa85e2c7a853,7,0.1428571428571428,-6.285714285714286,0.1428571428571428,0.1428571428571428,High volume high risk,0.3059222694928746
e3e290b38963293022cdcd6db8328103,3,0.0,-11.0,0.3333333333333333,0.0,High rate monitoring,0.08226048224997312
e433f5fd4050e3352b5d83522b7fe24b,1,0.0,-7.0,0.0,0.0,High rate monitoring,0.005604665660905671
e439f7176d763f92de325271111b2fd5,6,0.0,-9.166666666666666,0.0,0.0,High rate monitoring,0.02921314559567034
e45edf75f568ed2f93f78d060e246e25,6,0.0,-8.166666666666666,0.0,0.0,High rate monitoring,0.02921314559567034
e48b04bf1aa1ef711caebeb7aede6180,25,0.0,-15.64,0.08,0.0,High volume high risk,0.1139734295533874
e48cc16ab70bfa09e1401740dce0b3d7,14,0.0,-10.357142857142858,0.2857142857142857,0.0,High volume high risk,0.16676668330243224
e49c26c3edfa46d227d5121a6b6e4d37,34,0.0,-19.647058823529413,0.0588235294117647,0.0,High volume high risk,0.10978324779841632
e4ebd3f87bf70440014f07ddda7fbe03,7,0.0,-8.285714285714286,0.0,0.0,High volume high risk,0.03143622527122511
e4f121bf6ef8b9a1d4d3e65dd0473fab,2,0.5,-2.5,0.5,0.5,High rate monitoring,0.21448795190966907
e4fc40017a6d22c46a14ac2e17f87c3e,1,0.0,-13.0,0.0,0.0,High rate monitoring,0.005604665660905671
e503f22be6a4f456d9851920a5d9c670,2,0.0,-12.5,0.0,0.0,High rate monitoring,0.014382177431523306
e504a4e2efaa45cbff7e268a2c58c956,10,0.3,-7.5,0.3,0.8999999999999999,High volume high risk,0.49599150983356677
e51f22821f0c12a16ad5c020cdcd55e9,4,0.0,-16.25,0.0,0.0,High rate monitoring,0.023556294965854933
e53d5b9b29d1218281f4a907ada18626,4,0.0,-17.5,0.0,0.0,High rate monitoring,0.023556294965854933
e546117ed9cafbc40239c0c78635c584,2,0.0,-10.0,0.0,0.0,High rate monitoring,0.014382177431523306
e5475dcab1e07b63d7f6e902d8f5eda8,19,0.0526315789473684,-10.421052631578949,0.1578947368421052,0.1578947368421052,High volume high risk,0.35585471563118404
e5545d4d4473876ea78c5bcebca365c3,1,0.0,-16.0,0.0,0.0,High rate monitoring,0.005604665660905671
e560e4022d8f7aebf155db95946c5c0f,2,0.0,-11.5,0.0,0.0,High rate monitoring,0.014382177431523306
e5899683388855d3dabe8913bbe365de,3,0.0,-20.0,0.0,0.0,High rate monitoring,0.01976766622300808
e58a5b390e28abc0b216cfb0e07d27d7,7,0.0,-19.571428571428573,0.0,0.0,High volume high risk,0.03143622527122511
e595809a6c31ec4314fd06ef198c244d,1,0.0,-13.0,0.0,0.0,High rate monitoring,0.005604665660905671
e59aa562b9f8076dd550fcddf0e73491,69,0.0869565217391304,-11.826086956521738,0.1014492753623188,0.6086956521739131,High volume high risk,0.4043186918843229
e59e489e2ea74bd409b798b5daf49de3,3,0.0,-11.0,0.6666666666666666,0.0,High rate monitoring,0.08831806809798569
e59e575a175fadcadf8479e191770425,1,0.0,-20.0,0.0,0.0,High rate monitoring,0.005604665660905671
e5a3438891c0bfdb9394643f95273d8e,216,0.1574074074074074,-6.527777777777778,0.1759259259259259,5.981481481481482,High volume high risk,0.6574641825755656
e5a38146df062edaf55c38afa99e42dc,120,0.075,-10.591666666666669,0.1666666666666666,1.5,High volume high risk,0.5211122272857627
e5bd51692380fd8cabb19b756b95e714,2,1.0,5.5,0.5,1.0,High rate monitoring,0.2185320942307474
e5c84227854980f1db19a58958c551d9,4,0.0,-10.25,0.0,0.0,High rate monitoring,0.023556294965854933
e5cbe890e679490127e9a390b46bbd20,2,0.0,-14.5,0.0,0.0,High rate monitoring,0.014382177431523306
e5d4b2b0c3bca22085f7a19a28de0c42,4,0.0,-11.5,0.0,0.0,High rate monitoring,0.023556294965854933
e5def42655b7490edac5a56fe8e9e603,1,0.0,-14.0,0.0,0.0,High rate monitoring,0.005604665660905671
e5e33c0d8e7e002f398f5dc4cbbb338f,26,0.0769230769230769,-14.846153846153848,0.0384615384615384,0.0769230769230769,High volume high risk,0.258654226515057
e5f9e61ceb5f523cc966e0f34095032f,4,0.25,-6.5,0.25,0.25,High rate monitoring,0.3025640151663063
e601b04acf48b4576e73ddca9481f0dc,15,0.0,-15.666666666666666,0.2,0.0,High volume high risk,0.15555096347162634
e603cf3fec55f8697c9059638d6c8eb5,7,0.0,-24.428571428571427,0.0,0.0,High volume high risk,0.03143622527122511
e627629ba868740e287800f1a9be81c2,11,0.0,-11.454545454545457,0.0,0.0,High volume high risk,0.03814721227301718
e62b2d6ac10570a035a30bafcf01d263,62,0.1129032258064516,-9.419354838709678,0.1451612903225806,1.0161290322580645,High volume high risk,0.5164218856478489
e63e8bfa530fb16910dd6956e592bb81,41,0.048780487804878,-13.560975609756095,0.0975609756097561,0.1951219512195122,High volume high risk,0.31782884949209816
e644cbadf7eeb30d0d29f335ce7d52ec,7,0.0,-8.571428571428571,0.0,0.0,High volume high risk,0.03143622527122511
e64882b4ef12aee8d0faca4db5b681f4,1,0.0,-2.0,0.0,0.0,High rate monitoring,0.005604665660905671
e64d65bc8dbec2accda90c58de5d1246,12,0.25,-7.333333333333333,0.4166666666666667,1.25,High volume high risk,0.5549299689332112
e64ddbe1cbcf4f2fc3092b7c481f3f9d,1,0.0,-7.0,0.0,0.0,High rate monitoring,0.005604665660905671
e6a69c4a27dfdd98ffe5aa757ad744bc,21,0.0,-16.19047619047619,0.0952380952380952,0.0,High volume high risk,0.11983759499219658
e70053bf73d1b5863932e53a9fa47496,7,0.0,-9.857142857142858,0.0,0.0,High volume high risk,0.03143622527122511
e72b4feb7abe210c52aa667abc25a3a2,1,0.0,-13.0,0.0,0.0,High rate monitoring,0.005604665660905671
e732329483fd5f27367dd997b47f598a,1,0.0,-14.0,0.0,0.0,High rate monitoring,0.005604665660905671
e73bf2cea7fe4b0b4d287a7568ed1099,4,0.0,-22.0,0.0,0.0,High rate monitoring,0.023556294965854933
e76ecc7e9a1a1e3c6df9d2a8261c423d,1,0.0,-11.0,0.0,0.0,High rate monitoring,0.005604665660905671
e7d5b006eb624f13074497221eb37807,28,0.0714285714285714,-10.0,0.2142857142857142,0.4285714285714285,High volume high risk,0.47105575864301164
e7df4cd29ab5abab70fb0783ddb53987,23,0.0869565217391304,-10.782608695652174,0.0869565217391304,0.1739130434782608,High volume high risk,0.31511685946806084
e7f3bf1ecd8526eb7f3b18059e6716e5,17,0.0,-15.294117647058824,0.0588235294117647,0.0,High volume high risk,0.09542100510598625
e819bcfade7b5d88a27325eb6cfd62c5,5,0.2,-5.6,0.2,0.2,High rate monitoring,0.31422044751154027
e81e1f9c3e762e620f3fb60a51499e16,17,0.0588235294117647,-18.176470588235293,0.1176470588235294,0.1176470588235294,High volume high risk,0.30883470478916525
e82de6494d91d3c4c54450f59b227a94,3,0.3333333333333333,-2.6666666666666665,0.0,0.0,High rate monitoring,0.06618731849094397
e83c76265fc54bf41eac728805e4da77,8,0.125,10.25,0.125,0.125,High volume high risk,0.29557924009811715
e83e93b71371817b11d78a63ff156aee,2,0.0,-10.0,0.0,0.0,High rate monitoring,0.014382177431523306
e84ad2127668df3aafc6b73531a0beb8,19,0.0526315789473684,-7.2105263157894735,0.1052631578947368,0.1052631578947368,High volume high risk,0.2914020712515764
e88165a185134e13fdfc85d4fa654db8,2,0.5,0.0,0.5,0.5,High rate monitoring,0.21448795190966907
e882b2a25a10b9c057cc49695f222c19,57,0.0,-19.105263157894736,0.0526315789473684,0.0,High volume high risk,0.11606827752178567
e883aa812c37a7413226856f4579fe91,26,0.0384615384615384,-12.153846153846152,0.1153846153846153,0.1153846153846153,High volume high risk,0.3049207126274135
e88c9b79e592e370d6bd852eeefbf057,8,0.0,-17.375,0.0,0.0,High volume high risk,0.03345056507114092
e88f7a2995ba184710d339c5c4bf2e30,2,0.0,-13.0,0.0,0.0,High rate monitoring,0.014382177431523306
e89c4adbe7b1d0819dbb636e16461cf1,24,0.125,-10.625,0.1666666666666666,0.5,High volume high risk,0.4801684992251148
e8a85b5f3df47be0984c55fd4064dbb4,8,0.125,-7.125,0.125,0.125,High volume high risk,0.29557924009811715
e8b3a3a38279a82f0e5d006d5e5b7d2c,80,0.0375,-18.6,0.1625,0.4875,High volume high risk,0.41996809030572596
e8b4225284fbb02d16f200513f1f395d,30,0.1,-13.8,0.0333333333333333,0.1,High volume high risk,0.28102402169045027
e8dba4d70f7f2b20e775d09cae01142d,9,0.1111111111111111,-10.666666666666666,0.1111111111111111,0.1111111111111111,High volume high risk,0.28546355756776465
e8f6dc8e6a1dcde89d20e3995c8d90b3,35,0.0857142857142857,-21.17142857142857,0.1428571428571428,0.4285714285714285,High volume high risk,0.43335087171296904
e8ff5a6ceb895583033fc2a0f314e3c2,1,0.0,-13.0,0.0,0.0,High rate monitoring,0.005604665660905671
e908c0f3646e8b60375734a350d95d71,1,0.0,-9.0,0.0,0.0,High rate monitoring,0.005604665660905671
e94b64dc6979b302a5a5be1662c83bb6,2,0.0,-16.0,0.0,0.0,High rate monitoring,0.014382177431523306
e9511df20ccd82658a30c37b7fb343af,22,0.0,-14.045454545454543,0.0909090909090909,0.0,High volume high risk,0.11806768650980551
e96498ed8daaa3e9c23f7a62da76591c,34,0.1470588235294117,-10.235294117647058,0.2058823529411764,1.0294117647058822,High volume high risk,0.5798109205970987
e9729944ba65dc3ce425e0c5a22ae7b2,4,0.25,-23.75,0.0,0.0,High rate monitoring,0.07698480370102029
e9779976487b77c6d4ac45f75ec7afe9,645,0.0604651162790697,-10.0031007751938,0.1054263565891472,4.111627906976744,High volume high risk,0.41527588059625603
e9874ae10b2d60d43917b6bbfa13a599,1,0.0,-20.0,0.0,0.0,High rate monitoring,0.005604665660905671
e99e927c81e3f51739c94fcdfca9f10f,21,0.0476190476190476,-9.142857142857142,0.1904761904761904,0.1904761904761904,High volume high risk,0.38531907329596343
e9b6c33b71b67737693b4cfa68341c8d,1,0.0,-1.0,0.0,0.0,High rate monitoring,0.005604665660905671
e9bc59e7b60fc3063eb2290deda4cced,209,0.0765550239234449,-14.44976076555024,0.1435406698564593,2.2966507177033493,High volume high risk,0.5106657307581363
e9c2dc0dd4ac38448289be644ac94f42,3,0.0,-11.333333333333334,0.0,0.0,High rate monitoring,0.01976766622300808
e9c6969d40e6a3d2d0f90013165c2b98,10,0.0,-18.3,0.1,0.0,High volume high risk,0.09823884768165966
e9d99831abad74458942f21e16f33f92,130,0.1,-9.523076923076925,0.1615384615384615,2.1,High volume high risk,0.5555310423022335
e9e446d01bd10a97a8ffcfc4a3a20cb2,3,0.0,-8.333333333333334,0.0,0.0,High rate monitoring,0.01976766622300808
ea00f977a203ff88adf7057cb7806998,18,0.0555555555555555,-6.277777777777778,0.0555555555555555,0.0555555555555555,High volume high risk,0.23114654176568633
ea1776927851da2532aa70d6a32c095a,2,0.0,-9.0,0.5,0.0,High rate monitoring,0.0629624726501831
ea3ebea5317b0efbc663ecc8ce5e9bc2,3,0.0,-16.333333333333332,0.0,0.0,High rate monitoring,0.01976766622300808
ea4e9ce63a2134743b4a92777437fcdd,3,0.0,-24.666666666666668,0.0,0.0,High rate monitoring,0.01976766622300808
ea566164622c6b439516ab18062c42cd,50,0.18,-8.1,0.24,2.16,High volume high risk,0.6505404770848986
ea65d8b58316a6f2362f2a9e4b3e86ad,9,0.0,-8.333333333333334,0.2222222222222222,0.0,High volume high risk,0.135070189041194
ea67327e24487bdfac5fbfa37ea124df,32,0.03125,-14.9375,0.25,0.25,High volume high risk,0.4161651905466482
ea6b12bf9ffe2bac34602ec631d97a47,9,0.0,-17.666666666666668,0.1111111111111111,0.0,High volume high risk,0.09926878221157719
ea846a0e7ad98a741783e886d89dfa44,2,0.0,-9.5,0.0,0.0,High rate monitoring,0.014382177431523306
ea8482cd71df3c1969d7b9473ff13abc,1132,0.0848056537102473,-9.96113074204947,0.1448763250883392,13.908127208480565,High volume high risk,0.5397797805968402
eaaa46e98c9e61f6764dd1d7a2ab8b3e,1,0.0,-12.0,0.0,0.0,High rate monitoring,0.005604665660905671
ead2bab70821ea148476ae9bc08548ac,9,0.0,-19.444444444444443,0.0,0.0,High volume high risk,0.03530834996432753
eae9af4811c294c56795d70e715b7337,1,0.0,-8.0,0.0,0.0,High rate monitoring,0.005604665660905671
eaf6d55068dea77334e8477d3878d89e,3,0.0,-11.0,0.0,0.0,High rate monitoring,0.01976766622300808
eb1bf309f4f6af9a97e9ddac3fdbeabe,1,0.0,-10.0,0.0,0.0,High rate monitoring,0.005604665660905671
eb3071b9f0b0ddaa2df5ea130f09f26b,9,0.1111111111111111,-15.0,0.0,0.0,High volume high risk,0.10153491327396486
eb4a59a06b3948e851a7d7a830bcbc42,1,0.0,-10.0,0.0,0.0,High rate monitoring,0.005604665660905671
eb4df17aed01d918c65f0f8d650900c0,11,0.2727272727272727,-10.545454545454543,0.1818181818181818,0.5454545454545454,High volume high risk,0.44824879223941394
eb5b6204dde3a6e03b5f1bb8479f055b,19,0.0526315789473684,-13.263157894736842,0.1052631578947368,0.1052631578947368,High volume high risk,0.2914020712515764
eb72802c83dc7547529c9546d1a9b8ef,8,0.0,-11.5,0.125,0.0,High volume high risk,0.09978077788870196
eb9267cccc90f1b49c8d2f9887c7dd97,1,0.0,-10.0,0.0,0.0,High rate monitoring,0.005604665660905671
eb9cd5b35d95206585e2185318cb5c61,2,0.0,-5.0,0.5,0.0,High rate monitoring,0.0629624726501831
eba88037e1dca898cd02881f67ced679,6,0.1666666666666666,-10.166666666666666,0.1666666666666666,0.1666666666666666,High rate monitoring,0.313195279882799
ebd1417732defaf66c50b5a800eb293e,1,0.0,-22.0,0.0,0.0,High rate monitoring,0.005604665660905671
ebd2d60905fb58271facef5596b620d3,82,0.0365853658536585,-11.475609756097562,0.0975609756097561,0.2926829268292683,High volume high risk,0.3264874392670026
ebe3dabc4955c9b0d695e7bda38bf5c3,1,1.0,4.0,0.0,0.0,High rate monitoring,0.019452846636849968
ebef8d8c92b4fd3226e5d407bbff21ac,3,0.3333333333333333,12.666666666666666,0.3333333333333333,0.3333333333333333,High rate monitoring,0.2754296170561858
ec21206b7894c503788a684a7bc822a6,1,0.0,-20.0,0.0,0.0,High rate monitoring,0.005604665660905671
ec2e006556300a79a5a91e4876ab3a56,2,0.5,1.0,1.0,1.0,High rate monitoring,0.22277403617624855
ec4608a1f76453166bb312b2968aeaf4,17,0.1764705882352941,-6.588235294117647,0.2941176470588235,0.8823529411764706,High volume high risk,0.5570767901898739
ec5c1d94df153d473b37f880977ae58e,2,0.0,-28.5,0.5,0.0,High rate monitoring,0.0629624726501831
ec80e49e69745ab6c14f984bf2149423,12,0.0833333333333333,-10.416666666666666,0.0833333333333333,0.0833333333333333,High volume high risk,0.25755065305757413
ec8463980a4e0ea9f8517aea1ed0c419,2,0.5,-3.0,0.0,0.0,High rate monitoring,0.048994323943215214
ec8879960bd2221d5c32f8e12f7da711,35,0.1714285714285714,-8.714285714285714,0.1142857142857142,0.6857142857142857,High volume high risk,0.4536383970683645
ec933281fb017b5020d06df29c3f77e8,8,0.0,-13.25,0.0,0.0,High volume high risk,0.03345056507114092
ecccfa2bb93b34a3bf033cc5d1dcdc69,12,0.1666666666666666,-20.25,0.4166666666666667,0.8333333333333334,High volume high risk,0.5298150352508753
ececbfcff9804a2d6b40f589df8eef2b,97,0.0927835051546391,-11.371134020618555,0.134020618556701,1.2061855670103092,High volume high risk,0.49034377165832
ed4311e67debd72b8610a5347a743087,25,0.04,-8.64,0.04,0.04,High volume high risk,0.21962310311907293
ed46f1eb4a638113deb2a1137b5f22e9,4,0.0,-13.0,0.25,0.0,High rate monitoring,0.09258044243368588
ed49da7cadefc454d6a67de249eab240,1,0.0,-46.0,0.0,0.0,High rate monitoring,0.005604665660905671
ed4acab38528488b65a9a9c603ff024a,31,0.0,-12.806451612903226,0.1935483870967742,0.0,High volume high risk,0.17965643539889367
ed859002ad59dbf8cf3602696a6c3000,6,0.0,-31.166666666666668,0.1666666666666666,0.0,High rate monitoring,0.10037627761305193
ed8cb7b190ceb6067227478e48cf8dde,15,0.0666666666666666,-10.2,0.3333333333333333,0.3333333333333333,High volume high risk,0.44113724910225266
ed9eef5be0992d413d251fadba1a410d,3,0.0,-22.0,0.0,0.0,High rate monitoring,0.01976766622300808
edb1ef5e36e0c8cd84eb3c9b003e486d,165,0.0727272727272727,-13.503030303030304,0.0727272727272727,0.8727272727272727,High volume high risk,0.35843976009227857
edb58a1390adf273840030a3d6253829,1,0.0,-12.0,0.0,0.0,High rate monitoring,0.005604665660905671
edb65fe661681b1c0de8bd47c8655855,1,0.0,-7.0,0.0,0.0,High rate monitoring,0.005604665660905671
edc518ba25576a0188a0e8f2c3af186f,6,0.0,-8.333333333333334,0.3333333333333333,0.0,High rate monitoring,0.1215665732933869
edd066cd02126d7800f9b66e980e9931,6,0.1666666666666666,-13.333333333333334,0.0,0.0,High rate monitoring,0.09115121150799908
eddd1991bd6d9309995a480c39b95137,2,0.0,-7.5,0.0,0.0,High rate monitoring,0.014382177431523306
ede0c03645598cdfc63ca8237acbe73d,43,0.3255813953488372,-4.116279069767442,0.2790697674418604,3.906976744186047,High volume high risk,0.6960881905130961
ede2977fbaf3738583170735ca403f6c,1,0.0,-15.0,0.0,0.0,High rate monitoring,0.005604665660905671
edf3fabebcc20f7463cc9c53da932ea8,1,1.0,4.0,0.0,0.0,High rate monitoring,0.019452846636849968
edf96ef93ed595084bbcbd9224bd2894,25,0.08,-8.76,0.12,0.24,High volume high risk,0.3674676283633533
ee27a8f15b1dded4d213a468ba4eb391,1,0.0,-23.0,0.0,0.0,High rate monitoring,0.005604665660905671
ee2fbacc2fc3794e656cc4d933d59ce7,2,0.0,-13.5,0.0,0.0,High rate monitoring,0.014382177431523306
eeb6de78f79159600292e314a77cbd18,82,0.0365853658536585,-16.878048780487806,0.0609756097560975,0.1829268292682926,High volume high risk,0.27284197663125836
eebb3372362aa9a46975164bed19a7e7,4,0.5,27.0,0.25,0.5,High rate monitoring,0.3153845242835227
eec3469d83e142f9a104886655338c37,4,0.0,-18.0,0.0,0.0,High rate monitoring,0.023556294965854933
eed78ac17f7f795a19a709745f00cd4e,22,0.0,-13.227272727272728,0.2272727272727272,0.0,High volume high risk,0.17827176453493357
ef0ace09169ac090589d85746e3e036f,128,0.078125,-11.3046875,0.078125,0.78125,High volume high risk,0.36890026877167637
ef2fbc2b607d8492bcffe657a4645434,19,0.1052631578947368,-10.263157894736842,0.2105263157894736,0.4210526315789473,High volume high risk,0.48195382528707353
ef30892870c278497523264be1be2241,9,0.0,-16.444444444444443,0.1111111111111111,0.0,High volume high risk,0.09926878221157719
ef506c96320abeedfb894c34db06f478,316,0.0791139240506329,-11.091772151898734,0.1613924050632911,4.034810126582278,High volume high risk,0.5415645000492976
ef728fa1f17436c91ed1ccd03dcf9631,3,0.0,-9.666666666666666,0.0,0.0,High rate monitoring,0.01976766622300808
ef990a83bbea832f36ebe81376335aa8,43,0.2093023255813953,-8.465116279069768,0.2558139534883721,2.302325581395349,High volume high risk,0.6699883417093311
ef9952469137ff190bacafe117f51537,5,0.0,-17.0,0.0,0.0,High rate monitoring,0.026583023162619634
efb628aa07c8ca93d7db0d85b91a4f5a,1,1.0,1.0,0.0,0.0,High rate monitoring,0.019452846636849968
efcd8d2104f1a05d028af7bad20d974b,46,0.0217391304347826,-14.434782608695652,0.0869565217391304,0.0869565217391304,High volume high risk,0.27094569843934707
efff9341f3f8f5237b44ff67ed36a7bf,5,0.0,-9.4,0.0,0.0,High rate monitoring,0.026583023162619634
f00e21b1e91a79653163b7fd8f293ff1,31,0.032258064516129,-16.225806451612904,0.1290322580645161,0.1290322580645161,High volume high risk,0.3232352050759611
f00f5b35d0abcacbdd863672f4bb2c1a,1,0.0,-21.0,0.0,0.0,High rate monitoring,0.005604665660905671
f021c962aaba8ef6eb527a9c2c8394d1,5,0.0,-16.4,0.2,0.0,High rate monitoring,0.09830975284422638
f049a72cf58fd31b11f8919cade515e7,3,0.0,-17.0,0.3333333333333333,0.0,High rate monitoring,0.08226048224997312
f0837c8d71434931d9e38e7b79234797,22,0.0454545454545454,-19.954545454545453,0.0,0.0,High volume high risk,0.10633762788583725
f08a5b9dd6767129688d001acafc21e5,11,0.0,-9.727272727272728,0.0909090909090909,0.0,High volume high risk,0.09704011562701577
f08c008c8a8d31417763738a1788a2a8,20,0.15,-6.1,0.25,0.75,High volume high risk,0.5484862743912501
f09b760d23495ac9a7e00d29b769007c,1,0.0,-11.0,0.0,0.0,High rate monitoring,0.005604665660905671
f0b47fbbc6dee9aafe415a6e33051b3f,67,0.1044776119402985,-12.238805970149254,0.1194029850746268,0.835820895522388,High volume high risk,0.4588081357739556
f0e103c63864d5405b958d984b6e94c9,11,0.0,-12.0,0.0,0.0,High volume high risk,0.03814721227301718
f0ec78809fe0bc3edb11c9fe5b97b059,2,0.0,-10.0,0.0,0.0,High rate monitoring,0.014382177431523306
f114dca2828bf718548db175ebe2cfcd,1,0.0,-22.0,1.0,0.0,High rate monitoring,0.02548405387010717
f1198c871e0171278b63f40d112caeec,2,0.0,-7.5,0.0,0.0,High rate monitoring,0.014382177431523306
f125f3a310c2e5f822d116147de1e474,16,0.125,-8.0625,0.0625,0.125,High volume high risk,0.2810666195563315
f12d3c2a14729ae461b920c11fe20fdc,9,0.0,-11.0,0.0,0.0,High volume high risk,0.03530834996432753
f12ff17ad8bbf01ec5c33b17e506649b,28,0.1071428571428571,-10.428571428571429,0.1428571428571428,0.4285714285714285,High volume high risk,0.44097371059505025
f18112da765e0971ca5d510dec322bdd,2,0.0,-7.5,0.0,0.0,High rate monitoring,0.014382177431523306
f181738b150df1f37cb0bd72e705b193,36,0.0833333333333333,-9.97222222222222,0.0555555555555555,0.1666666666666666,High volume high risk,0.2933010772395359
f19516b9ff26bfeb091b30108db4ddbd,3,0.0,-18.333333333333332,0.3333333333333333,0.0,High rate monitoring,0.08226048224997312
f1b854361f4e15d5851b494df66f22b2,3,0.0,-12.333333333333334,0.3333333333333333,0.0,High rate monitoring,0.08226048224997312
f1b93673502375d491780bb49d615dbc,8,0.125,-6.125,0.375,0.375,High volume high risk,0.4214983025898508
f1c1ac3f3efc07e659c035008e615e66,3,0.0,-13.333333333333334,0.3333333333333333,0.0,High rate monitoring,0.08226048224997312
f1ce5fdecd64935c28b9ff932751d0dc,2,0.0,-8.0,0.0,0.0,High rate monitoring,0.014382177431523306
f1ed6bd0a9b11b581f16c851c6a5a527,17,0.0588235294117647,-9.352941176470589,0.0588235294117647,0.0588235294117647,High volume high risk,0.2332388504299534
f1fd5ab1181f827ffad998c1a5de7d74,15,0.0,-12.866666666666667,0.0,0.0,High volume high risk,0.0420610849412474
f1fdf2d13186575751aa25876536d85c,1,0.0,-6.0,0.0,0.0,High rate monitoring,0.005604665660905671
f205b1a3ca9a34e0f8a228bae6e4c7b3,8,0.0,-10.375,0.0,0.0,High volume high risk,0.03345056507114092
f214d28e8d8e3ef068748498ccc2f813,52,0.0769230769230769,-12.692307692307692,0.0961538461538461,0.3846153846153846,High volume high risk,0.3683123944268725
f22a247b79dd22ecd91dc8e3b2a1b07c,8,0.25,1.625,0.125,0.25,High volume high risk,0.326095577001026
f2336e113377dd21c744d9c4fc8293a9,4,0.0,-15.0,0.0,0.0,High rate monitoring,0.023556294965854933
f235413f677777a0738ff215d0184901,2,0.0,-33.0,0.0,0.0,High rate monitoring,0.014382177431523306
f25e239052084705e17a982bc600ab2a,8,0.0,-12.25,0.125,0.0,High volume high risk,0.09978077788870196
f262cbc1c910c83959f849465454ddd3,189,0.074074074074074,-9.724867724867725,0.1375661375661375,1.9259259259259256,High volume high risk,0.4841527770382195
f266295f49a28eee21f413e0cbb0521d,2,0.0,-9.0,0.0,0.0,High rate monitoring,0.014382177431523306
f26d70155c2b6326fcfa1780c8c684e4,1,0.0,-13.0,0.0,0.0,High rate monitoring,0.005604665660905671
f27e33c6d29b5138fa9967bcd445b6d5,93,0.086021505376344,-10.333333333333334,0.1612903225806451,1.2903225806451613,High volume high risk,0.5179885654567037
f3041c2e75ec683697a6a5ea82192210,1,0.0,-21.0,0.0,0.0,High rate monitoring,0.005604665660905671
f307937c1bb287c3efc2a514b94b0d1d,1,0.0,-20.0,0.0,0.0,High rate monitoring,0.005604665660905671
f326006815956455b2859abd58fe7e39,9,0.0,-12.555555555555555,0.0,0.0,High volume high risk,0.03530834996432753
f3295428338a40977a03f555246a70f4,7,0.1428571428571428,-10.285714285714286,0.2857142857142857,0.2857142857142857,High volume high risk,0.3862055330367238
f3511c85f59f8dec53d140501ee8e7a8,1,0.0,-10.0,0.0,0.0,High rate monitoring,0.005604665660905671
f356c348fbc8df6a882823e21f5ce8b7,2,0.0,-24.0,0.5,0.0,High rate monitoring,0.0629624726501831
f35b3c613c4f7b2275f4185d0a3c59ec,9,0.1111111111111111,-8.11111111111111,0.1111111111111111,0.1111111111111111,High volume high risk,0.28546355756776465
f35becee938e982bd615edf8ef12bcfb,6,0.0,-13.833333333333334,0.1666666666666666,0.0,High rate monitoring,0.10037627761305193
f3862c2188522d89860c38a3ea8b550d,1,0.0,-8.0,0.0,0.0,High rate monitoring,0.005604665660905671
f3975e8a41157005d4bcbb358678cd9b,2,0.0,-5.5,0.0,0.0,High rate monitoring,0.014382177431523306
f3b80352b986ab4d1057a4b724be19d0,86,0.0,-13.16279069767442,0.1162790697674418,0.0,High volume high risk,0.16341627874691397
f3c38ab652836d21de61fb8314b69182,15,0.0,-11.133333333333333,0.0666666666666666,0.0,High volume high risk,0.09508611444437154
f3da5b2ff499efb8d4a6d371d175d7dd,77,0.1168831168831168,-7.961038961038961,0.1818181818181818,1.6363636363636365,High volume high risk,0.5830604758888183
f410c8873029fcc3809b9df6d0b28914,2,0.0,-7.5,0.0,0.0,High rate monitoring,0.014382177431523306
f419677537694f0462a91990df6ca44f,6,0.1666666666666666,-6.333333333333333,0.1666666666666666,0.1666666666666666,High rate monitoring,0.313195279882799
f41ce2e25237f9092cd8e6e7516c7a2f,26,0.0,-14.307692307692308,0.0384615384615384,0.0,High volume high risk,0.09877052709182084
f435898e493ba0356019a0b1cb8b55b1,10,0.0,-20.7,0.1,0.0,High volume high risk,0.09823884768165966
f43827dd686be3a4a80e00aa299990fb,1,0.0,-14.0,1.0,0.0,High rate monitoring,0.02548405387010717
f44b6f775a2b390380e0e30b5c9d3eee,10,0.0,-12.3,0.0,0.0,High volume high risk,0.036821714062709884
f44bdc12aa39f5271f0b95f66cd4c289,5,0.2,-5.0,0.4,0.4,High rate monitoring,0.36372318635801953
f45122a9ab94eb4f3f8953578bc0c560,184,0.0706521739130434,-10.331521739130435,0.1739130434782608,2.260869565217391,High volume high risk,0.5371131057998044
f457c46070d02cadd8a68551231220dd,195,0.0564102564102564,-12.184615384615384,0.2,2.2,High volume high risk,0.5381938557083952
f46490624488d3ff7ce78613913a7711,80,0.1125,-8.825,0.2375,2.1374999999999997,High volume high risk,0.6315135468551447
f4a04f7be452aa3bb31760bf00055dd0,18,0.0,-19.88888888888889,0.0,0.0,High volume high risk,0.04432591259192995
f4aba7c0bca51484c30ab7bdc34bcdd1,108,0.0555555555555555,-15.675925925925926,0.1574074074074074,0.9444444444444444,High volume high risk,0.465266399727186
f4c4daa86e30c7e5a553a8d518ac03a5,18,0.0555555555555555,-13.555555555555555,0.1666666666666666,0.1666666666666666,High volume high risk,0.36680330830534746
f4ce8ca9fa7157e3b33f536ac9a4487d,4,0.0,-7.5,0.0,0.0,High rate monitoring,0.023556294965854933
f4db9b37944bcb8873e6b456ee190bbf,21,0.0952380952380952,-11.333333333333334,0.0,0.0,High volume high risk,0.1273711163317241
f524ad65d7e0f1daab730ef2d2e86196,1,1.0,3.0,1.0,1.0,High rate monitoring,0.08845084106949393
f52c2422904463fdd7741f99045fecb6,12,0.0,-10.083333333333334,0.0833333333333333,0.0,High volume high risk,0.09648199961119279
f593898ec748b7a8cb81fc04edafd98a,19,0.1578947368421052,-13.894736842105264,0.2631578947368421,0.7894736842105263,High volume high risk,0.5544074980724727
f5a590cf36251cf1162ea35bef76fe84,113,0.0707964601769911,-11.053097345132745,0.1061946902654867,0.8495575221238938,High volume high risk,0.408120750407864
f5b44895715ddfe3087dc414f30268f3,19,0.0,-9.736842105263158,0.1578947368421052,0.0,High volume high risk,0.1499219097383613
f5b84683a9bf9e1df748cf40f601b39c,1,0.0,-46.0,0.0,0.0,High rate monitoring,0.005604665660905671
f5f1f2c5f923f36ad79ea1d07185ddc9,10,0.1,-7.9,0.2,0.2,High volume high risk,0.381963044381165
f5f2ab9bdb6b30c14c61be68c5ed37da,18,0.0555555555555555,-14.944444444444445,0.1111111111111111,0.1111111111111111,High volume high risk,0.30013438457859093
f5f46307a4d15880ca14fab4ad9dfc9b,9,0.1111111111111111,-11.11111111111111,0.1111111111111111,0.1111111111111111,High volume high risk,0.28546355756776465
f5fea3ffed6c2e889bab72705557c63a,1,1.0,1.0,0.0,0.0,High rate monitoring,0.019452846636849968
f6122bc84774df1b372bdb3bb88ddb9f,3,0.3333333333333333,-5.666666666666667,0.3333333333333333,0.3333333333333333,High rate monitoring,0.2754296170561858
f615fe7efbef0f4f08fd3086bc7a3e60,22,0.0909090909090909,-12.954545454545457,0.1363636363636363,0.2727272727272727,High volume high risk,0.3940500706483259
f61c63d13f7cd800549d5acdd390ae72,26,0.0769230769230769,-11.23076923076923,0.1153846153846153,0.2307692307692307,High volume high risk,0.35933907369828305
f626e15b7314c267e4429010866f70e9,5,0.0,-16.8,0.2,0.0,High rate monitoring,0.09830975284422638
f62d7bb4a613ec758a03342d46b580b2,32,0.09375,-9.6875,0.0625,0.1875,High volume high risk,0.304923700151534
f63d8f293af3a6454377546bd9dd19ff,17,0.0588235294117647,-12.941176470588236,0.1176470588235294,0.1176470588235294,High volume high risk,0.30883470478916525
f650a9708fa1bab22bdd8d3a818cc415,4,0.0,-21.25,0.25,0.0,High rate monitoring,0.09258044243368588
f664f98bfda2eaf266a23ff144e7a872,2,0.0,-10.0,0.5,0.0,High rate monitoring,0.0629624726501831
f67efa3f0b6761102a7f8c6b7b571f5d,31,0.0,-18.29032258064516,0.064516129032258,0.0,High volume high risk,0.11034832720807367
f680f85bee2d253556ac91be391d2c82,45,0.0222222222222222,-12.77777777777778,0.0666666666666666,0.0666666666666666,High volume high risk,0.24555664994902485
f682e0f848abafc6f41e0d4e868c66ef,2,0.5,-2.0,0.0,0.0,High rate monitoring,0.048994323943215214
f7315bb81aea4ddca2d39e249a801c98,2,0.0,-6.5,0.0,0.0,High rate monitoring,0.014382177431523306
f7496d659ca9fdaf323c0aae84176632,25,0.04,-21.08,0.08,0.08,High volume high risk,0.25467722148877137
f76a3b1349b6df1ee875d1f3fa4340f0,24,0.2916666666666667,-5.541666666666667,0.2916666666666667,2.041666666666667,High volume high risk,0.632595684423049
f7720c4fa8e3aba4546301ab80ea1f1b,59,0.0508474576271186,-14.05084745762712,0.0677966101694915,0.2033898305084746,High volume high risk,0.291377009389202
f783a638e9c6af4a7d0dbfde811e7a81,5,0.2,-4.0,0.2,0.2,High rate monitoring,0.31422044751154027
f789d2c4f2c2eb38fc4373e7a4b35264,44,0.0454545454545454,-15.045454545454543,0.1363636363636363,0.2727272727272727,High volume high risk,0.3721138659320477
f7ba60f8c3f99e7ee4042fdef03b70c4,218,0.1376146788990825,-9.05045871559633,0.1055045871559633,3.165137614678899,High volume high risk,0.49971485215725603
f7c31656c19db6275a8acadca289f426,1,0.0,-9.0,0.0,0.0,High rate monitoring,0.005604665660905671
f7ccf836d21b2fb1de37564105216cc1,69,0.072463768115942,-9.0,0.1884057971014492,0.9420289855072465,High volume high risk,0.5188915223841082
f805b96fa705ba7995a221f1749dc141,7,0.0,-13.285714285714286,0.0,0.0,High volume high risk,0.03143622527122511
f80edd2c5aaa505cc4b0a3b219abf4b8,116,0.0517241379310344,-12.327586206896552,0.1379310344827586,0.8275862068965517,High volume high risk,0.42876096228527955
f8201cab383e484733266d1906e2fdfa,10,0.1,-11.7,0.1,0.1,High volume high risk,0.27555504712121387
f84a00e60c73a49e7e851c9bdca3a5bb,88,0.1022727272727272,-10.443181818181818,0.1931818181818181,1.7386363636363635,High volume high risk,0.5834676561898274
f84fa566034f5e8e880a07ec624c56af,89,0.1011235955056179,-7.573033707865169,0.1123595505617977,1.0112359550561798,High volume high risk,0.45816793091995733
f88adb15807168d3c43d71021090ce4a,3,0.0,-15.0,0.3333333333333333,0.0,High rate monitoring,0.08226048224997312
f8d5c7085db9a4ad2b8c1ffbeb2798c8,6,0.0,-16.0,0.0,0.0,High rate monitoring,0.02921314559567034
f8db351d8c4c4c22c6835c19a46f01b0,659,0.0424886191198786,-11.93019726858877,0.0955993930197268,2.676783004552352,High volume high risk,0.36549080079286744
f8e2c1b59cd4225a3e4fd0d013a76b93,2,0.0,-18.0,0.0,0.0,High rate monitoring,0.014382177431523306
f8f35af4634605e6693c17cc3ffff5a8,1,0.0,-14.0,0.0,0.0,High rate monitoring,0.005604665660905671
f90f77ef2799a27f80d90c425ca944f7,1,0.0,-20.0,0.0,0.0,High rate monitoring,0.005604665660905671
f918546be4bec7104d117789ba758b2b,20,0.15,-8.55,0.2,0.6000000000000001,High volume high risk,0.5161141077818968
f9244d45189d3a3605499abddeade7d5,20,0.0,-24.25,0.05,0.0,High volume high risk,0.09644643772082016
f92d8c817434bd2d84d4e9c61322b7fa,5,0.0,-9.0,0.0,0.0,High rate monitoring,0.026583023162619634
f97e2b0650c2068227e1d366140eb62f,16,0.0625,-19.375,0.1875,0.1875,High volume high risk,0.38179803894832265
f9903dd0f812c7e771fcad47b6fff231,10,0.0,-18.1,0.3,0.0,High volume high risk,0.14971497548693755
f9bbdd976532d50b7816d285a22bd01e,1,0.0,-18.0,0.0,0.0,High rate monitoring,0.005604665660905671
f9d010e39375d9c91dce3f40b73a2f84,4,0.25,-7.5,0.25,0.25,High rate monitoring,0.3025640151663063
f9ec7093df3a7b346b7bcf7864069ca3,9,0.0,-7.666666666666667,0.0,0.0,High volume high risk,0.03530834996432753
f9eedec3129e8cc6b6429c42d0808c5b,2,0.0,-9.0,0.0,0.0,High rate monitoring,0.014382177431523306
f9f68daa2af419d38f745478bcb3da1a,1,0.0,-27.0,0.0,0.0,High rate monitoring,0.005604665660905671
fa14641f57b655e933124a9ea49cd7a5,7,0.0,-12.0,0.0,0.0,High volume high risk,0.03143622527122511
fa1a9dec3a9940c072684a46728bf1fc,55,0.0,-15.472727272727273,0.1272727272727272,0.0,High volume high risk,0.1632889781912586
fa1c13f2614d7b5c4749cbc52fecda94,578,0.0916955017301038,-10.314878892733564,0.0951557093425605,5.0432525951557095,High volume high risk,0.4421767723145133
fa3a0b5aabb344b9a92e3524b0202123,7,0.1428571428571428,-14.571428571428571,0.1428571428571428,0.1428571428571428,High volume high risk,0.3059222694928746
fa40cc5b934574b62717c68f3d678b6d,304,0.0526315789473684,-11.1875,0.0723684210526315,1.1578947368421053,High volume high risk,0.3354159359736114
fa5fdc4e4bb6bd1009ad0e4ac4096562,1,0.0,-58.0,0.0,0.0,High rate monitoring,0.005604665660905671
fa74b2f3287d296e9fbd2cc80f2d1cf1,5,0.4,-5.6,0.4,0.8,High rate monitoring,0.38477943276591375
fa8d335d68129e464e60c1826a683e96,1,0.0,-11.0,0.0,0.0,High rate monitoring,0.005604665660905671
fac1a9017ade7bdc94058fc1c969f355,9,0.0,-10.88888888888889,0.0,0.0,High volume high risk,0.03530834996432753
fac35d150712afb921ec59ac5f39bb11,5,0.0,-17.2,0.0,0.0,High rate monitoring,0.026583023162619634
fad44952713764836814be105382aee5,32,0.0,-11.96875,0.0625,0.0,High volume high risk,0.11016723848353274
fadb07c842a2aef5d5a676b85f220e71,7,0.0,-16.0,0.0,0.0,High volume high risk,0.03143622527122511
fb3cfbc8a86f5d7fbb4d36b8df63f60d,10,0.0,-12.0,0.1,0.0,High volume high risk,0.09823884768165966
fb503a924a0b9db19d83dd0ac6dbef8c,1,0.0,-18.0,0.0,0.0,High rate monitoring,0.005604665660905671
fb8904a8ea99f8831b64ce27db2c1765,2,0.0,-3.0,0.0,0.0,High rate monitoring,0.014382177431523306
fb89df7f89fd1b8f03fa2acca1ba7364,22,0.0909090909090909,-9.227272727272728,0.1818181818181818,0.3636363636363636,High volume high risk,0.45267967605861703
fbc14c0cf93505ef89f64665ffa4a7b5,18,0.0555555555555555,-13.88888888888889,0.1111111111111111,0.1111111111111111,High volume high risk,0.30013438457859093
fc0b214b59a83615fea981c6424a02ae,1,0.0,-6.0,0.0,0.0,High rate monitoring,0.005604665660905671
fc38b5dceee1a730fad8853453437fbd,5,0.0,-14.2,0.0,0.0,High rate monitoring,0.026583023162619634
fc4751cfe3b279c419615b9b00c1abb4,1,0.0,-28.0,0.0,0.0,High rate monitoring,0.005604665660905671
fc59392d66ef99377e50356ee4f3b4e1,5,0.0,-14.4,0.4,0.0,High rate monitoring,0.11379761195603968
fc5a0d7a310a7a41abf86a458585ff2b,1,0.0,-19.0,0.0,0.0,High rate monitoring,0.005604665660905671
fc6295add6f51a0936407ead70c1001d,1,0.0,-9.0,1.0,0.0,High rate monitoring,0.02548405387010717
fc906263ca5083d09dce42fe02247800,112,0.0,-14.830357142857142,0.0982142857142857,0.0,High volume high risk,0.15360349654342897
fc908879b9ca1bd65419e54e50432d38,4,0.0,-11.25,0.0,0.0,High rate monitoring,0.023556294965854933
fcb5ace8bcc92f75707dc0f01a27d269,59,0.0338983050847457,-9.33898305084746,0.135593220338983,0.2711864406779661,High volume high risk,0.3644935514913634
fcba71d4d5db057f43249145e4eb1e27,3,0.0,-7.666666666666667,0.0,0.0,High rate monitoring,0.01976766622300808
fcdd820084f17e9982427971e4e9d47f,16,0.125,-15.875,0.1875,0.375,High volume high risk,0.45752055823437854
fce62094ffe6a4009188ec44e681dfdd,4,0.25,-38.0,0.25,0.25,High rate monitoring,0.3025640151663063
fcf16b7a8697e559f0123190bb30177d,3,0.6666666666666666,0.3333333333333333,0.3333333333333333,0.6666666666666666,High rate monitoring,0.2827007262709742
fd312b6bf05efac6c3772d5b52205d8a,2,0.0,-12.5,0.0,0.0,High rate monitoring,0.014382177431523306
fd386aa7bed2af3c7035c65506c9b4a3,69,0.1014492753623188,-10.043478260869565,0.144927536231884,1.0144927536231885,High volume high risk,0.5103944340868124
fd435faa3c0422b60440ea3480d0e77c,1,0.0,-14.0,0.0,0.0,High rate monitoring,0.005604665660905671
fdaaf5bfda82b7b80535610c831b8d09,10,0.1,-12.5,0.2,0.2,High volume high risk,0.381963044381165
fdb9095204a334cd8872252ffec6f2db,46,0.0652173913043478,-11.130434782608695,0.1304347826086956,0.3913043478260869,High volume high risk,0.4030566549589354
fde0cc9ea29c8ccfc0a2c22256a58c71,35,0.0285714285714285,-16.34285714285714,0.0857142857142857,0.0857142857142857,High volume high risk,0.2642288995835686
fdf736c18c589ed030e058312203e1b2,1,0.0,-3.0,0.0,0.0,High rate monitoring,0.005604665660905671
fe19dce63ae80346207c6c55713d1023,1,0.0,-22.0,0.0,0.0,High rate monitoring,0.005604665660905671
fe1b067411b8c5066e962aa146ccee03,8,0.0,-9.625,0.0,0.0,High volume high risk,0.03345056507114092
fe1bbc5feda5c8979a8a1b3b2512d5a6,9,0.1111111111111111,-13.77777777777778,0.0,0.0,High volume high risk,0.10153491327396486
fe2032dab1a61af8794248c8196565c9,293,0.0887372013651877,-10.9419795221843,0.0955631399317406,2.484641638225256,High volume high risk,0.4322813187824921
fe26f3ecb51a15e6d8335cd92da42562,7,0.1428571428571428,-10.428571428571429,0.0,0.0,High volume high risk,0.09564244612571315
fe49ee029e61e789a1f3a5525f57ba8d,16,0.0625,-11.875,0.125,0.125,High volume high risk,0.3157697267705529
fe4cd9461203cee790d36792420b310f,3,0.0,-10.0,0.0,0.0,High rate monitoring,0.01976766622300808
fe701d88b67eaca109dffd464d1be9f9,10,0.1,-15.9,0.1,0.1,High volume high risk,0.27555504712121387
fe8055980a4ff7f64ed889c2b5926929,3,0.0,-15.333333333333334,0.0,0.0,High rate monitoring,0.01976766622300808
fe87f472055fbcf1d7e691c00b1560dc,6,0.1666666666666666,-3.0,0.0,0.0,High rate monitoring,0.09115121150799908
fe9d9cf8631285d5982c6e2cf27fb114,1,0.0,-14.0,0.0,0.0,High rate monitoring,0.005604665660905671
feb793c88d836c3a75efa4b5a3465d70,1,0.0,-8.0,0.0,0.0,High rate monitoring,0.005604665660905671
febab0275244b9a49a623f0bd613ca2f,106,0.0377358490566037,-11.650943396226417,0.0754716981132075,0.3018867924528302,High volume high risk,0.3002337408795296
fec6275253471ace26d209bbaa64cd0f,9,0.0,-17.333333333333332,0.1111111111111111,0.0,High volume high risk,0.09926878221157719
fec8cd45395b3cb0c2b173d7739706a1,4,0.0,-11.25,0.0,0.0,High rate monitoring,0.023556294965854933
fedaedd3ca31d56ab33e92035e4b361c,1,0.0,-44.0,0.0,0.0,High rate monitoring,0.005604665660905671
fedf2c1386e137f296b3bbf3b635e69d,2,0.0,-18.5,0.5,0.0,High rate monitoring,0.0629624726501831
ff063b022a9a0aab91bad2c9088760b7,94,0.0319148936170212,-11.893617021276595,0.0851063829787234,0.2553191489361702,High volume high risk,0.30371155542623307
ff1e15b778c700abdd4d239b81ac466d,7,0.0,-8.0,0.0,0.0,High volume high risk,0.03143622527122511
ff1fb4c404b2efe68b03350a8dc24122,46,0.1304347826086956,-8.73913043478261,0.1739130434782608,1.0434782608695652,High volume high risk,0.5548202676013614
ff314fa6033cc68ec451c47aee2d6ba4,2,0.0,-20.5,0.0,0.0,High rate monitoring,0.014382177431523306
ff4e2d38692ce827b1a4f4b8196e680d,11,0.0,-14.090909090909092,0.0909090909090909,0.0,High volume high risk,0.09704011562701577
ff4ea69c2a729e83e63c7579e4ef8170,8,0.0,-12.25,0.0,0.0,High volume high risk,0.03345056507114092
ff69aa92bb6b1bf9b8b7a51c2ed9cf8b,20,0.2,-9.1,0.3,1.2,High volume high risk,0.5902872358589123
ff82e8873fba613f2261a9acc896fd84,4,0.0,-15.25,0.25,0.0,High rate monitoring,0.09258044243368588
ffa6adafb71b807dc13159e26431354c,17,0.0,-12.705882352941176,0.1176470588235294,0.0,High volume high risk,0.1263482386757988
ffad1e7127fb622cb64a900751590acd,10,0.0,-11.8,0.0,0.0,High volume high risk,0.036821714062709884
ffc470761de7d0232558ba5e786e57b7,27,0.037037037037037,-11.814814814814817,0.037037037037037,0.037037037037037,High volume high risk,0.2175798282472913
ffdd9f82b9a447f6f8d4b91554cc7dd3,18,0.0,-12.38888888888889,0.1111111111111111,0.0,High volume high risk,0.12462149513821114
ffeee66ac5d5a62fe688b9d26f83f534,14,0.1428571428571428,-8.357142857142858,0.1428571428571428,0.2857142857142857,High volume high risk,0.4019038580289856
fffd5413c0700ac820c7069d66d98c89,57,0.1228070175438596,-11.228070175438596,0.2105263157894736,1.4736842105263157,High volume high risk,0.6021532735442031
ffff564a4f9085cd26170f4732393726,8,0.0,-48.0,0.375,0.0,High volume high risk,0.14228816779291362
